_time,AP_channel,RSSI,channel_width,client_ID,client_opportunity_medium_use,distance_m,download_packet_loss,download_retrans,download_tcp_rtt_ms,jitter_ms,latency_ms,link_speed_mbps,local,obstacles,radio,router_expected_throughput_mbps,router_noise,router_opportunity_medium_use,router_rx_drop_misc,router_rx_duration_us,router_rx_rate_mbps,router_signal_avg_dbm,router_signal_dbm,router_snr,router_tx_duration_us,router_tx_failed,router_tx_rate_mbps,router_tx_retries,signal_level,site_survey_same_channel_aps,site_survey_strongest_channel,site_survey_strongest_rssi,site_survey_total_aps,speedtest_down_mbps,speedtest_up_mbps,upload_packet_loss,upload_retrans,upload_tcp_rtt_ms,qoe_dw_score
2026-07-10 16:56:49.600000+00:00,48,-49,80.0,2.0,5,2.0,0.07629699002918851,260640,10.319,0.006482548121892381,0.009797647783883728,433,cwpb-2m,0,1.0,330.359,-92.0,13,2.0,6734152.0,234.0,-67.0,-68.0,25.0,3042408.0,1239.0,390.0,1236.0,,4,3.0,-26.0,43,0.14769887771117837,0.271367150528618,0.004657901122451636,42,19.83,0.41906602823979633
2026-07-10 16:58:12.081000+00:00,48,-29,80.0,1.0,6,2.0,6.103306863465437e-05,1448,2.341,0.003591788509821296,0.0021026141441117556,867,cwpb-2m,0,1.0,619.0,-90.0,13,0.0,6653088.0,650.0,-59.0,-60.0,31.0,8241293.0,6891.0,780.0,6891.0,,5,3.0,-28.0,89,0.8700847520648125,0.6716133737427131,0.0,0,2.222,1.5416981258075255
2026-07-10 17:02:25.223000+00:00,48,-50,80.0,2.0,4,2.0,0.25278002481105616,2099192,13.119,0.014119037069856743,0.011221817061270609,433,cwpb-2m,0,1.0,330.359,-92.0,13,2.0,6615036.0,263.3,-65.0,-66.0,27.0,5361745.0,2686.0,390.0,2685.0,,3,3.0,-32.0,40,0.312840205270693,0.28363539591393133,0.27387927925079447,2407,19.577,0.5964756011846244
2026-07-10 17:04:00.922000+00:00,48,-35,80.0,1.0,8,2.0,0.0,0,1.629,0.009749421552700241,0.003413794874428638,780,cwpb-2m,0,1.0,619.0,-91.0,13,0.0,6265678.0,780.0,-61.0,-61.0,30.0,8368457.0,6833.0,780.0,6833.0,,7,1.0,-33.0,95,0.8502269273972984,0.6652611615353077,0.0019297842653956422,21,2.63,1.5154880889326061
2026-07-10 17:09:51.748000+00:00,48,-35,80.0,1.0,10,2.0,0.0,0,2.954,0.00443656771525624,0.0030609624569873147,780,cwpb-2m,0,1.0,619.0,-92.0,13,0.0,6579875.0,866.7,-59.0,-51.0,33.0,8704595.0,10211.0,780.0,10211.0,,9,1.0,-37.0,91,0.8612292443297836,0.7380803294462474,0.00222249919846706,21,2.733,1.599309573776031
2026-07-10 17:15:41.380000+00:00,48,-33,80.0,1.0,9,2.0,0.0,0,1.691,0.003670555801703343,0.0028724770171023573,780,cwpb-2m,0,1.0,619.0,-90.0,13,0.0,6519716.0,780.0,-59.0,-51.0,31.0,9084911.0,10943.0,780.0,10943.0,,8,3.0,-27.0,99,0.8856738920417153,0.7440598890945251,0.0,0,2.409,1.6297337811362405
2026-07-10 17:17:47.184000+00:00,48,-53,80.0,2.0,3,2.0,0.2635395288843972,2259672,5.305,0.024081130310638504,0.01100251656309383,433,cwpb-2m,0,1.0,330.359,-92.0,13,1.0,5989410.0,433.3,-66.0,-66.0,26.0,5822177.0,2461.0,390.0,2456.0,,2,3.0,-41.0,44,0.32471034731329884,0.2749478004214945,0.0,0,12.256,0.5996581477347933
2026-07-10 17:19:04.426000+00:00,48,-34,80.0,1.0,10,2.0,0.00011954588731617848,2560,1.65,0.003985624969231526,0.0023003441014842587,650,cwpb-2m,0,1.0,619.0,-91.0,13,0.0,5547113.0,702.0,-61.0,-54.0,30.0,7814019.0,13634.0,780.0,13634.0,,9,3.0,-30.0,87,0.7799279864018813,0.5593160693491134,0.0016188872298612874,21,3.211,1.3392440557509948
2026-07-10 17:20:19.204000+00:00,48,-50,80.0,2.0,5,2.0,0.3630726741806916,3081344,9.466,0.023708954856495837,0.011631143752246931,433,cwpb-2m,0,1.0,330.359,-92.0,11,2.0,5705968.0,325.0,-60.0,-60.0,32.0,5956396.0,2409.0,390.0,2401.0,,4,3.0,-31.0,45,0.3262840713373714,0.30392274811694814,0.0018127235838163863,21,9.369,0.6302068194543196
2026-07-10 17:24:54.106000+00:00,48,-38,80.0,1.0,9,2.0,0.0,0,2.675,0.004808743169398907,0.002591032818037081,867,cwpb-2m,0,1.0,619.0,-92.0,13,0.0,6550702.0,866.7,-58.0,-50.0,34.0,8803778.0,10481.0,780.0,10481.0,,8,3.0,-31.0,97,0.8494284269994894,0.7831453367677683,0.0,0,2.618,1.6325737637672577
2026-07-10 17:25:55.079000+00:00,48,-52,80.0,2.0,3,2.0,0.27353642570063186,2260328,10.279,0.0097632058287796,0.0069564994093780485,433,cwpb-2m,0,1.0,330.359,-92.0,13,3.0,6165881.0,390.0,-69.0,-70.0,23.0,5907248.0,4634.0,390.0,4625.0,,2,3.0,-32.0,45,0.3065701899781275,0.29355576738929373,0.0018156024968472013,21,10.317,0.6001259573674212
2026-07-10 17:30:44.036000+00:00,48,-36,80.0,1.0,9,2.0,0.0,0,2.105,0.018191306060158518,0.005102460068820297,780,cwpb-2m,0,1.0,619.0,-91.0,12,0.0,5747570.0,650.0,-58.0,-52.0,32.0,8622673.0,10358.0,780.0,10358.0,,8,3.0,-28.0,85,0.8506401549677668,0.46591245524156694,0.002402642923051496,21,4.345,1.3165526102093337
2026-07-10 17:31:30.804000+00:00,48,-54,,2.0,0,2.0,0.00011258484500754387,1448,30.947,0.022285236055727856,0.011447280571105748,433,cwpb-2m,0,1.0,330.359,-90.0,13,4.0,5886424.0,325.0,-67.0,-68.0,24.0,8251650.0,2451.0,390.0,2438.0,,0,,,0,0.49301858823405587,0.29418073753279006,0.0,0,9.165,0.7871993257668459
2026-07-10 17:36:32.746000+00:00,48,-37,80.0,1.0,11,2.0,0.0001502005341041643,2896,1.844,0.0180830010338207,0.004084535976580556,702,cwpb-2m,0,1.0,619.0,-92.0,13,1.0,5903423.0,650.0,-60.0,-53.0,32.0,8798421.0,17542.0,780.0,17542.0,,10,3.0,-31.0,82,0.7094601951024683,0.3351275334668205,0.007568661019113894,84,1.446,1.0445877285692888
2026-07-10 17:37:07.128000+00:00,48,-54,,2.0,0,2.0,0.0002468474931219567,2896,36.983,0.010737951065819918,0.009673873966411586,433,cwpb-2m,0,1.0,330.359,-92.0,13,3.0,5606135.0,390.0,-66.0,-68.0,26.0,7851228.0,8752.0,390.0,8751.0,,0,,,0,0.4397909986089097,0.26123647462410515,0.0,0,7.282,0.7010274732330148
2026-07-10 17:42:21.789000+00:00,48,-35,80.0,1.0,12,2.0,6.676195646972777e-05,1448,1.612,0.005641707281051543,0.0023321863283858046,527,cwpb-2m,0,1.0,619.0,-91.0,13,0.0,5360795.0,468.0,-59.0,-52.0,32.0,8655402.0,13737.0,780.0,13737.0,,11,1.0,-35.0,85,0.797416002483716,0.3365905234024811,0.008061246635714359,63,2.798,1.134006525886197
2026-07-10 17:42:42.627000+00:00,48,-54,,2.0,0,2.0,0.022818044576437237,101360,9.878,0.0,0.0,433,cwpb-2m,0,1.0,330.359,-92.0,12,4.0,5264305.0,263.3,-68.0,-68.0,25.0,3905206.0,3711.0,390.0,3709.0,,0,,,0,0.1829820068564431,0.23372871402015133,0.0,0,12.533,0.41671072087659444
2026-07-10 17:48:11.818000+00:00,48,-33,80.0,1.0,8,2.0,0.0001427077878719592,2896,2.55,0.05733865012553537,0.00968260489959427,867,cwpb-2m,0,1.0,619.0,-92.0,13,0.0,1588422.0,866.7,-62.0,-63.0,30.0,8291271.0,12226.0,780.0,12226.0,,7,3.0,-29.0,82,0.7465355509422655,0.02346113241273695,0.1680177417844883,1229,8.004,0.7699966833550025
2026-07-10 17:53:54.143000+00:00,48,-54,,2.0,0,2.0,0.0002482412382368836,2896,84.198,0.01921921921921922,0.011504802013250475,433,cwpb-2m,0,1.0,330.359,-88.0,13,1.0,4211197.0,263.3,-68.0,-69.0,20.0,7111117.0,5254.0,390.0,5254.0,,0,,,0,0.44131088112125605,0.16099713582410635,0.0,0,20.37,0.6023080169453624
2026-07-10 17:54:00.241000+00:00,48,-44,80.0,1.0,9,2.0,0.0002813685285645805,2896,6.428,0.006848816029143897,0.002353756869190078,780,cwpb-2m,0,1.0,619.0,-92.0,11,0.0,2590098.0,866.7,-62.0,-55.0,30.0,5116735.0,4743.0,780.0,4743.0,,8,3.0,-29.0,86,0.3741271833191571,0.0820261355089232,0.8846059182348778,10502,6.66,0.4561533188280803
2026-07-10 17:59:30.022000+00:00,48,-54,,2.0,0,2.0,0.0002733812480535052,2896,39.183,0.02593806921675774,0.00895947819834626,433,cwpb-2m,0,1.0,330.359,-91.0,13,1.0,5520006.0,390.0,-66.0,-68.0,25.0,6388353.0,1775.0,390.0,1775.0,,0,,,0,0.40146006576916937,0.2722978145596503,0.0,0,22.939,0.6737578803288197
2026-07-10 17:59:49.806000+00:00,48,-43,80.0,1.0,11,2.0,0.0012022366441707258,15928,5.54,0.004877664549795698,0.002543269477684762,867,cwpb-2m,0,1.0,619.0,-91.0,13,0.0,6117418.0,702.0,-57.0,-50.0,34.0,6725465.0,6482.0,780.0,6482.0,,10,1.0,-33.0,92,0.484438898375953,0.33614456286088445,0.009591756859611182,84,2.0,0.8205834612368375
2026-07-10 18:05:05.967000+00:00,48,-54,,2.0,0,2.0,0.00025698752916158935,2896,37.873,0.012120317038349824,0.01047352472908428,433,cwpb-2m,0,1.0,330.359,-92.0,11,4.0,4884633.0,390.0,-65.0,-65.0,27.0,7487907.0,6003.0,390.0,6003.0,,0,,,0,0.4340611627746027,0.18886790532819847,0.001933810316583668,21,9.652,0.6229290681028012
2026-07-10 18:05:38.084000+00:00,48,-43,80.0,1.0,4,2.0,0.0,0,2.654,0.007532122286220647,0.0025812747162446714,867,cwpb-2m,0,1.0,619.0,-90.0,12,0.0,7830477.0,526.6,-60.0,-51.0,30.0,10431366.0,7078.0,780.0,7078.0,,3,3.0,-32.0,56,0.8620640821163461,0.357120169023132,0.005559029872697034,63,2.757,1.2191842511394781
2026-07-10 18:10:42.005000+00:00,48,-54,,2.0,0,2.0,0.00011704675987305573,1448,56.276,0.020280608477329792,0.010471983976169691,433,cwpb-2m,0,1.0,330.359,-91.0,13,0.0,5561962.0,390.0,-68.0,-69.0,23.0,7620037.0,3503.0,390.0,3503.0,,0,,,0,0.47216448015986884,0.2558494150771521,0.006198219516084717,63,12.851,0.728013895237021
2026-07-10 18:11:27.746000+00:00,48,-34,80.0,1.0,5,2.0,0.0,0,2.67,0.008790429774036332,0.004357762826768014,780,cwpb-2m,0,1.0,619.0,-91.0,13,0.0,7159138.0,360.0,-60.0,-54.0,31.0,10254883.0,9303.0,780.0,9303.0,,4,3.0,-32.0,61,0.8415617737163077,0.3232326888000683,0.003710430332095212,42,2.596,1.164794462516376
2026-07-10 18:16:17.654000+00:00,48,-54,,2.0,0,2.0,0.00011641608487106762,1448,48.608,0.017907743809383155,0.01112064095321247,433,cwpb-2m,0,1.0,330.359,-92.0,13,2.0,5466486.0,390.0,-67.0,-68.0,26.0,7586114.0,1206.0,390.0,1206.0,,0,,,0,0.46954163902588725,0.26696830741140076,0.0,0,8.003,0.736509946437288
2026-07-10 18:17:18.082000+00:00,48,-33,80.0,1.0,10,2.0,0.0,0,2.565,0.028537389848865256,0.01646756715114786,867,cwpb-2m,0,1.0,202.78,-89.0,12,1.0,3343874.0,650.0,-59.0,-53.0,30.0,10022391.0,10240.0,234.0,10240.0,,9,1.0,-33.0,80,0.8127653925057665,0.016953319078281907,0.22410361884561353,2384,11.312,0.8297187115840484
2026-07-10 18:21:53.406000+00:00,48,-54,,2.0,0,2.0,0.00023599016773616203,2896,43.858,0.01740363314133806,0.009430948590211083,433,cwpb-2m,0,1.0,330.359,-90.0,12,3.0,5734280.0,325.0,-65.0,-67.0,25.0,7773780.0,4290.0,390.0,4290.0,,0,,,0,0.473876577574035,0.3067220867681947,0.0,0,10.124,0.7805986643422297
2026-07-10 18:27:29.237000+00:00,48,-54,,2.0,0,2.0,0.00022918998126344501,2896,42.31,0.009757298281888444,0.009625083457449543,433,cwpb-2m,0,1.0,330.359,-91.0,12,3.0,5613330.0,325.0,-66.0,-66.0,25.0,7898343.0,2837.0,390.0,2837.0,,0,,,0,0.4871628367583537,0.2430427212294206,0.0,0,6.872,0.7302055579877743
2026-07-10 18:29:00.016000+00:00,48,-33,80.0,1.0,7,2.0,6.376181439020783e-05,1448,1.871,0.010145227194407521,0.004506702275178471,780,cwpb-2m,0,1.0,478.125,-91.0,12,0.0,6188276.0,526.6,-56.0,-49.0,35.0,8761991.0,10174.0,585.0,10174.0,,6,3.0,-33.0,75,0.8310809484959049,0.3761532178724224,0.003860871998717935,42,2.872,1.2072341663683273
2026-07-10 18:33:05.265000+00:00,48,-54,,2.0,0,2.0,0.0002896577329511169,2896,22.698,0.018801752572244375,0.011906424939653845,433,cwpb-2m,0,1.0,299.7,-92.0,12,3.0,5247216.0,325.0,-67.0,-68.0,25.0,6416128.0,4348.0,351.0,4348.0,,0,,,0,0.3963987196186592,0.20147772970775985,0.12621031665838658,1198,23.363,0.597876449326419
2026-07-10 18:34:48.879000+00:00,48,-33,80.0,1.0,3,2.0,7.41322215296962e-05,1448,3.796,0.006661743710924039,0.00278824919110472,400,cwpb-2m,0,1.0,619.0,-91.0,12,0.0,5822806.0,866.7,-57.0,-58.0,35.0,8621761.0,7236.0,780.0,7236.0,,2,3.0,-38.0,65,0.7160178880360053,0.3213954658817156,0.00931495884240951,84,3.079,1.0374133539177208
2026-07-10 18:38:40.540000+00:00,48,-54,,2.0,0,2.0,0.29977806607983,2780160,5.662,0.00918229705114951,0.012976221046684814,433,cwpb-2m,0,1.0,330.359,-92.0,12,2.0,6174939.0,325.0,-66.0,-67.0,26.0,6123268.0,3898.0,390.0,3896.0,,0,,,0,0.3513126467057045,0.30887650612827816,0.0,0,10.391,0.6601891528339827
2026-07-10 18:40:38.042000+00:00,48,-32,80.0,1.0,11,2.0,0.0,0,2.823,0.015237532614581793,0.005672025062914078,81,cwpb-2m,0,1.0,619.0,-92.0,11,0.0,5962742.0,780.0,-57.0,-60.0,32.0,8518273.0,10318.0,780.0,10318.0,,10,1.0,-35.0,89,0.8196870382180319,0.37358426696752595,0.004433888295360232,42,1.891,1.193271305185558
2026-07-10 18:44:16.280000+00:00,48,-47,,2.0,0,2.0,0.23392597783712668,441640,3.55,0.004777236252646089,0.002649581428791537,433,cwpb-2m,0,1.0,330.359,-92.0,12,2.0,5146604.0,292.5,-66.0,-68.0,27.0,2446928.0,2268.0,390.0,2267.0,,0,,,0,0.07796092513390203,0.20529456515638245,0.0,0,4.635,0.28325549029028446
2026-07-10 18:47:28.583000+00:00,48,-37,80.0,1.0,7,2.0,6.623397181501468e-05,1448,2.033,0.0029852803623295425,0.0018828000616301166,527,cwpb-2m,0,1.0,619.0,-92.0,12,0.0,9442509.0,650.0,-59.0,-52.0,33.0,16114516.0,24534.0,780.0,24534.0,,6,1.0,-37.0,92,0.8024372609855985,0.4661454359499361,0.004320227494439935,42,3.141,1.2685826969355347
2026-07-10 18:48:45.652000+00:00,48,-50,80.0,2.0,4,2.0,0.3065900079070487,2777552,7.949,0.04401516270368729,0.015409583483128757,433,cwpb-2m,0,1.0,330.359,-92.0,12,5.0,5924952.0,234.0,-66.0,-68.0,27.0,6101920.0,2560.0,390.0,2554.0,,3,3.0,-30.0,48,0.34990644754279193,0.27726042218382446,0.008629222560445704,84,17.309,0.6271668697266164
2026-07-10 18:49:59.184000+00:00,48,-52,80.0,3.0,4,2.0,0.000275490771568974,2896,17.321,0.012907989957170287,0.009976375121976274,433,cwpb-2m,0,1.0,299.7,-90.0,12,32.0,136476550.0,263.3,-63.0,-64.0,26.0,151927617.0,121082.0,351.0,121070.0,,3,3.0,-33.0,39,0.42224997467189246,0.37173582264194244,0.002264667588788393,21,23.778,0.7939857973138349
2026-07-10 18:53:13.909000+00:00,48,-34,80.0,1.0,10,2.0,0.0,0,3.094,0.013764584256387534,0.004442504237070516,780,cwpb-2m,0,1.0,619.0,-91.0,10,0.0,5724306.0,526.6,-59.0,-51.0,32.0,7959466.0,7113.0,780.0,7113.0,,9,1.0,-35.0,86,0.7622296602187307,0.47948730728586597,0.008194620559259156,105,3.193,1.2417169675045967
2026-07-10 18:54:21.540000+00:00,48,-48,80.0,2.0,4,2.0,0.41716156042748115,3343840,12.118,0.01624501550731059,0.012609635982857699,433,cwpb-2m,0,1.0,330.359,-89.0,12,1.0,3981672.0,234.0,-65.0,-65.0,24.0,5344050.0,3496.0,390.0,3489.0,,3,3.0,-30.0,61,0.29835173297658035,0.17593746028080176,0.09763562880757075,1227,40.639,0.4742891932573821
2026-07-10 18:55:34.844000+00:00,48,-52,80.0,3.0,4,2.0,0.00015415841862762643,1448,49.638,0.04347757593659232,0.01942427199424786,433,cwpb-2m,0,1.0,299.7,-89.0,12,0.0,4846757.0,263.3,-64.0,-64.0,26.0,7131307.0,978.0,351.0,978.0,,3,3.0,-33.0,39,0.3809108163124065,0.25325082310842173,0.003600958190352062,42,36.443,0.6341616394208283
2026-07-10 18:58:57.875000+00:00,48,-35,80.0,1.0,5,2.0,0.0,0,2.262,0.011618175552601782,0.004923732730727749,360,cwpb-2m,0,1.0,619.0,-91.0,12,0.0,5543642.0,866.7,-63.0,-54.0,28.0,8291576.0,10806.0,780.0,10806.0,,4,3.0,-35.0,74,0.7897719044132387,0.4165201526036623,0.003778007890790175,42,6.421,1.2062920570169011
2026-07-10 18:59:57.579000+00:00,48,-47,80.0,2.0,4,2.0,0.3305393424897436,2359448,10.465,0.016438733815783,0.008707821888963074,433,cwpb-2m,0,1.0,330.359,-90.0,12,2.0,5450700.0,234.0,-63.0,-63.0,27.0,4849425.0,1847.0,390.0,1839.0,,3,3.0,-32.0,39,0.2642489326658949,0.24740383961409027,0.004747306690067558,63,10.962,0.5116527722799852
2026-07-10 19:01:10.612000+00:00,48,-54,80.0,3.0,5,2.0,0.0,0,49.964,0.02307684733914242,0.013954599147450055,433,cwpb-2m,0,1.0,299.7,-89.0,12,2.0,3972687.0,234.0,-63.0,-64.0,26.0,6405407.0,845.0,351.0,845.0,,4,3.0,-35.0,43,0.3792449658234345,0.1860417329223338,0.00715761834898207,63,141.354,0.5652866987457683
2026-07-10 19:04:42.468000+00:00,48,-33,80.0,1.0,11,2.0,6.867444382309427e-05,1448,2.641,0.006608575788903657,0.0028390940372862205,780,cwpb-2m,0,1.0,619.0,-92.0,12,0.0,5767557.0,650.0,-58.0,-58.0,34.0,8264441.0,10592.0,780.0,10592.0,,10,3.0,-31.0,81,0.7731700201415711,0.5685408237323337,0.004322496235509567,42,3.088,1.341710843873905
2026-07-10 19:05:33.036000+00:00,48,-48,80.0,2.0,3,2.0,0.3522389260179381,1966384,4.973,0.028297149608625012,0.010180781675312002,433,cwpb-2m,0,1.0,330.359,-92.0,12,1.0,4998283.0,234.0,-65.0,-65.0,28.0,4539080.0,4649.0,390.0,4646.0,,2,3.0,-34.0,39,0.20817219031026865,0.188999141712683,0.09954527367734045,1182,14.682,0.39717133202295163
2026-07-10 19:06:46.254000+00:00,48,-52,80.0,3.0,5,2.0,0.00041637440765803575,4344,23.285,0.011377935312361542,0.009779672333213498,433,cwpb-2m,0,1.0,299.7,-91.0,12,0.0,6290345.0,234.0,-63.0,-63.0,29.0,6853904.0,1323.0,351.0,1323.0,,4,3.0,-35.0,43,0.40154027757052185,0.3062147487229732,0.0023897518905057406,21,75.79,0.7077550262934951
2026-07-10 19:10:26.191000+00:00,48,-31,80.0,1.0,8,2.0,0.00019182016554311756,4344,1.753,0.018344902279328505,0.0059683632068204,867,cwpb-2m,0,1.0,619.0,-91.0,12,0.0,6011488.0,866.7,-57.0,-47.0,32.0,8582383.0,10011.0,780.0,10011.0,,7,3.0,-30.0,73,0.8313010945225011,0.6909925754861806,0.00982265460197375,105,2.561,1.5222936700086818
2026-07-10 19:11:08.589000+00:00,48,-48,80.0,2.0,4,2.0,0.3994585111826593,2919168,7.093,0.023728646679466357,0.011229520825843562,433,cwpb-2m,0,1.0,330.359,-91.0,12,1.0,5252563.0,234.0,-64.0,-65.0,27.0,4830129.0,3337.0,390.0,3334.0,,3,3.0,-32.0,44,0.2730791581535939,0.21532840906174164,0.10738850093463698,1222,16.153,0.4884075672153355
2026-07-10 19:12:21.994000+00:00,48,-60,80.0,3.0,1,2.0,0.0004146533585693068,4344,24.429,0.01903017771870231,0.011686610857172207,390,cwpb-2m,0,1.0,299.7,-89.0,12,0.0,5681020.0,325.0,-64.0,-65.0,25.0,6731192.0,1280.0,351.0,1280.0,,0,3.0,-38.0,27,0.39850815352086666,0.292710733637132,0.12379043999216165,1203,101.4,0.6912188871579987
2026-07-10 19:16:10.844000+00:00,48,-41,80.0,1.0,7,2.0,0.0007590032035495652,15928,3.155,0.00750061536946783,0.004214986390015922,780,cwpb-2m,0,1.0,619.0,-91.0,12,0.0,5871299.0,780.0,-58.0,-60.0,33.0,8206357.0,9643.0,780.0,9641.0,,6,3.0,-30.0,79,0.7699680099134366,0.66520602598096,0.006189519213970658,63,3.893,1.4351740358943967
2026-07-10 19:16:44.368000+00:00,48,-52,80.0,2.0,4,2.0,0.22602548132943592,1678232,8.231,0.022334465613154133,0.012342971598787942,433,cwpb-2m,0,1.0,330.359,-92.0,12,3.0,5099346.0,263.3,-65.0,-66.0,27.0,5271409.0,5595.0,390.0,5590.0,,3,3.0,-34.0,42,0.2759762306706916,0.23017864416944797,0.009171449522552454,63,30.667,0.5061548748401395
2026-07-10 19:17:57.891000+00:00,48,-53,80.0,3.0,1,2.0,0.00026509372125412147,2896,25.391,0.015050460296361933,0.00982229983051718,433,cwpb-2m,0,1.0,299.7,-92.0,12,0.0,5333563.0,325.0,-63.0,-65.0,29.0,7176069.0,1456.0,351.0,1456.0,,0,3.0,-38.0,27,0.4222077918572399,0.31560534059931195,0.1336967439603573,1240,74.438,0.7378131324565518
2026-07-10 19:22:20.156000+00:00,48,-50,80.0,2.0,2,2.0,0.22163131595889515,1476960,4.303,0.02117264805789396,0.010168455651995275,433,cwpb-2m,0,1.0,330.359,-91.0,12,3.0,5652441.0,263.3,-65.0,-65.0,26.0,5454712.0,7511.0,390.0,7501.0,,1,3.0,-29.0,27,0.25101282589434226,0.23643288349930114,0.003347650942551015,42,10.062,0.4874457093936434
2026-07-10 19:23:33.332000+00:00,48,-53,80.0,3.0,1,2.0,0.000383879645087607,4344,16.835,0.010436666174371093,0.008828514200606031,433,cwpb-2m,0,1.0,299.7,-88.0,12,1.0,6077365.0,175.5,-63.0,-64.0,25.0,7407359.0,1484.0,351.0,1484.0,,0,3.0,-38.0,27,0.4295890469596392,0.3595579416055415,0.002269162760659746,21,24.841,0.7891469885651807
2026-07-10 19:27:38.609000+00:00,48,-34,80.0,1.0,7,2.0,0.0,0,2.078,0.005239994092453109,0.0031672744080940888,780,cwpb-2m,0,1.0,619.0,-91.0,10,0.0,5422127.0,526.6,-60.0,-51.0,31.0,8308994.0,7841.0,780.0,7841.0,,6,3.0,-33.0,71,0.8087612864366877,0.5840697371229426,0.003952456750238526,42,3.027,1.3928310235596304
2026-07-10 19:27:55.987000+00:00,48,-49,80.0,2.0,4,2.0,0.34122159552002707,1613072,13.163,0.05094816127603013,0.014209165767894135,433,cwpb-2m,0,1.0,299.7,-92.0,11,3.0,4442714.0,390.0,-65.0,-66.0,29.0,4539917.0,4131.0,351.0,4126.0,,3,3.0,-32.0,33,0.18750261113052566,0.20355970745025373,0.0025390745247972505,21,12.374,0.3910623185807794
2026-07-10 19:29:09.008000+00:00,48,-52,80.0,3.0,4,2.0,0.0001260052380020758,1448,43.765,0.024835327130409094,0.011867392532484207,433,cwpb-2m,0,1.0,299.7,-92.0,11,0.0,5969981.0,263.3,-65.0,-65.0,27.0,7384649.0,957.0,351.0,957.0,,3,3.0,-38.0,41,0.4339311005004992,0.31870151194502533,0.13384042632458554,1177,30.062,0.7526326124455245
2026-07-10 19:33:22.761000+00:00,48,-45,80.0,1.0,4,2.0,6.763432195378383e-05,1448,1.628,0.22003249150790136,0.06308920959375482,780,cwpb-2m,0,1.0,299.7,-88.0,12,0.0,4283884.0,780.0,-62.0,-63.0,26.0,8609858.0,11838.0,351.0,11838.0,,3,1.0,-39.0,56,0.7915559134496339,0.3325880752310545,0.002617425472381242,21,6.091,1.1241439886806885
2026-07-10 19:34:44.889000+00:00,48,-53,80.0,3.0,4,2.0,0.0003858761942008769,4344,26.037,0.011748141584207157,0.010577268758666734,433,cwpb-2m,0,1.0,299.7,-90.0,12,0.0,5756478.0,234.0,-63.0,-63.0,28.0,7257102.0,1099.0,351.0,1099.0,,3,3.0,-38.0,41,0.42676444635115235,0.3329589057776575,0.011031003719640862,105,99.523,0.7597233521288098
2026-07-10 19:39:07.621000+00:00,48,-48,80.0,2.0,4,2.0,0.44176899811877723,1403112,7.126,0.006340766996504702,0.01445739818191156,433,cwpb-2m,0,1.0,330.359,-89.0,12,2.0,3170387.0,234.0,-63.0,-64.0,26.0,2636716.0,3537.0,390.0,3520.0,,3,3.0,-31.0,39,0.12551895480916245,0.17979498254237192,0.003618880021590312,42,48.633,0.30531393735153434
2026-07-10 19:39:11.392000+00:00,48,-35,80.0,1.0,10,2.0,0.000355587771631075,5792,2.152,0.06488455668783537,0.015926762878126444,867,cwpb-2m,0,1.0,619.0,-92.0,12,0.0,3864946.0,780.0,-62.0,-63.0,30.0,6902440.0,8263.0,780.0,8263.0,,9,1.0,-33.0,88,0.5988666480008278,0.31685863715338897,0.005445942582333581,63,5.519,0.9157252851542168
2026-07-10 19:40:20.484000+00:00,48,-52,80.0,3.0,3,2.0,0.0002475682164656721,2896,46.542,0.020046275783980702,0.011303990550048791,433,cwpb-2m,0,1.0,299.7,-91.0,12,2.0,5749482.0,263.3,-64.0,-65.0,27.0,7308447.0,606.0,351.0,606.0,,2,3.0,-37.0,43,0.4371013014530834,0.31296009149464826,0.13141201621782173,1254,47.024,0.7500613929477317
2026-07-10 19:44:43.297000+00:00,48,-48,80.0,2.0,4,2.0,0.3153920935496825,2032992,23.47,0.018189336877861464,0.014369061681475016,433,cwpb-2m,0,1.0,330.359,-89.0,13,3.0,2989143.0,325.0,-65.0,-65.0,26.0,4299178.0,4657.0,390.0,4642.0,,3,3.0,-32.0,44,0.23770016056704435,0.1321408453942513,0.12335179076115921,1197,41.921,0.36984100596129565
2026-07-10 19:45:56.226000+00:00,48,-52,80.0,3.0,3,2.0,0.000248837290301179,2896,36.747,0.016033082262590453,0.008632838580452983,433,cwpb-2m,0,1.0,299.7,-91.0,12,2.0,6266431.0,234.0,-64.0,-65.0,27.0,7412711.0,750.0,351.0,750.0,,2,3.0,-37.0,43,0.4399667568259579,0.3043825904613449,0.004213369556863745,42,63.941,0.7443493472873028
2026-07-10 19:50:19.095000+00:00,48,-48,80.0,2.0,4,2.0,0.2840106159471494,2247296,8.941,0.016052774085560974,0.010445791176621642,433,cwpb-2m,0,1.0,330.359,-91.0,12,3.0,4175175.0,390.0,-66.0,-67.0,26.0,5472330.0,3177.0,390.0,3164.0,,3,3.0,-33.0,38,0.3070908906704672,0.18670421521327843,0.2210227166371115,2351,30.886,0.49379510588374564
2026-07-10 19:50:37.663000+00:00,48,-34,80.0,1.0,8,2.0,0.001477746416288634,18824,3.033,0.03302909466843893,0.0069559858250731865,780,cwpb-2m,0,1.0,619.0,-90.0,12,0.0,6479748.0,780.0,-64.0,-54.0,26.0,6153043.0,6609.0,780.0,6609.0,,7,3.0,-33.0,82,0.4634797864601504,0.6436791735444714,0.004133474394626046,42,2.651,1.1071589600046217
2026-07-10 19:51:31.795000+00:00,48,-55,80.0,3.0,3,2.0,0.0002715703882415814,2896,31.561,0.01274848619110914,0.009632787222022496,433,cwpb-2m,0,1.0,299.7,-92.0,12,7.0,6977524.0,390.0,-64.0,-65.0,29.0,7007307.0,1326.0,351.0,1326.0,,2,3.0,-35.0,36,0.4044927796114815,0.44790113549335914,0.0021574413481617546,21,17.48,0.8523939151048406
2026-07-10 19:55:54.725000+00:00,48,-48,80.0,2.0,4,2.0,0.28137131421422384,2102496,8.925,0.014402599320632105,0.013531919264547278,433,cwpb-2m,0,1.0,330.359,-89.0,10,1.0,4750302.0,263.3,-64.0,-64.0,26.0,5354005.0,6333.0,390.0,6320.0,,3,3.0,-33.0,42,0.2835251685101081,0.2073678298358523,0.10195389903302045,1207,14.227,0.49089299834596045
2026-07-10 19:56:21.727000+00:00,48,-35,80.0,1.0,5,2.0,0.00020936273578345003,4344,2.659,0.003824152020873333,0.001994761440090391,867,cwpb-2m,0,1.0,619.0,-92.0,12,0.0,7098381.0,780.0,-63.0,-64.0,31.0,8748376.0,10360.0,780.0,10360.0,,4,3.0,-33.0,65,0.7617439429148244,0.6773249064788838,0.002173300196312666,21,2.447,1.439068849393708
2026-07-10 19:57:07.555000+00:00,48,-51,80.0,3.0,3,2.0,0.00025195577192804015,2896,36.384,0.008794368138630436,0.008268193723999792,433,cwpb-2m,0,1.0,299.7,-91.0,12,3.0,6490780.0,390.0,-63.0,-64.0,28.0,7421385.0,1031.0,351.0,1031.0,,2,3.0,-35.0,36,0.4385779950390735,0.33416909956352553,0.008284533085015375,63,28.738,0.772747094602599
2026-07-10 20:01:30.401000+00:00,48,-48,80.0,2.0,4,2.0,0.14965464430032613,1036768,7.609,0.0048560035445281355,0.0032381490421652713,433,cwpb-2m,0,1.0,299.7,-91.0,12,3.0,4986433.0,263.3,-62.0,-59.0,29.0,4956441.0,4471.0,351.0,4469.0,,3,3.0,-31.0,29,0.26277268164541506,0.22488807861679086,0.0026121094187167527,21,17.91,0.48766076026220595
2026-07-10 20:02:06.507000+00:00,48,-37,80.0,1.0,3,2.0,0.0,0,2.875,0.006647959434844681,0.0028051974731652203,780,cwpb-2m,0,1.0,619.0,-92.0,12,0.0,6658595.0,780.0,-62.0,-54.0,30.0,9378442.0,11044.0,780.0,11044.0,,2,1.0,-39.0,72,0.8565868999055648,0.5783749498591064,0.009089681550794817,84,3.588,1.4349618497646712
2026-07-10 20:02:46.397000+00:00,48,-55,80.0,3.0,3,2.0,0.00024454644551788387,2896,28.28,0.015083936395411805,0.010081146320168457,433,cwpb-2m,0,1.0,299.7,-90.0,12,7.0,5511452.0,234.0,-63.0,-64.0,27.0,7631482.0,1001.0,351.0,1001.0,,2,3.0,-36.0,45,0.4488699945404709,0.33892195987955903,0.006786384664193277,63,76.045,0.7877919544200299
2026-07-10 20:07:06.131000+00:00,48,-49,80.0,2.0,4,2.0,0.2744815307215232,1925840,4.903,0.028086447102840542,0.0059678496225155355,433,cwpb-2m,0,1.0,330.359,-92.0,11,2.0,4904458.0,325.0,-62.0,-59.0,31.0,4880819.0,2281.0,390.0,2272.0,,3,3.0,-32.0,35,0.26572518368637477,0.207904105584367,0.15634822296263773,1265,26.189,0.47362928927074177
2026-07-10 20:07:50.259000+00:00,48,-45,80.0,1.0,7,2.0,6.416733129737657e-05,1448,1.908,0.04261901245507802,0.013266909763237637,780,cwpb-2m,0,1.0,619.0,-91.0,11,0.0,6019447.0,866.7,-62.0,-54.0,29.0,9062561.0,11060.0,780.0,11060.0,,6,3.0,-30.0,74,0.8302331960647354,0.5486013203775746,0.003951166585784723,42,2.825,1.3788345164423101
2026-07-10 20:08:22.061000+00:00,48,-59,80.0,3.0,3,2.0,0.00027236198677731675,2896,42.359,0.022482154285432977,0.010935750603461558,390,cwpb-2m,0,1.0,299.7,-90.0,11,0.0,5788823.0,200.0,-62.0,-62.0,29.0,7063411.0,2809.0,351.0,2809.0,,2,3.0,-36.0,45,0.41047979763898323,0.24552388711407783,0.010251522248399253,105,75.249,0.656003684753061
2026-07-10 20:12:42.221000+00:00,48,-47,80.0,2.0,4,2.0,0.20509103077028443,1004912,4.31,0.019628809137005862,0.009069385239587079,433,cwpb-2m,0,1.0,330.359,-90.0,11,4.0,4996144.0,390.0,-64.0,-66.0,26.0,3698211.0,3219.0,390.0,3217.0,,3,3.0,-32.0,36,0.1905125105172335,0.2021709389439055,0.003770807861092309,42,30.554,0.392683449461139
2026-07-10 20:13:34.357000+00:00,48,-37,80.0,1.0,10,2.0,0.00014189838582617787,2896,2.079,0.005814995323192044,0.00246828616917467,702,cwpb-2m,0,1.0,563.578,-89.0,10,0.0,5332058.0,702.0,-63.0,-64.0,26.0,8466842.0,9540.0,702.0,9540.0,,9,3.0,-29.0,77,0.748084969376617,0.3384332726191947,0.005894493147741863,63,1.267,1.0865182419958117
2026-07-10 20:13:57.860000+00:00,48,-60,80.0,3.0,3,2.0,0.00031575739642982685,2896,32.219,0.06823216659282233,0.025684351086230805,390,cwpb-2m,0,1.0,202.796,-90.0,10,2.0,5374251.0,263.3,-64.0,-65.0,25.0,6104771.0,2725.0,234.0,2725.0,,2,3.0,-38.0,41,0.3499763798796647,0.18517813485006895,0.009575643836445,105,152.085,0.5351545147297336
2026-07-10 20:18:18.029000+00:00,48,-49,80.0,2.0,4,2.0,0.24999481995565834,1497232,3.773,0.0198690493772461,0.006004827692465719,433,cwpb-2m,0,1.0,330.359,-90.0,12,2.0,3886410.0,234.0,-64.0,-64.0,27.0,4508646.0,5299.0,390.0,5297.0,,3,3.0,-31.0,39,0.23465358650609605,0.13991180197245195,0.21840342752764794,2381,33.937,0.37456538847854803
2026-07-10 20:19:20.466000+00:00,48,-38,80.0,1.0,9,2.0,0.00012944258916064194,2896,2.084,0.11468517698025894,0.03460531046171229,650,cwpb-2m,0,1.0,619.0,-92.0,12,0.0,4599613.0,650.0,-64.0,-65.0,28.0,8747521.0,9447.0,780.0,9447.0,,8,1.0,-33.0,100,0.8177316124406032,0.3040487772234097,0.010453214588792182,84,3.573,1.1217803896640128
2026-07-10 20:23:53.765000+00:00,48,-51,80.0,2.0,3,2.0,0.11816289888048076,773232,6.843,0.011098311426180278,0.0053854450208001645,433,cwpb-2m,0,1.0,330.359,-92.0,12,4.0,5584660.0,325.0,-64.0,-64.0,28.0,4681436.0,4569.0,390.0,4557.0,,2,3.0,-31.0,43,0.24655855164407706,0.20304299493855718,0.1933981186186244,2339,31.139,0.44960154658263424
2026-07-10 20:25:09.300000+00:00,48,-38,80.0,1.0,7,2.0,0.0002489588031783137,4344,1.808,0.19536257569044452,0.12775923167787992,650,cwpb-2m,0,1.0,619.0,-91.0,10,0.0,1918252.0,650.0,-63.0,-57.0,28.0,7448940.0,10255.0,780.0,10255.0,,6,1.0,-32.0,84,0.6172572507016767,0.026261569187252008,0.16890744156062107,1195,14.763,0.6435188198889287
2026-07-10 20:25:13.298000+00:00,48,-57,80.0,3.0,3,2.0,0.00036818250717559427,2896,37.434,0.043207797961896326,0.015568794617636486,433,cwpb-2m,0,1.0,251.312,-92.0,11,2.0,4663511.0,234.0,-64.0,-61.0,28.0,5226764.0,1502.0,292.5,1502.0,,2,3.0,-39.0,45,0.3012153910732107,0.17954519294669927,0.00464790630378941,42,102.58,0.48076058401990995
2026-07-10 20:29:29.352000+00:00,48,-48,80.0,2.0,3,2.0,0.24332070542105527,1633344,4.591,0.017767931866292525,0.005598582507318576,433,cwpb-2m,0,1.0,330.359,-91.0,12,0.0,5730998.0,234.0,-62.0,-63.0,29.0,4723849.0,3718.0,390.0,3715.0,,2,3.0,-31.0,41,0.25842137754827565,0.20419857824990834,0.006319924932053698,63,31.972,0.462619955798184
2026-07-10 20:30:45.215000+00:00,48,-55,80.0,3.0,3,2.0,0.0002765658430788951,2896,37.319,0.027342096194555205,0.01529197267731498,433,cwpb-2m,0,1.0,299.7,-90.0,12,1.0,4315195.0,175.5,-64.0,-65.0,26.0,6690844.0,1895.0,351.0,1895.0,,2,3.0,-39.0,45,0.3941984029279555,0.14252624624062882,0.006030853904407939,63,163.55,0.5367246491685843
2026-07-10 20:35:05.239000+00:00,48,-49,80.0,2.0,3,2.0,0.6161374253997692,5516880,7.803,0.013721262245852408,0.010403163679317961,433,cwpb-2m,0,1.0,330.359,-91.0,12,0.0,5669863.0,263.3,-62.0,-59.0,30.0,5762893.0,2586.0,390.0,2581.0,,2,3.0,-30.0,34,0.332256056847783,0.20361313436220674,0.21888626851839169,2331,27.333,0.5358691912099898
2026-07-10 20:36:21.019000+00:00,48,-57,80.0,3.0,3,2.0,0.00014293754156581597,1448,56.023,0.007760547432678583,0.009777617995994045,390,cwpb-2m,0,1.0,227.171,-91.0,12,2.0,4784192.0,234.0,-65.0,-66.0,26.0,6536683.0,871.0,263.3,871.0,,2,3.0,-39.0,34,0.3883316071188942,0.16873580252735332,0.004922300102563534,42,110.817,0.5570674096462476
2026-07-10 20:36:38.801000+00:00,48,-36,80.0,1.0,8,2.0,0.0011151816308747344,7240,5.358,0.0044700438143061095,0.0025355657131118075,650,cwpb-2m,0,1.0,619.0,-92.0,12,0.0,5149519.0,780.0,-61.0,-64.0,32.0,4441764.0,3530.0,780.0,3530.0,,7,3.0,-34.0,87,0.23787951238281355,0.20040405553126814,0.006077999639286051,63,3.148,0.4382835679140817
2026-07-10 20:40:41.124000+00:00,48,-48,80.0,2.0,4,2.0,0.3506695256320539,2910480,5.747,0.011712696302860237,0.010987622618252786,433,cwpb-2m,0,1.0,330.359,-92.0,11,1.0,5065522.0,263.3,-62.0,-60.0,30.0,5433513.0,4091.0,390.0,4077.0,,3,3.0,-32.0,42,0.31601242740189134,0.1803440500232477,0.13449206780016965,1244,52.352,0.496356477425139
2026-07-10 20:41:56.682000+00:00,48,-55,80.0,3.0,3,2.0,0.0004629507504406484,4344,24.5,0.019758775168611232,0.011266498895793746,433,cwpb-2m,0,1.0,299.7,-91.0,12,0.0,5205382.0,175.5,-65.0,-65.0,27.0,6166453.0,2595.0,351.0,2595.0,,2,3.0,-39.0,34,0.35728844010698585,0.18109663210159904,0.010097738095918175,84,126.521,0.5383850722085849
2026-07-10 20:42:23.748000+00:00,48,-43,80.0,1.0,5,2.0,0.0,0,1.446,0.00524196327475016,0.0027630835601664015,780,cwpb-2m,0,1.0,619.0,-91.0,12,0.0,5131324.0,526.6,-56.0,-49.0,35.0,8390195.0,7201.0,780.0,7201.0,,4,3.0,-33.0,58,0.8269424139344626,0.30838427339842533,0.004941330222545108,42,4.032,1.135326687332888
2026-07-10 20:46:16.475000+00:00,48,-50,80.0,2.0,4,2.0,0.08252064418708964,566168,7.681,0.007522276374735391,0.004714190334343383,433,cwpb-2m,0,1.0,330.359,-91.0,12,3.0,6235391.0,263.3,-62.0,-58.0,30.0,4871646.0,4686.0,390.0,4680.0,,3,3.0,-32.0,38,0.2613747647202559,0.24456277718661187,0.20935325857891424,2381,23.319,0.5059375419068678
2026-07-10 20:47:32.352000+00:00,48,-51,80.0,3.0,3,2.0,0.00013236279182289031,1448,45.391,0.006571161325259685,0.00773920188999024,433,cwpb-2m,0,1.0,299.7,-88.0,12,0.0,4642287.0,234.0,-64.0,-65.0,25.0,7064011.0,1675.0,351.0,1675.0,,2,3.0,-39.0,34,0.41790428483521147,0.18195633115934615,0.002160068397166486,21,70.795,0.5998606159945576
2026-07-10 20:48:07.565000+00:00,48,-33,80.0,1.0,4,2.0,6.383018370671576e-05,1448,2.877,0.0036114803327918082,0.00244568845976067,867,cwpb-2m,0,1.0,619.0,-90.0,12,0.0,4358657.0,780.0,-56.0,-49.0,34.0,8264231.0,7858.0,780.0,7858.0,,3,3.0,-33.0,75,0.8350440888916566,0.2454428860493192,0.009339691627716714,84,2.409,1.0804869749409758
2026-07-10 20:51:52.250000+00:00,48,-52,80.0,2.0,4,2.0,0.3303216823838283,2487664,8.409,0.012551567961404025,0.009586051050279903,433,cwpb-2m,0,1.0,330.359,-92.0,12,3.0,5841012.0,263.3,-63.0,-65.0,29.0,5260262.0,6073.0,390.0,6064.0,,3,3.0,-33.0,40,0.28642131149072425,0.20942366572185028,0.19176011275311677,2366,112.589,0.49584497721257453
2026-07-10 20:53:08.130000+00:00,48,-57,80.0,3.0,4,2.0,0.0003003579875934964,2896,32.574,0.040769950278147,0.014213445637101332,433,cwpb-2m,0,1.0,299.7,-91.0,12,4.0,5387380.0,263.3,-64.0,-65.0,28.0,6519566.0,1896.0,351.0,1896.0,,3,3.0,-43.0,41,0.38238721482524524,0.20416627270959076,0.012607015867009049,105,80.737,0.5865534875348359
2026-07-10 20:53:51.551000+00:00,48,-40,80.0,1.0,5,2.0,0.0,0,2.354,0.007538029833111802,0.004736274459452519,867,cwpb-2m,0,1.0,619.0,-91.0,12,0.0,4517235.0,866.7,-59.0,-60.0,33.0,8924744.0,6265.0,780.0,6265.0,,4,3.0,-31.0,63,0.9031115733890424,0.3019421027308825,0.0053303596056004056,63,2.86,1.2050536761199249
2026-07-10 20:57:28.002000+00:00,48,-50,80.0,2.0,4,2.0,0.11186861578997798,925272,7.311,0.0113070447496677,0.009578860870011814,433,cwpb-2m,0,1.0,330.359,-86.0,12,3.0,4854492.0,263.3,-65.0,-66.0,21.0,5933833.0,4194.0,390.0,4174.0,,3,3.0,-34.0,32,0.31305904022991105,0.15538498145664645,0.009843187476389875,84,83.418,0.4684440216865575
2026-07-10 20:58:43.747000+00:00,48,-57,80.0,3.0,4,2.0,0.0001395673096860599,1448,30.883,0.021905183872396986,0.012563299265574446,390,cwpb-2m,0,1.0,227.171,-90.0,12,0.0,5059128.0,150.0,-64.0,-63.0,26.0,6955005.0,1612.0,263.3,1611.0,,3,3.0,-43.0,41,0.4090441233192706,0.1590502433806042,0.008424669128069783,84,121.538,0.5680943666998748
2026-07-10 20:59:35.563000+00:00,48,-30,80.0,1.0,5,2.0,0.0,0,2.295,0.003184167774331709,0.002290072415386986,867,cwpb-2m,0,1.0,619.0,-90.0,12,0.0,5635363.0,866.7,-56.0,-47.0,34.0,8522934.0,6202.0,780.0,6202.0,,4,3.0,-27.0,81,0.8577353264915711,0.3834720309350615,0.004225482161598156,42,2.635,1.2412073574266327
2026-07-10 21:03:03.517000+00:00,48,-48,80.0,2.0,4,2.0,0.5124131496718481,4038472,8.876,0.03188499975385221,0.01527297005803503,433,cwpb-2m,0,1.0,299.7,-88.0,12,2.0,2469147.0,351.0,-64.0,-66.0,25.0,5519429.0,3853.0,351.0,3842.0,,3,3.0,-33.0,40,0.2996789571574116,0.09327192415683773,0.1120056966399833,1221,127.884,0.3929508813142493
2026-07-10 21:04:19.255000+00:00,48,-53,80.0,3.0,3,2.0,0.0001334415195663187,1448,60.58,0.03776103972825284,0.016668378614349548,433,cwpb-2m,0,1.0,299.7,-90.0,12,2.0,5204427.0,200.0,-61.0,-62.0,29.0,7068459.0,1546.0,351.0,1546.0,,2,3.0,-44.0,38,0.4134328897083284,0.18265789182478773,0.008511331350206337,105,62.973,0.5960907815331161
2026-07-10 21:05:19.607000+00:00,48,-40,80.0,1.0,6,2.0,6.680433827868773e-05,1448,2.79,0.006006006006006005,0.0027235375686919007,867,cwpb-2m,0,1.0,619.0,-92.0,12,0.0,5004736.0,866.7,-59.0,-60.0,33.0,8352793.0,9304.0,780.0,9304.0,,5,3.0,-32.0,86,0.7958037226616113,0.2958218600141197,0.009871093128198085,105,2.323,1.0916255826757308
2026-07-10 21:08:39.442000+00:00,48,-48,80.0,2.0,4,2.0,0.2746720318376217,823912,3.944,0.01211244030916162,0.004629962508345745,433,cwpb-2m,0,1.0,330.359,-91.0,12,2.0,4384175.0,234.0,-64.0,-64.0,28.0,3639887.0,1814.0,390.0,1806.0,,3,3.0,-35.0,45,0.11223992867681973,0.1533954670021754,0.30238913440789655,3502,17.642,0.26563539567899513
2026-07-10 21:09:55.724000+00:00,48,-52,80.0,3.0,3,2.0,0.00010957941809118676,1216,28.323,0.01374883079801113,0.011054388577885061,433,cwpb-2m,0,1.0,299.7,-92.0,12,4.0,6029545.0,263.3,-64.0,-65.0,29.0,7338373.0,1617.0,351.0,1617.0,,2,3.0,-44.0,38,0.43119452710912276,0.23930268176161718,0.00663097238783868,63,58.015,0.6704972088707399
2026-07-10 21:11:03.358000+00:00,48,-31,80.0,1.0,7,2.0,6.101753114060481e-05,1448,1.693,0.02040269777974696,0.010694365980175646,867,cwpb-2m,0,1.0,619.0,-91.0,12,0.0,5940595.0,866.7,-54.0,-46.0,37.0,8866915.0,5800.0,780.0,5800.0,,6,3.0,-29.0,91,0.8680871468944934,0.4003332766933206,0.007101259797693675,84,2.875,1.268420423587814
2026-07-10 21:14:14.951000+00:00,48,-49,80.0,2.0,4,2.0,0.34225447959386,2746856,6.531,0.018654063899965538,0.008257408453597657,433,cwpb-2m,0,1.0,330.359,-91.0,12,3.0,6844700.0,325.0,-64.0,-65.0,28.0,5595952.0,4655.0,390.0,4640.0,,3,3.0,-35.0,46,0.30712157521190114,0.2482188202182851,0.29145910207767217,3517,27.483,0.5553403954301862
2026-07-10 21:15:31.459000+00:00,48,-50,80.0,3.0,3,2.0,2.469972157762786e-05,264,40.487,0.013987101855954314,0.009664115864619178,433,cwpb-2m,0,1.0,299.7,-92.0,12,1.0,6444490.0,234.0,-63.0,-63.0,30.0,6868753.0,1344.0,351.0,1344.0,,2,3.0,-41.0,50,0.40158039549214947,0.2622632961527703,0.1581998475918969,1166,46.063,0.6638436916449197
2026-07-10 21:16:48.200000+00:00,48,-31,80.0,1.0,6,2.0,6.244887224780494e-05,1448,2.411,0.0030482941958351797,0.0017112629038056597,867,cwpb-2m,0,1.0,619.0,-92.0,12,0.0,5552246.0,650.0,-54.0,-47.0,38.0,8730063.0,7587.0,780.0,7587.0,,5,3.0,-30.0,87,0.8493394210627938,0.34818217276924135,0.009593098332797301,84,2.537,1.1975215938320352
2026-07-10 21:19:50.777000+00:00,48,-49,80.0,2.0,4,2.0,0.103307596276319,703728,5.862,0.005228178998670802,0.002871963432797493,433,cwpb-2m,0,1.0,330.359,-89.0,12,3.0,5107850.0,175.5,-64.0,-64.0,25.0,4939698.0,4691.0,390.0,4673.0,,3,3.0,-34.0,44,0.2568933412339485,0.18425456976709534,0.005782844980543741,63,104.893,0.4411479110010439
2026-07-10 21:21:06.392000+00:00,48,-58,80.0,3.0,3,2.0,0.0002563078140453625,2896,28.552,0.017746270861024958,0.011250064198038109,433,cwpb-2m,0,1.0,251.312,-91.0,12,0.0,5041910.0,263.3,-64.0,-65.0,27.0,7376531.0,755.0,292.5,755.0,,2,3.0,-41.0,50,0.43414791428110305,0.2679242594078468,0.0,0,58.537,0.7020721736889499
2026-07-10 21:22:31.926000+00:00,48,-31,80.0,1.0,5,2.0,0.0,0,1.935,0.004891448825875055,0.002792871449848493,867,cwpb-2m,0,1.0,619.0,-91.0,12,0.0,7182594.0,780.0,-57.0,-58.0,35.0,9475812.0,10065.0,780.0,10065.0,,4,3.0,-27.0,80,0.9233243896567047,0.651359142697566,0.0,0,2.143,1.5746835323542707
2026-07-10 21:25:26.279000+00:00,48,-49,80.0,2.0,4,2.0,0.29750324261471106,2777424,9.172,0.013132476739034116,0.011151969595809151,433,cwpb-2m,0,1.0,330.359,-92.0,12,4.0,6176497.0,390.0,-64.0,-65.0,28.0,6495525.0,4567.0,390.0,4553.0,,3,3.0,-34.0,47,0.3528239938946865,0.29165711375648495,0.00206677871306565,21,8.862,0.6444811076511714
2026-07-10 21:26:42.350000+00:00,48,-56,80.0,3.0,4,2.0,0.00023919995102981897,2896,30.989,0.008817998326195047,0.008931744645883621,390,cwpb-2m,0,1.0,299.7,-90.0,12,2.0,5711158.0,390.0,-65.0,-66.0,26.0,8091846.0,1580.0,351.0,1580.0,,3,3.0,-41.0,52,0.47216448015986884,0.2841996051912525,0.002763068396858884,21,55.753,0.7563640853511213
2026-07-10 21:28:16.447000+00:00,48,-33,80.0,1.0,6,2.0,0.0,0,2.729,0.005761827401171664,0.0027980072928971292,867,cwpb-2m,0,1.0,619.0,-90.0,12,0.0,7013914.0,866.7,-59.0,-60.0,33.0,9293607.0,8996.0,780.0,8996.0,,5,3.0,-26.0,89,0.9531689098537685,0.5678318141413313,0.0,0,1.349,1.5210007239950998
2026-07-13 12:47:56.642000+00:00,44,-32,80.0,1.0,6,2.0,7.348254067880422e-05,1448,2.531,0.006539654408506867,0.0024862616198448977,527,cwpb-2m,0,1.0,619.0,-92.0,8,0.0,7835660.0,585.0,-54.0,-49.0,38.0,11176887.0,26469.0,780.0,26469.0,4.0,5,3.0,-37.0,84,0.7249572189272319,0.6060433687320932,0.003836184183510156,42,1.791,1.3310005876593252
2026-07-13 12:50:59.852000+00:00,44,-53,80.0,3.0,1,2.0,0.00011451810848634516,1448,47.603,0.00498400039383646,0.008562991114991526,433,cwpb-2m,0,1.0,330.359,-92.0,8,0.0,8341867.0,263.3,-59.0,-59.0,33.0,8177716.0,4839.0,390.0,4839.0,,0,3.0,-37.0,32,0.4897728403095864,0.44195788052019014,0.0,0,21.799,0.9317307208297765
2026-07-13 12:52:04.030000+00:00,44,-48,80.0,3.0,1,2.0,0.0,0,20.338,0.020371190862994146,0.011387191207436701,433,cwpb-2m,0,1.0,330.359,-92.0,8,0.0,16242366.0,433.3,-61.0,-61.0,32.0,16050416.0,8834.0,390.0,8834.0,,0,3.0,-37.0,32,0.4931663755806489,0.4314280670266991,0.0019178060708276812,21,27.23,0.924594442607348
2026-07-13 12:53:41.495000+00:00,44,-40,80.0,1.0,7,2.0,6.683224334368776e-05,1448,2.431,0.0024929847880667557,0.0022520671768270764,780,cwpb-2m,0,1.0,619.0,-91.0,8,0.0,14624805.0,780.0,-62.0,-56.0,29.0,20044172.0,42998.0,780.0,42998.0,4.0,6,3.0,-33.0,85,0.798007783587295,0.6082767480054379,0.0,0,2.393,1.4062845315927328
2026-07-13 13:01:42.669000+00:00,44,-37,80.0,2.0,1,2.0,0.3586194264840758,3366600,7.379,0.020554324816619902,0.009924503107185045,433,cwpb-2m,0,1.0,330.359,-90.0,8,11.0,22441485.0,390.0,-58.0,-58.0,33.0,18268935.0,4818.0,390.0,4776.0,,0,11.0,-34.0,34,0.35588315422362526,0.4747953127077878,0.32338127586856713,3524,19.146,0.8306784669314131
2026-07-13 13:03:01.175000+00:00,44,-38,80.0,2.0,1,2.0,0.3059668025578992,2557168,6.391,0.0235494510904347,0.008408402239227569,433,cwpb-2m,0,1.0,330.359,-92.0,8,1.0,5692843.0,390.0,-54.0,-55.0,38.0,5368628.0,521.0,390.0,520.0,,0,3.0,-30.0,36,0.31010565305793075,0.3766604982287765,0.002525797910736079,21,35.866,0.6867661512867073
2026-07-13 13:03:15.432000+00:00,44,-49,80.0,3.0,1,2.0,0.0006538648237964121,2896,22.525,0.0381981981981982,0.017739715474295106,433,cwpb-2m,0,1.0,330.359,-91.0,8,0.0,31798878.0,234.0,-61.0,-62.0,30.0,27177312.0,15350.0,390.0,15350.0,,0,3.0,-37.0,35,0.1845682543340752,0.32883823484242125,0.005908145120616775,63,33.091,0.5134064891764964
2026-07-13 13:05:03.805000+00:00,44,-37,80.0,2.0,1,2.0,0.18812206605240112,579200,4.894,0.046228523605572794,0.010583431770325101,433,cwpb-2m,0,1.0,330.359,-91.0,8,2.0,7217997.0,390.0,-54.0,-54.0,38.0,2658869.0,398.0,390.0,390.0,,0,3.0,-30.0,36,0.11811188102710278,0.5004121127579106,0.0018076915138505914,21,16.372,0.6185239937850134
2026-07-13 13:07:16.285000+00:00,44,-38,80.0,1.0,6,2.0,0.0,0,,0.00090779303894058,0.0011951106774176982,650,cwpb-2m,0,1.0,619.0,-92.0,8,0.0,5520196.0,866.7,-54.0,-49.0,38.0,812780.0,262.0,780.0,262.0,4.0,5,11.0,-33.0,81,0.0,0.0,0.0,0,,0.0
2026-07-13 13:09:38.329000+00:00,161,-39,80.0,1.0,4,2.0,0.0,0,2.5,0.002981341997735441,0.002030712341430846,867,cwpb-2m,0,1.0,619.0,-92.0,11,0.0,6435945.0,866.7,-56.0,-53.0,36.0,8353883.0,2264.0,780.0,2264.0,4.0,3,11.0,-31.0,85,0.9552995575484576,0.8260087305641562,0.0,0,2.058,1.7813082881126139
2026-07-13 13:12:50.029000+00:00,161,-40,80.0,1.0,4,2.0,0.0,0,2.454,0.003450007384433614,0.002346053104617123,867,cwpb-2m,0,1.0,619.0,-92.0,12,0.0,12434077.0,650.0,-54.0,-49.0,38.0,16254830.0,11456.0,780.0,11456.0,4.0,3,3.0,-32.0,83,0.8539921154054038,0.7205015240776087,0.002606154611156164,21,2.338,1.5744936394830125
2026-07-13 13:14:05.653000+00:00,161,-48,80.0,2.0,3,2.0,0.18136615434087056,1416144,6.443,0.013280165411312952,0.006810127882491912,433,cwpb-2m,0,1.0,330.359,-92.0,12,0.0,0.0,390.0,-63.0,-60.0,29.0,0.0,0.0,390.0,0.0,,2,3.0,-39.0,46,0.2953387171980293,0.31302547915315426,0.40931284025394693,3492,11.891,0.6083641963511836
2026-07-13 13:15:19.981000+00:00,161,-39,80.0,3.0,4,2.0,0.00021796455413958536,2896,40.986,0.017068872150839364,0.010040059575779364,433,cwpb-2m,0,1.0,330.359,-91.0,12,1.0,0.0,390.0,-59.0,-60.0,32.0,0.0,0.0,390.0,0.0,,3,3.0,-43.0,35,0.4987237321688615,0.42101090847476363,0.0,0,24.399,0.9197346406436251
2026-07-13 13:18:34.712000+00:00,161,-50,80.0,1.0,4,2.0,0.0,0,2.094,0.010145227194407523,0.0033711673771249554,780,cwpb-2m,0,1.0,619.0,-92.0,12,0.0,6351039.0,866.7,-59.0,-56.0,33.0,8894102.0,7393.0,780.0,7393.0,4.0,3,11.0,-33.0,78,0.8798511795383405,0.706419043564363,0.0,0,2.314,1.5862702231027035
2026-07-13 13:19:41.647000+00:00,161,-52,80.0,2.0,3,2.0,0.1579622866276997,1132336,4.461,0.010925023384039778,0.005958091520723127,433,cwpb-2m,0,1.0,330.359,-92.0,12,7.0,7323089.0,263.3,-65.0,-69.0,26.0,5184106.0,2406.0,390.0,2403.0,,2,3.0,-33.0,45,0.27878863477097643,0.2883543736042682,0.0024658688530577394,21,18.666,0.5671430083752447
2026-07-13 13:20:56.209000+00:00,161,-45,80.0,3.0,3,2.0,0.0,0,22.21,0.007975188303057155,0.010091931590570593,433,cwpb-2m,0,1.0,330.359,-92.0,13,2.0,4590215.0,263.3,-62.0,-63.0,30.0,6296031.0,1442.0,390.0,1442.0,,2,3.0,-37.0,36,0.41047979763898323,0.16622395243164192,0.15560903486277294,1182,92.482,0.5767037500706251
2026-07-13 13:24:19.081000+00:00,161,-41,80.0,1.0,4,2.0,0.0,0,1.983,0.0021759464382415205,0.00146320168455652,867,cwpb-2m,0,1.0,619.0,-91.0,12,0.0,5020602.0,526.6,-56.0,-54.0,35.0,8554503.0,2799.0,780.0,2799.0,4.0,3,3.0,-33.0,80,0.9250839041011467,0.6331239075582993,0.0068335613735416465,63,1.891,1.558207811659446
2026-07-13 13:25:17.399000+00:00,161,-54,80.0,2.0,3,2.0,0.14696738633951603,884728,4.44,0.027493723231428145,0.01304452775923168,433,cwpb-2m,0,1.0,101.39,-91.0,12,1.0,6407216.0,325.0,-66.0,-72.0,24.0,4418243.0,1626.0,117.0,1618.0,,2,3.0,-30.0,46,0.22741081224248258,0.34984485300220575,0.10625217291697685,1157,10.971,0.5772556652446883
2026-07-13 13:26:31.412000+00:00,161,-44,80.0,3.0,3,2.0,0.0,0,55.177,0.01366612514153498,0.008560423193467207,433,cwpb-2m,0,1.0,330.359,-90.0,12,4.0,4797131.0,390.0,-61.0,-62.0,28.0,7395134.0,1411.0,390.0,1411.0,,2,3.0,-37.0,36,0.484210334717394,0.23723845144301436,0.0034781325454704545,42,28.853,0.7214487861604084
2026-07-13 13:30:03.001000+00:00,161,-41,80.0,1.0,4,2.0,6.452834441247006e-05,1448,2.135,0.003016787279082361,0.001695341790354887,650,cwpb-2m,0,1.0,619.0,-92.0,12,0.0,5680529.0,866.7,-59.0,-54.0,33.0,7911389.0,2105.0,780.0,2105.0,4.0,3,3.0,-34.0,78,0.8250511632789719,0.6234919405456707,0.009877537142758942,105,2.053,1.4485431038246426
2026-07-13 13:30:53.188000+00:00,161,-55,80.0,2.0,3,2.0,0.0907979655727473,299736,5.828,0.016080342637719687,0.006360741615736224,433,cwpb-2m,0,1.0,299.7,-92.0,12,3.0,6901347.0,390.0,-64.0,-64.0,28.0,2869271.0,1287.0,351.0,1276.0,,2,3.0,-29.0,48,0.12848518151162258,0.3233724320067388,0.10993611739648732,1199,28.154,0.4518576135183614
2026-07-13 13:32:07.068000+00:00,161,-42,80.0,3.0,4,2.0,0.00033863481965764355,4344,31.77,0.013323487421848076,0.008818242514508755,433,cwpb-2m,0,1.0,330.359,-91.0,12,4.0,5682703.0,234.0,-60.0,-61.0,31.0,7332882.0,1275.0,390.0,1275.0,,3,3.0,-37.0,40,0.4783531181597662,0.2641505466386473,0.12811266085997394,1188,44.279,0.7425036647984136
2026-07-13 13:35:47.899000+00:00,161,-41,80.0,1.0,4,2.0,7.706939017203418e-05,1448,2.646,0.011318859843450008,0.005053155975553387,650,cwpb-2m,0,1.0,619.0,-91.0,12,1.0,6046251.0,780.0,-58.0,-55.0,33.0,7303658.0,3701.0,780.0,3701.0,4.0,3,11.0,-38.0,71,0.6888485909748693,0.6956269005357492,0.0,0,2.191,1.3844754915106185
2026-07-13 13:36:28.854000+00:00,161,-52,80.0,2.0,3,2.0,0.29606357788281973,2102496,5.246,0.015591985428051002,0.013225309434543682,433,cwpb-2m,0,1.0,330.359,-92.0,12,3.0,6519701.0,325.0,-61.0,-61.0,30.0,4854989.0,1419.0,390.0,1416.0,,2,3.0,-31.0,44,0.2716844703797587,0.4148146431611624,0.136193796476053,1196,15.501,0.6864991135409211
2026-07-13 13:37:42.732000+00:00,161,-45,80.0,3.0,4,2.0,0.0003242809682020182,4344,29.154,0.014325801211047113,0.009486929279441222,433,cwpb-2m,0,1.0,251.312,-91.0,12,2.0,6757371.0,234.0,-63.0,-64.0,28.0,7935779.0,3783.0,292.5,3782.0,,3,3.0,-37.0,40,0.5034015979836322,0.34583480495804564,0.0,0,45.394,0.8492364029416778
2026-07-13 13:41:31.372000+00:00,161,-40,80.0,1.0,4,2.0,0.0,0,2.939,0.004115591000836902,0.0022777463920702584,780,cwpb-2m,0,1.0,619.0,-92.0,12,0.0,6187832.0,780.0,-58.0,-57.0,34.0,8935733.0,11093.0,780.0,11093.0,4.0,3,3.0,-34.0,79,0.8539285094279065,0.6915045771118429,0.0,0,2.32,1.5454330865397494
2026-07-13 13:42:04.692000+00:00,161,-52,80.0,2.0,3,2.0,0.28571750137300667,2177792,3.741,0.022173238812583075,0.005906790155159524,433,cwpb-2m,0,1.0,330.359,-91.0,12,0.0,7179348.0,433.3,-62.0,-62.0,28.0,5279105.0,2007.0,390.0,2007.0,,2,3.0,-31.0,43,0.29241455102645136,0.4127878980230081,0.005314390828007486,63,20.974,0.7052024490494595
2026-07-13 13:43:18.560000+00:00,161,-45,80.0,3.0,3,2.0,0.00022404255595864377,2896,15.866,0.00806773987101856,0.007612860150993786,433,cwpb-2m,0,1.0,330.359,-91.0,12,2.0,6970821.0,263.3,-65.0,-65.0,27.0,7882302.0,870.0,390.0,870.0,,2,3.0,-36.0,45,0.5136327312046726,0.35789327528670756,0.007169089157624032,63,20.868,0.8715260064913801
2026-07-13 13:47:15.572000+00:00,161,-38,80.0,1.0,5,2.0,6.16047535561175e-05,1448,1.836,0.004082114901787032,0.0026562580247547637,867,cwpb-2m,0,1.0,619.0,-92.0,12,0.0,6068821.0,526.6,-56.0,-51.0,36.0,8279412.0,2342.0,780.0,2342.0,4.0,4,3.0,-37.0,80,0.8611923244959614,0.6873149379356503,0.0042360071593657315,42,1.96,1.5485072624316119
2026-07-13 13:47:40.440000+00:00,161,-52,80.0,2.0,3,2.0,0.15953969110527655,987536,5.155,0.019424014178112542,0.00916850701042576,433,cwpb-2m,0,1.0,299.7,-92.0,12,2.0,5531158.0,86.7,-65.0,-68.0,27.0,4392896.0,3111.0,351.0,3105.0,,2,3.0,-33.0,42,0.23181772744359846,0.31969931876832697,0.009409948590985389,105,36.932,0.5515170462119254
2026-07-13 13:48:54.089000+00:00,161,-47,80.0,3.0,3,2.0,0.00021590314061525803,2896,40.196,0.016946782848422198,0.010153048122849366,433,cwpb-2m,0,1.0,330.359,-87.0,12,3.0,6473235.0,325.0,-64.0,-64.0,23.0,8800928.0,977.0,390.0,977.0,,2,3.0,-36.0,45,0.5106808189563699,0.3393731476177122,0.0017726844453719612,21,21.126,0.850053966574082
2026-07-13 13:52:59.473000+00:00,161,-40,80.0,1.0,5,2.0,0.0,0,1.943,0.013309703145768719,0.005308407375070618,867,cwpb-2m,0,1.0,619.0,-91.0,12,0.0,5583231.0,526.6,-55.0,-53.0,36.0,8477436.0,8499.0,780.0,8499.0,4.0,4,3.0,-30.0,78,0.8353022288663285,0.5207356858663177,0.006062004275138512,63,2.712,1.3560379147326462
2026-07-13 13:53:16.358000+00:00,161,-53,80.0,2.0,3,2.0,0.014252400148008026,28960,11.737,0.023773937872298537,0.011339941451389245,433,cwpb-2m,0,1.0,330.359,-84.0,12,3.0,4561597.0,263.3,-67.0,-71.0,17.0,1801831.0,979.0,390.0,974.0,,2,3.0,-32.0,45,0.08856621345521962,0.23789621738716757,0.13208390000828954,1220,75.546,0.3264624308423872
2026-07-13 13:54:29.964000+00:00,161,-44,80.0,3.0,3,2.0,0.00021265256141237985,2896,36.583,0.01961305567862945,0.010754968928149554,433,cwpb-2m,0,1.0,330.359,-89.0,12,0.0,4146447.0,175.5,-57.0,-58.0,32.0,7868537.0,1524.0,390.0,1524.0,,2,3.0,-35.0,36,0.5182676581700831,0.18043372881490521,0.005761150002454463,63,73.12,0.6987013869849883
2026-07-13 13:58:45.379000+00:00,161,-48,80.0,1.0,4,2.0,0.0,0,2.196,0.02676906414611333,0.011243901186379746,867,cwpb-2m,0,1.0,619.0,-89.0,12,0.0,3372780.0,650.0,-55.0,-54.0,34.0,8559099.0,3962.0,780.0,3962.0,4.0,3,3.0,-35.0,75,0.921791234033236,0.2503774583175549,0.011980202824088201,105,3.237,1.172168692350791
2026-07-13 13:58:51.697000+00:00,161,-54,80.0,2.0,3,2.0,0.09408403753383937,398200,6.868,0.026749372323142815,0.010298906065430642,433,cwpb-2m,0,1.0,330.359,-91.0,12,3.0,4226077.0,325.0,-64.0,-64.0,26.0,3074108.0,1402.0,390.0,1392.0,,2,3.0,-30.0,37,0.1653566334379439,0.20666214557490245,0.7578802844368748,7048,26.069,0.37201877901284636
2026-07-13 14:00:05.502000+00:00,161,-47,80.0,3.0,3,2.0,0.00022190662160710952,2896,39.74,0.014699945847486831,0.01018180884392173,433,cwpb-2m,0,1.0,330.359,-91.0,12,4.0,6709650.0,200.0,-63.0,-64.0,28.0,7754204.0,3445.0,390.0,3445.0,,2,3.0,-35.0,36,0.49474179087808695,0.3297734734799113,0.0019677244854236936,21,37.522,0.8245152643579983
2026-07-13 14:04:27.816000+00:00,161,-53,80.0,2.0,3,2.0,0.22121356662584535,396752,5.82,0.02562496923152661,0.01303220173591495,433,cwpb-2m,0,1.0,5.242,-92.0,12,4.0,5903208.0,433.3,-65.0,-69.0,26.0,1676890.0,1093.0,6.0,1079.0,,2,3.0,-31.0,43,0.06792111759493967,0.37832973272156334,0.009827908863676977,63,24.901,0.446250850316503
2026-07-13 14:04:31.928000+00:00,161,-37,80.0,1.0,6,2.0,8.044649112044528e-05,1448,1.88,0.0019258602865160237,0.001856607262082071,468,cwpb-2m,0,1.0,619.0,-92.0,12,0.0,1905735.0,27.0,-52.0,-54.0,40.0,7295146.0,10274.0,780.0,10274.0,4.0,5,3.0,-31.0,76,0.6606056247826599,0.12037039049199494,0.017260254637449134,147,3.756,0.7809760152746549
2026-07-13 14:05:41.159000+00:00,161,-45,80.0,3.0,3,2.0,0.00010771203489187167,1448,18.882,0.011509870526263972,0.008361666067484978,433,cwpb-2m,0,1.0,330.359,-91.0,12,2.0,6891893.0,263.3,-63.0,-64.0,28.0,8036401.0,2806.0,390.0,2806.0,,2,3.0,-34.0,36,0.5154175672132905,0.4003509972347064,0.0,0,19.47,0.9157685644479969
2026-07-13 14:10:03.862000+00:00,161,-55,80.0,2.0,3,2.0,0.22972588118614765,1951904,14.101,0.011576822724363707,0.010911612141132968,433,cwpb-2m,0,1.0,5.242,-88.0,12,2.0,4430064.0,234.0,-66.0,-66.0,21.0,5651458.0,3671.0,6.0,3661.0,,2,3.0,-32.0,37,0.31954839852075106,0.158524061541094,0.012320240033588233,126,117.059,0.47807246006184506
2026-07-13 14:10:19.210000+00:00,161,-39,80.0,1.0,5,2.0,0.0023782200476398186,11584,3.446,0.00426524885541279,0.0023968979507986237,780,cwpb-2m,0,1.0,619.0,-90.0,11,0.0,5563365.0,526.6,-57.0,-53.0,33.0,3081844.0,3410.0,780.0,3410.0,4.0,4,3.0,-38.0,82,0.14461644663648388,0.4073044524895486,0.002118308824068564,21,2.658,0.5519208991260325
2026-07-13 14:11:17.012000+00:00,161,-41,80.0,3.0,3,2.0,0.00021879816736981137,2896,26.135,0.014703884212080933,0.008927635971444713,433,cwpb-2m,0,1.0,330.359,-87.0,12,0.0,5558338.0,234.0,-57.0,-58.0,30.0,7735106.0,2877.0,390.0,2877.0,,2,3.0,-34.0,36,0.5019754943651867,0.2222759181294073,0.004119984699228537,42,142.082,0.724251412494594
2026-07-13 14:15:39.513000+00:00,161,-54,80.0,2.0,3,2.0,0.25974650324999066,2248744,7.499,0.01260867424801851,0.01121359971239279,433,cwpb-2m,0,1.0,330.359,-91.0,12,7.0,4738010.0,433.3,-66.0,-66.0,25.0,6249384.0,4634.0,390.0,4613.0,,2,3.0,-33.0,32,0.3410480564657593,0.1448011443353979,0.20080115202078194,2373,84.562,0.48584920080115723
2026-07-13 14:16:04.921000+00:00,161,-38,80.0,1.0,3,2.0,5.73954321574617e-05,1448,1.48,0.002164131344459213,0.0018555800934723435,780,cwpb-2m,0,1.0,619.0,-92.0,12,0.0,4792069.0,780.0,-56.0,-54.0,36.0,8948433.0,3700.0,780.0,3700.0,4.0,2,3.0,-32.0,75,0.9317803032636052,0.5273784419253594,0.0022252871765255254,21,2.422,1.4591587451889647
2026-07-13 14:16:52.629000+00:00,161,-42,80.0,3.0,3,2.0,0.00037821279413342536,4344,19.865,0.019278294688130755,0.010667146012017873,433,cwpb-2m,0,1.0,330.359,-91.0,12,2.0,5828967.0,390.0,-58.0,-58.0,34.0,7021191.0,2882.0,390.0,2882.0,,2,3.0,-36.0,39,0.4503915437269947,0.3217155061833465,0.0020628835089789503,21,48.196,0.7721070499103412
2026-07-13 14:21:14.940000+00:00,161,-52,80.0,2.0,3,2.0,0.15365067062896934,1058488,5.614,0.01183675478757446,0.005705408042730215,433,cwpb-2m,0,1.0,330.359,-91.0,12,6.0,6675889.0,390.0,-66.0,-67.0,25.0,5161483.0,3592.0,390.0,3578.0,,2,3.0,-30.0,35,0.2612964306249352,0.30897492969521806,0.2258406080213067,2355,42.667,0.5702713603201532
2026-07-13 14:21:48.634000+00:00,161,-35,80.0,1.0,4,2.0,0.0,0,1.761,0.005677152562398464,0.002549432489343126,780,cwpb-2m,0,1.0,619.0,-92.0,12,0.0,6894203.0,866.7,-53.0,-50.0,39.0,9100716.0,9138.0,780.0,9138.0,4.0,3,3.0,-37.0,74,0.8354080480736465,0.7069563335914211,0.0022803780645367622,21,2.289,1.5423643816650676
2026-07-13 14:22:28.289000+00:00,161,-42,80.0,3.0,3,2.0,0.0002255216319145008,2896,34.376,0.012189238418746617,0.008547070001540752,433,cwpb-2m,0,1.0,330.359,-91.0,12,7.0,6985629.0,390.0,-58.0,-58.0,34.0,7697851.0,2183.0,390.0,2183.0,,2,3.0,-36.0,39,0.4930678408402732,0.4590219401368406,0.0,0,15.843,0.9520897809771138
2026-07-13 14:26:50.990000+00:00,161,-53,80.0,2.0,3,2.0,0.14193255834835422,1036768,5.574,0.013049771082557967,0.004002876072107237,433,cwpb-2m,0,1.0,5.242,-90.0,12,5.0,4541548.0,390.0,-65.0,-65.0,25.0,5223662.0,3147.0,6.0,3134.0,,2,11.0,-49.0,32,0.27750746882635485,0.18397679639874182,0.2043361044399263,2123,124.603,0.46148426522509667
2026-07-13 14:28:04.028000+00:00,161,-41,80.0,3.0,3,2.0,0.00021825509365793142,2896,40.298,0.008776645497956972,0.008866519439165941,433,cwpb-2m,0,1.0,330.359,-91.0,12,2.0,4666211.0,390.0,-60.0,-59.0,32.0,7640611.0,2296.0,390.0,2296.0,,2,3.0,-36.0,39,0.500549105754012,0.19261661932044755,0.0038403365953318842,42,63.639,0.6931657250744596
2026-07-13 14:32:26.744000+00:00,161,-54,80.0,2.0,3,2.0,0.39100238432906376,3082792,7.656,0.012348249889233496,0.0056842369563852805,433,cwpb-2m,0,1.0,330.359,-90.0,12,6.0,6546405.0,234.0,-66.0,-67.0,24.0,5382989.0,2840.0,390.0,2831.0,,2,3.0,-29.0,36,0.29675610108059575,0.2746981283456698,0.40599851823357547,4627,51.959,0.5714542294262656
2026-07-13 14:33:18.558000+00:00,161,-38,80.0,1.0,4,2.0,0.0,0,2.228,0.0022684980062029243,0.0017117764881105235,867,cwpb-2m,0,1.0,619.0,-91.0,13,1.0,6649862.0,650.0,-56.0,-56.0,35.0,8242761.0,2084.0,780.0,2084.0,4.0,3,3.0,-33.0,82,0.8635169513728064,0.749035602307244,0.001934937711923764,21,1.536,1.6125525536800502
2026-07-13 14:33:39.965000+00:00,161,-41,80.0,3.0,3,2.0,0.00011943794285771003,864,17.944,0.0,0.8643623850855118,433,cwpb-2m,0,1.0,330.359,-92.0,12,6.0,6974638.0,390.0,-59.0,-59.0,34.0,4628261.0,720.0,390.0,720.0,,2,3.0,-37.0,36,0.28642131149072425,0.47365085665446377,0.0,0,19.385,0.7600721681451881
2026-07-13 14:38:02.370000+00:00,161,-55,80.0,2.0,3,2.0,0.3476523161631524,2836632,19.015,0.02384482843499237,0.010073442555595502,433,cwpb-2m,0,1.0,227.171,-90.0,12,7.0,6258226.0,200.0,-68.0,-69.0,22.0,5446809.0,2760.0,263.3,2746.0,,2,3.0,-30.0,35,0.3011552081778914,0.2465899765905724,0.2153691526541994,2403,121.685,0.5477451847684638
2026-07-13 14:39:03.575000+00:00,161,-35,80.0,1.0,6,2.0,0.0,0,2.502,0.011405503864520257,0.009304606851214628,650,cwpb-2m,0,1.0,619.0,-92.0,12,0.0,3431292.0,526.6,-54.0,-52.0,38.0,8024879.0,12801.0,780.0,12801.0,4.0,5,3.0,-38.0,82,0.7252973455944095,0.3300541070919116,0.013868227240036966,105,2.44,1.055351452686321
2026-07-13 14:39:15.524000+00:00,161,-37,80.0,3.0,3,2.0,0.0002553842061481518,2896,31.833,0.014434106237384925,0.013450772944378821,433,cwpb-2m,0,1.0,330.359,-91.0,12,5.0,3921608.0,263.3,-61.0,-62.0,30.0,6677545.0,1772.0,390.0,1772.0,,2,3.0,-37.0,36,0.42971783352313264,0.13615792234581842,0.13059176749105986,1216,124.993,0.5658757558689511
2026-07-13 14:43:38.091000+00:00,161,-53,80.0,2.0,1,2.0,0.37695057220958106,2985776,12.957,0.04494264756559838,0.012468286169174671,433,cwpb-2m,0,1.0,330.359,-91.0,12,4.0,4326527.0,263.3,-70.0,-71.0,21.0,5235277.0,3306.0,390.0,3298.0,,0,3.0,-32.0,49,0.292385330026049,0.13938290235302356,0.20687257958475527,2410,102.635,0.4317682323790726
2026-07-13 14:44:49.446000+00:00,161,-37,80.0,1.0,4,2.0,0.00018456647941111334,2896,2.571,0.16098065278393145,0.03638744799958913,650,cwpb-2m,0,1.0,563.578,-91.0,12,0.0,1618433.0,216.0,-52.0,-49.0,39.0,7543059.0,15981.0,702.0,15981.0,4.0,3,3.0,-36.0,84,0.5733908813564512,0.03237021191365474,0.4779682014193024,3508,13.204,0.605761093270106
2026-07-13 14:44:53.199000+00:00,161,-40,80.0,3.0,3,2.0,0.00033205315011995023,2896,28.743,0.022803130999852313,0.013419957886087004,433,cwpb-2m,0,1.0,330.359,-91.0,11,2.0,5720075.0,135.0,-61.0,-63.0,30.0,5201324.0,1601.0,390.0,1601.0,,2,3.0,-34.0,37,0.33369940383600794,0.17770331295589253,0.011289295123201547,105,103.72,0.5114027167919004
2026-07-13 14:49:13.654000+00:00,161,-53,80.0,2.0,3,2.0,0.4663287360395751,4303456,10.364,0.04812484615763305,0.012941297313954086,433,cwpb-2m,0,1.0,330.359,-92.0,12,4.0,6092062.0,325.0,-69.0,-69.0,23.0,6009998.0,5742.0,390.0,5730.0,,2,11.0,-48.0,44,0.3440696055357041,0.28144803422044234,0.007360034662633002,63,61.649,0.6255176397561464
2026-07-13 14:50:29.081000+00:00,161,-40,80.0,3.0,3,2.0,0.00040863247396175035,4344,24.867,0.03080785703736524,0.010799650762672693,433,cwpb-2m,0,1.0,330.359,-90.0,12,2.0,5450435.0,175.5,-61.0,-62.0,30.0,6277870.0,2352.0,390.0,2352.0,,2,3.0,-34.0,37,0.4030165285910017,0.22182960378228267,0.1262271305078394,1294,198.937,0.6248461323732843
2026-07-13 14:54:49.566000+00:00,161,-53,80.0,2.0,3,2.0,0.0002508244918702691,2896,38.474,0.012189238418746614,0.01058497252323969,433,cwpb-2m,0,1.0,299.7,-90.0,12,2.0,3689446.0,234.0,-67.0,-68.0,23.0,7529077.0,8491.0,351.0,8484.0,,2,3.0,-29.0,50,0.4370139598002803,0.11360501297761966,0.13719542488729247,1206,116.621,0.5506189727779
2026-07-13 14:56:04.836000+00:00,161,-41,80.0,3.0,3,2.0,0.0003651068420058011,4344,36.65,0.010048737261852016,0.009709311283447179,433,cwpb-2m,0,1.0,330.359,-90.0,12,0.0,6356684.0,433.3,-62.0,-62.0,29.0,6941938.0,2221.0,390.0,2221.0,,2,3.0,-35.0,45,0.4459169024711257,0.32354843780456227,0.0019225004277782102,21,38.102,0.7694653402756879
2026-07-13 15:00:25.289000+00:00,161,-55,80.0,2.0,3,2.0,0.0002986389554838442,2896,34.395,0.006775956284153008,0.008751990139181346,433,cwpb-2m,0,1.0,330.359,-90.0,12,3.0,5638633.0,390.0,-70.0,-71.0,20.0,6503925.0,3979.0,390.0,3929.0,,2,3.0,-29.0,43,0.3884092268684683,0.2147694119273921,0.09776357799513345,1180,53.593,0.6031786387958604
2026-07-13 15:01:40.743000+00:00,161,-41,80.0,3.0,3,2.0,0.0,0,20.556,0.019995077044257372,0.012392275692054852,433,cwpb-2m,0,1.0,330.359,-91.0,12,0.0,7207469.0,325.0,-61.0,-62.0,31.0,7143829.0,1958.0,390.0,1958.0,,2,3.0,-35.0,45,0.4606823628178517,0.4050773311839273,0.0,0,20.008,0.865759694001779
2026-07-13 15:06:01.182000+00:00,161,-55,80.0,2.0,3,2.0,0.00023720442545729385,2896,34.88,0.03136316644513366,0.010798623594062967,433,cwpb-2m,0,1.0,76.703,-89.0,12,2.0,5540905.0,234.0,-69.0,-69.0,20.0,7955438.0,5969.0,87.8,5936.0,,2,3.0,-31.0,44,0.4754953346888272,0.22957623361741003,0.0053119214855356,63,76.303,0.7050715683062372
2026-07-13 15:07:16.120000+00:00,161,-40,80.0,3.0,3,2.0,0.00022066910795185134,2896,32.915,0.017746270861024965,0.010995839967130607,433,cwpb-2m,0,1.0,330.359,-92.0,12,0.0,6951791.0,390.0,-61.0,-62.0,31.0,7747545.0,1793.0,390.0,1793.0,,2,3.0,-40.0,45,0.5020256517886845,0.4150236379374727,0.0018826095640385359,21,20.239,0.9170492897261573
2026-07-13 15:11:36.566000+00:00,161,-53,80.0,2.0,3,2.0,0.0007858761032746569,8688,10.108,0.05050755673706493,0.012883775871809357,433,cwpb-2m,0,1.0,330.359,-91.0,12,4.0,6683860.0,390.0,-69.0,-69.0,23.0,7208684.0,4298.0,390.0,4281.0,,2,11.0,-45.0,48,0.42237657370487425,0.306901193443452,0.002460973447518041,21,29.306,0.7292777671483263
2026-07-13 15:12:51.789000+00:00,161,-42,80.0,3.0,3,2.0,0.00022207267292120912,2896,17.958,0.01120464727022104,0.009989214729597863,433,cwpb-2m,0,1.0,330.359,-92.0,12,1.0,6790711.0,390.0,-61.0,-61.0,31.0,7703478.0,1765.0,390.0,1765.0,,2,3.0,-40.0,45,0.5020256517886845,0.3293721453253206,0.006633109848315271,63,21.107,0.8313977971140052
2026-07-13 15:17:12.177000+00:00,161,-51,80.0,2.0,3,2.0,0.0002383115789456275,2896,55.741,0.023515974991384827,0.014718299008782293,433,cwpb-2m,0,1.0,330.359,-91.0,12,3.0,7051918.0,433.3,-68.0,-69.0,22.0,7564076.0,3817.0,390.0,3797.0,,2,3.0,-30.0,36,0.4591599374928621,0.3294419590635925,0.0024611500512817645,21,31.479,0.7886018965564546
2026-07-13 15:18:27.545000+00:00,161,-45,80.0,3.0,3,2.0,0.000216958685562811,2896,34.226,0.012334957908728397,0.008812079502850392,433,cwpb-2m,0,1.0,330.359,-92.0,12,2.0,7337470.0,390.0,-64.0,-65.0,29.0,7881886.0,1412.0,390.0,1412.0,,2,3.0,-33.0,42,0.5137353551269912,0.3589519802063965,0.0,0,42.851,0.8726873353333877
2026-07-13 15:22:48.193000+00:00,161,-53,80.0,2.0,4,2.0,0.00032447051137150145,3344,49.668,0.015144981046620392,0.010653792820091419,433,cwpb-2m,0,1.0,330.359,-90.0,12,2.0,6155192.0,390.0,-71.0,-71.0,20.0,6837881.0,9300.0,390.0,9259.0,,3,3.0,-31.0,41,0.38837041311540854,0.267410463128754,0.007697624830736689,84,42.97,0.6557808762441626
2026-07-13 15:24:03.510000+00:00,161,-39,80.0,3.0,3,2.0,0.0002250940010231727,2896,27.322,0.02045192733717324,0.010537722767192236,433,cwpb-2m,0,1.0,330.359,-91.0,12,0.0,6892691.0,325.0,-61.0,-62.0,30.0,7527957.0,1599.0,390.0,1599.0,,2,3.0,-33.0,42,0.4887855769627385,0.38149702889533166,0.0023885313839222357,21,15.768,0.8702826058580702
2026-07-13 15:28:24.182000+00:00,161,-54,80.0,2.0,3,2.0,0.00011992070017732246,1448,34.767,0.026524885541278978,0.011550511016383339,433,cwpb-2m,0,1.0,101.39,-89.0,12,2.0,3485478.0,175.5,-71.0,-72.0,18.0,7477759.0,6750.0,117.0,6745.0,,2,3.0,-30.0,37,0.4577750116569454,0.11699614111358929,0.1365223703621891,1200,228.382,0.5747711527705347
2026-07-13 15:29:39.195000+00:00,161,-41,80.0,3.0,3,2.0,0.0003965537570862376,4344,80.865,0.006460887116624823,0.008870114529299986,433,cwpb-2m,0,1.0,330.359,-91.0,12,0.0,6837631.0,433.3,-62.0,-62.0,30.0,6427669.0,2044.0,390.0,2044.0,,2,3.0,-33.0,42,0.41187403471388084,0.32524196209578793,0.0,0,34.164,0.7371159968096688
2026-07-13 15:33:59.830000+00:00,161,-55,80.0,2.0,3,2.0,0.0002807686283199134,2896,53.759,0.011224339093191552,0.009686199989728316,433,cwpb-2m,0,1.0,330.359,-91.0,12,2.0,5185182.0,175.5,-67.0,-68.0,23.0,6599286.0,5867.0,390.0,5851.0,,2,3.0,-33.0,41,0.39280049387337895,0.16924688080533465,0.004548356743461129,42,81.042,0.5620473746787136
2026-07-13 15:35:14.825000+00:00,161,-40,80.0,3.0,3,2.0,0.00012929083211132077,1448,43.811,0.012496430857086597,0.010087309331826819,433,cwpb-2m,0,1.0,330.359,-91.0,12,0.0,6657563.0,234.0,-61.0,-61.0,31.0,6787043.0,2618.0,390.0,2618.0,,2,3.0,-40.0,38,0.4297607795388755,0.3843366209796105,0.006939726014692721,84,34.994,0.814097400518486
2026-07-13 15:39:35.239000+00:00,161,-53,80.0,2.0,3,2.0,0.00012711161883966718,1448,31.871,0.012415694382907499,0.010398027836269324,433,cwpb-2m,0,1.0,227.171,-89.0,12,0.0,5320443.0,263.3,-67.0,-67.0,22.0,7600974.0,5855.0,263.3,5827.0,,2,3.0,-34.0,35,0.4533902382076796,0.25628153083246763,0.002061106550488476,21,78.306,0.7096717690401473
2026-07-13 15:40:50.342000+00:00,161,-42,80.0,3.0,3,2.0,0.00022844020095879236,2896,31.65,0.007081179540195932,0.007156283703970007,433,cwpb-2m,0,1.0,330.359,-91.0,12,0.0,6538349.0,234.0,-62.0,-63.0,29.0,7644551.0,3834.0,390.0,3834.0,,2,3.0,-40.0,38,0.49031126737768616,0.26576341119153163,0.0037676319788283574,42,66.548,0.7560746785692178
2026-07-13 15:45:11.184000+00:00,161,-51,80.0,2.0,4,2.0,0.00013314218725035454,1448,25.435,0.013610988037217546,0.010300446818345233,433,cwpb-2m,0,1.0,330.359,-91.0,12,2.0,6102152.0,390.0,-65.0,-66.0,26.0,7025225.0,3857.0,390.0,3838.0,,3,3.0,-29.0,42,0.426807097205275,0.30025209693180027,0.005662437557217858,63,36.326,0.7270591941370752
2026-07-13 15:46:26.219000+00:00,161,-42,80.0,3.0,3,2.0,0.00021724654791905224,2896,50.754,0.011338551666420518,0.00960505366955986,433,cwpb-2m,0,1.0,330.359,-90.0,12,1.0,5826853.0,200.0,-62.0,-63.0,28.0,7914615.0,2631.0,390.0,2631.0,,2,3.0,-41.0,35,0.5138380200660654,0.26684471513703656,0.008282976886663164,63,110.15,0.7806827352031019
2026-07-13 15:50:47.424000+00:00,161,-52,80.0,2.0,3,2.0,0.00012311711135166076,1448,28.689,0.015267070349037562,0.010350778080221869,433,cwpb-2m,0,1.0,251.312,-91.0,12,1.0,6000624.0,234.0,-69.0,-69.0,22.0,7580140.0,6992.0,292.5,6980.0,,2,11.0,-50.0,51,0.45048157701909397,0.21912765269864934,0.004215786519179459,42,64.157,0.6696092297177433
2026-07-13 15:52:02.094000+00:00,161,-41,80.0,3.0,3,2.0,0.0003348773534178824,4344,15.985,0.015032737655688477,0.009175697190693851,433,cwpb-2m,0,1.0,330.359,-89.0,12,0.0,5644539.0,263.3,-62.0,-63.0,27.0,7498208.0,2046.0,390.0,2046.0,,2,3.0,-41.0,35,0.4917389641347189,0.22882749487464893,0.005767285756380844,63,37.939,0.7205664590093679
2026-07-13 15:56:22.990000+00:00,161,-56,80.0,2.0,3,2.0,0.00024154839118397216,2896,23.779,0.026623344656131538,0.013116943146217454,390,cwpb-2m,0,1.0,330.359,-89.0,12,2.0,5535923.0,234.0,-67.0,-68.0,22.0,7507305.0,4442.0,390.0,4439.0,,2,8.0,-50.0,40,0.4650190714511558,0.26235410450050156,0.0034015498105243154,42,86.903,0.7273731759516573
2026-07-13 15:57:37.360000+00:00,161,-41,80.0,3.0,3,2.0,0.00023439422123397433,2896,22.464,0.03116230985083444,0.012795952955677675,433,cwpb-2m,0,1.0,330.359,-91.0,14,0.0,7844589.0,200.0,-61.0,-62.0,31.0,7316537.0,2850.0,390.0,2850.0,,2,3.0,-38.0,46,0.4725891733760831,0.28658973431321544,0.0,0,51.09,0.7591789076892985
2026-07-13 16:01:58.254000+00:00,161,-56,80.0,2.0,3,2.0,0.0003704620769743527,4344,35.862,0.011846600699059715,0.009651276256997588,390,cwpb-2m,0,1.0,299.7,-92.0,12,3.0,6429930.0,390.0,-64.0,-64.0,28.0,7747255.0,5835.0,351.0,5802.0,,2,3.0,-32.0,38,0.4575921028519681,0.36802163502751817,0.11349033013627784,1184,29.017,0.8256137378794863
2026-07-13 16:03:13.002000+00:00,161,-41,80.0,3.0,3,2.0,0.00022072039538476783,2896,11.533,0.011805247870821642,0.007952852960813517,433,cwpb-2m,0,1.0,330.359,-91.0,12,0.0,6525146.0,234.0,-62.0,-62.0,30.0,7933708.0,1342.0,390.0,1342.0,,2,3.0,-38.0,46,0.5182158780064134,0.32638405227962547,0.002161974740362137,21,76.974,0.844599930286039
2026-07-13 16:07:33.950000+00:00,161,-56,80.0,2.0,3,2.0,0.0005196639666544005,5792,25.818,0.03999606163540589,0.020747265163576604,390,cwpb-2m,0,1.0,330.359,-92.0,12,4.0,6437256.0,263.3,-65.0,-64.0,27.0,7286308.0,7659.0,390.0,7554.0,,2,3.0,-32.0,41,0.42233436559318194,0.33192004632927224,0.10042243127764651,1238,53.666,0.7542544119224541
2026-07-13 16:08:48.673000+00:00,161,-42,80.0,3.0,3,2.0,0.0,0,23.276,0.022556983212720916,0.012177597452621848,433,cwpb-2m,0,1.0,330.359,-91.0,12,0.0,7521420.0,433.3,-62.0,-62.0,30.0,7628806.0,2251.0,390.0,2251.0,,2,3.0,-38.0,46,0.4886879077496378,0.49440264658333155,0.0,0,13.402,0.9830905543329693
2026-07-13 16:10:08.474000+00:00,161,-47,80.0,1.0,6,2.0,0.0,0,2.542,0.0031625067690641464,0.001879204971496071,867,cwpb-2m,0,1.0,619.0,-92.0,12,0.0,0.0,702.0,-56.0,-52.0,37.0,0.0,0.0,780.0,0.0,4.0,5,3.0,-34.0,93,0.9325569294798043,0.8364130817558519,0.0016482710886199456,21,3.119,1.7689700112356563
2026-07-13 16:13:09.646000+00:00,161,-50,80.0,2.0,3,2.0,0.00024284551216195504,2896,26.619,0.01946142864175651,0.013328539879821273,433,cwpb-2m,0,1.0,330.359,-91.0,12,3.0,6707630.0,325.0,-62.0,-62.0,29.0,7544857.0,4590.0,390.0,4569.0,,2,8.0,-49.0,43,0.45768353898002334,0.35907551227856194,0.0,0,39.734,0.8167590512585853
2026-07-13 16:14:24.383000+00:00,161,-47,80.0,3.0,3,2.0,0.00022667357182186985,2896,40.249,0.008881012159700684,0.007711468337527606,433,cwpb-2m,0,1.0,330.359,-91.0,13,0.0,6799555.0,325.0,-69.0,-70.0,22.0,7963468.0,2840.0,390.0,2839.0,,2,3.0,-37.0,37,0.5108338854422195,0.3314565095207492,0.009829317209824147,84,49.332,0.8422903949629688
2026-07-13 16:15:53.348000+00:00,161,-38,80.0,1.0,5,2.0,5.692777100150411e-05,1448,2.874,0.006611332644119528,0.0022496533305942173,867,cwpb-2m,0,1.0,619.0,-90.0,13,0.0,6486050.0,866.7,-57.0,-58.0,33.0,9139519.0,3677.0,780.0,3677.0,4.0,4,3.0,-33.0,85,0.9339432249272671,0.8986114138288688,0.0,0,2.784,1.832554638756136
2026-07-13 16:18:45.412000+00:00,161,-50,80.0,2.0,3,2.0,0.00023938083441400222,2896,62.408,0.02479988184906218,0.01303631041035386,433,cwpb-2m,0,1.0,5.242,-91.0,13,3.0,6275602.0,325.0,-67.0,-67.0,24.0,7667192.0,6142.0,6.0,6129.0,,2,3.0,-32.0,47,0.4577750116569454,0.3623545488013618,0.004433792760071284,42,43.371,0.8201295604583072
2026-07-13 16:20:00.027000+00:00,161,-46,80.0,3.0,3,2.0,0.0,0,20.212,0.017190961453256534,0.009334394740896718,433,cwpb-2m,0,1.0,330.359,-92.0,13,1.0,6334796.0,433.3,-62.0,-62.0,30.0,7916690.0,2757.0,390.0,2757.0,,2,3.0,-37.0,37,0.5109359807525907,0.33725476541150873,0.0023267911507233144,21,27.954,0.8481907461640994
2026-07-13 16:21:38.221000+00:00,161,-51,80.0,1.0,4,2.0,0.0,0,2.83,0.009536749864618716,0.0038082276205639158,867,cwpb-2m,0,1.0,619.0,-92.0,13,0.0,5785188.0,866.7,-56.0,-51.0,36.0,8232460.0,4223.0,780.0,4223.0,4.0,3,3.0,-31.0,91,0.8382241624310124,0.5568589736407547,0.004675469321722903,42,2.947,1.395083136071767
2026-07-13 16:24:21.048000+00:00,161,-54,80.0,2.0,3,2.0,0.00015295668551060828,1448,13.921,0.04271156402303943,0.008341122695290432,433,cwpb-2m,0,1.0,299.7,-92.0,13,0.0,6506579.0,390.0,-67.0,-68.0,24.0,6541656.0,5557.0,351.0,5536.0,,2,3.0,-35.0,44,0.3707612406503251,0.3151751177892162,0.0023953711706710653,21,54.61,0.6859363584395413
2026-07-13 16:25:35.781000+00:00,161,-43,80.0,3.0,3,2.0,0.00022462547624797866,2896,28.697,0.008378870673952642,0.008927122387139849,433,cwpb-2m,0,1.0,330.359,-91.0,13,2.0,7040154.0,325.0,-65.0,-65.0,27.0,7899268.0,4338.0,390.0,4337.0,,2,3.0,-42.0,39,0.49611946764999415,0.34813428868875657,0.006313203257823424,63,30.553,0.8442537563387507
2026-07-13 16:27:22.940000+00:00,161,-34,80.0,1.0,5,2.0,5.564967100572699e-05,1448,2.283,0.008244178604834342,0.002213137486518412,867,cwpb-2m,0,1.0,619.0,-92.0,13,0.0,6983072.0,866.7,-51.0,-45.0,41.0,9157878.0,1677.0,780.0,1677.0,4.0,4,3.0,-31.0,90,0.9550771080260562,1.0,0.0,0,2.376,1.9550771080260563
2026-07-13 16:37:03.460000+00:00,161,-37,80.0,1.0,5,2.0,0.0,0,2.277,0.0038044601979028204,0.0020723126701248013,780,cwpb-2m,0,1.0,619.0,-92.0,13,0.0,6790037.0,866.7,-56.0,-55.0,36.0,10039790.0,2662.0,780.0,2662.0,4.0,4,7.0,-47.0,87,0.9624330758416642,0.8514316186812192,0.0042358327663167645,42,1.765,1.8138646945228833
2026-07-13 16:38:28.627000+00:00,161,-55,80.0,2.0,3,2.0,0.04117111337156914,198376,19.413,0.036353074385861266,0.02442452878640029,433,cwpb-2m,0,1.0,330.359,-91.0,13,0.0,0.0,325.0,-65.0,-66.0,26.0,0.0,0.0,390.0,0.0,,2,3.0,-32.0,43,0.18896013062142203,0.08414618005399864,0.12408350782347197,1206,250.509,0.2731063106754207
2026-07-13 16:39:53.246000+00:00,161,-51,80.0,3.0,3,2.0,0.0002073609155083305,2896,27.429,0.006102495938561512,0.007342201222330645,433,cwpb-2m,0,1.0,330.359,-90.0,13,4.0,7046121.0,390.0,-64.0,-66.0,26.0,8165428.0,941.0,390.0,941.0,,2,3.0,-43.0,42,0.5271796101984824,0.421304149903552,0.001924586193300304,21,32.065,0.9484837601020344
2026-07-13 16:42:48.217000+00:00,161,-41,80.0,1.0,5,2.0,0.0,0,2.161,0.005570816718357702,0.002143187304195984,867,cwpb-2m,0,1.0,619.0,-91.0,13,0.0,5893609.0,866.7,-58.0,-59.0,33.0,8940168.0,3959.0,780.0,3959.0,4.0,4,3.0,-34.0,82,0.9371387884553621,0.7475665420004177,0.004437330309821634,42,2.272,1.6847053304557797
2026-07-13 16:44:04.274000+00:00,161,-52,80.0,2.0,3,2.0,0.16330555103687208,752960,17.09,0.035720966868507856,0.02651892558163423,433,cwpb-2m,0,1.0,330.359,-92.0,13,0.0,4637135.0,292.5,-65.0,-66.0,27.0,5183932.0,1467.0,390.0,1465.0,,2,3.0,-34.0,40,0.1713135753488301,0.08722036605863448,0.20463544848222914,2323,257.185,0.25853394140746455
2026-07-13 16:45:28.795000+00:00,161,-44,80.0,3.0,3,2.0,0.0,0,14.441,0.016100034460690197,0.009268142365569308,433,cwpb-2m,0,1.0,330.359,-91.0,13,0.0,6575027.0,87.8,-65.0,-66.0,26.0,7971778.0,2176.0,390.0,2176.0,,2,3.0,-43.0,42,0.5153660615105611,0.2361996477480833,0.0021089302046412807,21,74.308,0.7515657092586444
2026-07-13 16:48:32.057000+00:00,161,-40,80.0,1.0,5,2.0,0.0,0,2.404,0.0033082262590459315,0.002156026911817575,867,cwpb-2m,0,1.0,619.0,-92.0,13,0.0,6350134.0,866.7,-57.0,-52.0,35.0,8535261.0,5010.0,780.0,5010.0,4.0,4,3.0,-32.0,73,0.873148651875356,0.6873435329503172,0.0,0,2.658,1.5604921848256732
2026-07-13 16:49:39.951000+00:00,161,-52,80.0,2.0,3,2.0,0.15415757438710345,863008,18.021,0.04580908777630089,0.026978583534487188,433,cwpb-2m,0,1.0,330.359,-92.0,13,0.0,4895101.0,263.3,-66.0,-66.0,26.0,5145355.0,1743.0,390.0,1737.0,,2,3.0,-37.0,42,0.20969048921060082,0.08044693567971233,0.004782947627726299,42,255.923,0.29013742489031313
2026-07-13 16:51:04.505000+00:00,161,-43,80.0,3.0,3,2.0,0.00021847602015043506,2896,30.962,0.008227243637079705,0.009119716501463714,433,cwpb-2m,0,1.0,330.359,-92.0,13,1.0,7282456.0,390.0,-63.0,-63.0,30.0,7939452.0,1223.0,390.0,1223.0,,2,3.0,-40.0,42,0.5168427550965513,0.4382696981191081,0.0020997199627320684,21,20.698,0.9551124532156594
2026-07-13 16:54:15.684000+00:00,161,-39,80.0,1.0,6,2.0,1.7389139701942023e-05,464,2.513,0.002732437355388175,0.001697601561296287,867,cwpb-2m,0,1.0,619.0,-91.0,13,1.0,6365655.0,866.7,-57.0,-52.0,34.0,9222347.0,2665.0,780.0,2665.0,4.0,5,3.0,-35.0,82,0.9809921731572784,0.8572080059526759,0.0,0,2.328,1.8382001791099543
2026-07-13 16:55:15.568000+00:00,161,-54,80.0,2.0,3,2.0,0.3122976898185479,1437864,3.14,0.01646433318564466,0.006242103641312721,433,cwpb-2m,0,1.0,330.359,-91.0,13,0.0,5246632.0,263.3,-66.0,-67.0,25.0,5448206.0,1916.0,390.0,1915.0,,2,3.0,-31.0,33,0.1727731495608471,0.08888004282595999,0.004913837089277373,42,187.908,0.26165319238680707
2026-07-13 16:56:40.183000+00:00,161,-43,80.0,3.0,3,2.0,0.0,0,13.364,0.015202087333234873,0.008380155102460068,433,cwpb-2m,0,1.0,330.359,-91.0,13,0.0,7393588.0,325.0,-63.0,-63.0,29.0,7966901.0,1204.0,390.0,1204.0,,2,3.0,-40.0,42,0.5198480907136914,0.3781792435677361,0.004640359810298085,42,38.819,0.8980273342814276
2026-07-13 17:00:00.536000+00:00,161,-40,80.0,1.0,6,2.0,0.0,0,2.0,0.0017033426869492445,0.0016034101997842946,780,cwpb-2m,0,1.0,619.0,-92.0,12,0.0,5963506.0,866.7,-58.0,-59.0,34.0,8844898.0,2712.0,780.0,2712.0,4.0,5,3.0,-36.0,83,0.9289875618310293,0.7621659995082585,0.0050565611448008,42,2.273,1.6911535613392878
2026-07-13 17:02:15.780000+00:00,161,-41,80.0,3.0,3,2.0,0.0,0,12.373,0.019431890907300742,0.011327101843767656,433,cwpb-2m,0,1.0,330.359,-91.0,13,0.0,7277671.0,234.0,-62.0,-63.0,29.0,8013967.0,1456.0,390.0,1456.0,,2,3.0,-42.0,45,0.5212728358545218,0.41527028353744866,0.0,0,23.244,0.9365431193919704
2026-07-13 17:05:44.350000+00:00,161,-38,80.0,1.0,6,2.0,0.0,0,2.551,0.02596957613351056,0.005943197575882081,867,cwpb-2m,0,1.0,619.0,-92.0,13,0.0,6332904.0,526.6,-55.0,-51.0,37.0,9374867.0,2017.0,780.0,2017.0,4.0,5,3.0,-36.0,79,1.0,0.8883960995072664,0.0,0,2.767,1.8883960995072664
2026-07-13 17:07:51.994000+00:00,161,-43,80.0,3.0,3,2.0,0.0,0,15.711,0.011228277457785653,0.009301525345385446,433,cwpb-2m,0,1.0,330.359,-91.0,15,1.0,6557507.0,263.3,-63.0,-64.0,28.0,7643760.0,2309.0,390.0,2309.0,,2,3.0,-42.0,45,0.4975462988266705,0.28426057832391294,0.14473869025644548,1209,101.713,0.7818068771505835
2026-07-13 17:11:28.218000+00:00,161,-39,80.0,1.0,5,2.0,0.0,0,2.862,0.008040171318859844,0.0033809254789173644,867,cwpb-2m,0,1.0,619.0,-91.0,15,0.0,5099321.0,702.0,-57.0,-53.0,34.0,8729389.0,1810.0,780.0,1810.0,4.0,4,3.0,-34.0,85,0.9286325252812583,0.5344568270130222,0.008842056323457666,84,2.726,1.4630893522942805
2026-07-13 17:13:27.542000+00:00,161,-42,80.0,3.0,3,2.0,0.0001696823556772557,1448,41.807,0.057192930635553585,0.0218971804221663,433,cwpb-2m,0,1.0,330.359,-91.0,13,0.0,7175811.0,263.3,-62.0,-63.0,29.0,5098350.0,996.0,390.0,996.0,,2,3.0,-47.0,42,0.33074631176666275,0.2732335840915141,0.002208379006092169,21,47.813,0.6039798958581768
2026-07-13 17:17:13.005000+00:00,161,-49,80.0,1.0,5,2.0,0.0,0,2.249,0.013479052823315118,0.004157978532176057,867,cwpb-2m,0,1.0,619.0,-91.0,13,0.0,5878852.0,866.7,-56.0,-53.0,35.0,8732276.0,2477.0,780.0,2477.0,4.0,4,3.0,-34.0,90,0.9269737629501442,0.6780146636512838,0.006645534344123467,63,3.117,1.604988426601428
2026-07-13 17:19:03.332000+00:00,161,-42,80.0,3.0,3,2.0,0.00021389962305989223,2896,37.23,0.008896765618077092,0.008763802578193211,433,cwpb-2m,0,1.0,330.359,-91.0,12,0.0,7010772.0,234.0,-62.0,-62.0,30.0,7942304.0,1614.0,390.0,1614.0,,2,3.0,-47.0,42,0.5168944083800908,0.3830402601931948,0.008260366999799361,63,38.23,0.8999346685732856
2026-07-13 17:22:58.040000+00:00,161,-39,80.0,1.0,5,2.0,0.0,0,1.629,0.025798257273667108,0.006696112166812182,867,cwpb-2m,0,1.0,619.0,-90.0,12,0.0,5725845.0,650.0,-57.0,-57.0,34.0,8510662.0,2642.0,780.0,2642.0,4.0,4,3.0,-38.0,83,0.9350451550875932,0.45028439946358956,0.007588384641594622,63,2.86,1.3853295545511828
2026-07-13 17:24:38.578000+00:00,161,-43,80.0,3.0,3,2.0,0.0001257050172744084,1448,24.807,0.010363806429380198,0.008847516819885983,433,cwpb-2m,0,1.0,330.359,-91.0,12,0.0,6686258.0,234.0,-62.0,-63.0,29.0,7069234.0,276.0,390.0,276.0,,2,3.0,-40.0,38,0.4650655315442172,0.2559833480194399,0.009381804892387411,105,81.007,0.7210488795636572
2026-07-13 17:28:42.777000+00:00,161,-38,80.0,1.0,4,2.0,0.0,0,2.133,0.006963028602372865,0.0027481896153253556,867,cwpb-2m,0,1.0,619.0,-91.0,13,0.0,5504893.0,780.0,-56.0,-53.0,35.0,8361857.0,3351.0,780.0,3351.0,4.0,3,3.0,-37.0,82,0.8882043104517415,0.5205251945201194,0.09958998731640492,1203,2.958,1.408729504971861
2026-07-13 17:30:14.229000+00:00,161,-41,80.0,3.0,3,2.0,0.0003151591537767179,2896,26.917,0.018098754492197118,0.012021981408248165,433,cwpb-2m,0,1.0,330.359,-91.0,12,1.0,6549802.0,234.0,-62.0,-63.0,29.0,5729381.0,880.0,390.0,880.0,,2,3.0,-40.0,38,0.36921029170006486,0.22497761303646507,0.011018245651513627,84,48.951,0.5941879047365299
2026-07-13 17:34:26.728000+00:00,161,-39,80.0,1.0,5,2.0,0.0,0,2.852,0.002581597991434057,0.0022530943454368035,780,cwpb-2m,0,1.0,619.0,-91.0,11,1.0,5472845.0,650.0,-56.0,-57.0,34.0,8529975.0,2701.0,780.0,2701.0,4.0,4,3.0,-34.0,88,0.9413700951860308,0.4197781240027002,0.010792638137648875,105,3.969,1.361148219188731
2026-07-13 17:35:49.890000+00:00,161,-42,80.0,3.0,3,2.0,0.00022459360239246358,2896,51.357,0.021115541771279476,0.01147860921370243,433,cwpb-2m,0,1.0,330.359,-91.0,11,0.0,6573294.0,263.3,-62.0,-63.0,30.0,7691566.0,808.0,390.0,808.0,,2,3.0,-40.0,38,0.5049787438580298,0.23773402564775964,0.007147011523606156,63,57.589,0.7427127695057893
2026-07-13 17:40:10.571000+00:00,161,-38,80.0,1.0,4,2.0,0.0,0,1.634,0.00452321173632649,0.0021606491705613478,780,cwpb-2m,0,1.0,619.0,-92.0,10,0.0,5494208.0,468.0,-57.0,-55.0,35.0,8869496.0,2510.0,780.0,2510.0,4.0,3,3.0,-35.0,87,0.9538219535169675,0.5927362576591825,0.007542306776661969,84,2.013,1.54655821117615
2026-07-13 17:41:25.524000+00:00,161,-44,80.0,3.0,3,2.0,0.00022242635840966115,2896,40.657,0.014887018165706688,0.010909044219608649,433,cwpb-2m,0,1.0,330.359,-91.0,8,0.0,7364810.0,234.0,-63.0,-63.0,29.0,7568252.0,2360.0,390.0,2360.0,,2,3.0,-36.0,46,0.49168982954597634,0.3308798777382071,0.00226178012516672,21,44.288,0.8225697072841834
2026-07-13 17:45:55.432000+00:00,161,-37,80.0,1.0,4,2.0,0.0,0,2.015,0.0027942696795155817,0.0023188331364593496,780,cwpb-2m,0,1.0,619.0,-91.0,8,0.0,6007908.0,526.6,-57.0,-58.0,34.0,8938050.0,1906.0,780.0,1906.0,4.0,3,3.0,-39.0,93,0.9808146120022878,0.6056826611525514,0.00201844818719022,21,2.085,1.5864972731548392
2026-07-13 17:47:01.250000+00:00,161,-43,80.0,3.0,3,2.0,0.0002137744340831124,2896,20.624,0.017019642593413084,0.009446356119356993,433,cwpb-2m,0,1.0,330.359,-90.0,8,3.0,6995274.0,263.3,-63.0,-64.0,27.0,7783782.0,1082.0,390.0,1082.0,,2,3.0,-36.0,46,0.5094083819620475,0.3574666616676115,0.11336158203912321,1161,24.823,0.8668750436296591
2026-07-13 17:51:40.381000+00:00,161,-38,80.0,1.0,5,2.0,0.0,0,2.564,0.00510608969625363,0.0026002773355246265,867,cwpb-2m,0,1.0,619.0,-91.0,10,0.0,6564479.0,526.6,-57.0,-53.0,34.0,8917650.0,1582.0,780.0,1582.0,4.0,4,3.0,-37.0,91,0.9899482184440594,0.619838355963077,0.002609624944994719,42,3.119,1.6097865744071365
2026-07-13 17:52:36.953000+00:00,161,-44,80.0,3.0,3,2.0,0.00010683955434613518,1448,37.381,0.012909959139467336,0.007613887319603515,433,cwpb-2m,0,1.0,330.359,-92.0,11,1.0,7172386.0,433.3,-63.0,-63.0,29.0,7992209.0,2808.0,390.0,2808.0,,2,3.0,-42.0,43,0.5138893679245711,0.3912690312921663,0.002261432136049281,21,13.866,0.9051583992167374
2026-07-13 17:57:24.340000+00:00,161,-39,80.0,1.0,5,2.0,0.0,0,2.33,0.004101806724757544,0.0021298341122695293,780,cwpb-2m,0,1.0,619.0,-92.0,11,0.0,6273918.0,866.7,-58.0,-52.0,34.0,9073958.0,3273.0,780.0,3273.0,4.0,4,3.0,-36.0,89,0.9599096672187485,0.6057583344468205,0.0021129146297121705,21,1.632,1.565668001665569
2026-07-13 17:58:12.725000+00:00,161,-45,80.0,3.0,3,2.0,0.00022176153027772332,2896,33.676,0.010066459902525476,0.007406912844743465,433,cwpb-2m,0,1.0,330.359,-91.0,11,3.0,7520150.0,234.0,-64.0,-65.0,27.0,7881424.0,1955.0,390.0,1955.0,,2,3.0,-42.0,43,0.5093574869293808,0.28388699447565247,0.002054316306481793,21,46.949,0.7932444814050332
2026-07-13 18:03:08.217000+00:00,161,-38,80.0,1.0,4,2.0,5.745158521146293e-05,1448,2.343,0.0031684143159552997,0.002121616763391711,650,cwpb-2m,0,1.0,619.0,-91.0,11,0.0,6351172.0,650.0,-56.0,-53.0,35.0,8954528.0,5333.0,780.0,5333.0,4.0,3,3.0,-40.0,79,0.9255464322733752,0.6498994268932555,0.004436947599889352,42,1.301,1.5754458591666307
2026-07-13 18:03:48.423000+00:00,161,-42,80.0,3.0,3,2.0,0.00022075117928943344,2896,32.136,0.009005070644414907,0.009078629757074625,433,cwpb-2m,0,1.0,330.359,-91.0,11,1.0,4804364.0,234.0,-61.0,-62.0,30.0,7736561.0,1293.0,390.0,1293.0,,2,3.0,-38.0,51,0.5078810884165419,0.17122927472399158,0.2019403919329425,2406,122.807,0.6791103631405335
2026-07-13 18:08:52.160000+00:00,161,-38,80.0,1.0,5,2.0,3.789850805605084e-05,944,3.945,0.030581401073204346,0.007042781572595141,867,cwpb-2m,0,1.0,619.0,-91.0,11,0.0,5215670.0,866.7,-58.0,-56.0,33.0,8731195.0,2681.0,780.0,2681.0,4.0,4,3.0,-35.0,75,0.9145043853434451,0.5970749420694981,0.001929567118522076,21,2.622,1.5115793274129432
2026-07-13 18:09:24.093000+00:00,161,-43,80.0,3.0,3,2.0,0.0002236942537412359,2896,23.622,0.013626741495593954,0.00753017307791074,433,cwpb-2m,0,1.0,330.359,-91.0,12,4.0,7374988.0,390.0,-63.0,-63.0,29.0,7554214.0,1848.0,390.0,1848.0,,2,3.0,-38.0,51,0.4871628367583537,0.3822584645973361,0.0019212439619411435,21,30.065,0.8694213013556897
2026-07-13 18:14:37.307000+00:00,161,-39,80.0,1.0,5,2.0,0.0,0,3.287,0.003493329394968739,0.0022443634122541216,324,cwpb-2m,0,1.0,619.0,-91.0,11,0.0,6102285.0,780.0,-57.0,-53.0,33.0,8942276.0,1562.0,780.0,1562.0,4.0,4,3.0,-36.0,73,0.954081885068228,0.7201208679351918,0.0026090624545158925,21,2.977,1.6742027530034198
2026-07-13 18:14:59.939000+00:00,161,-44,80.0,3.0,3,2.0,0.02792291401436133,205616,11.658,0.39105006645990253,0.13781521236711008,433,cwpb-2m,0,1.0,330.359,-92.0,11,0.0,5781417.0,234.0,-62.0,-63.0,30.0,4691074.0,2636.0,390.0,2636.0,,2,3.0,-41.0,40,0.2834685144650467,0.31114362141518564,0.10120985524478703,1206,91.388,0.5946121358802323
2026-07-13 18:20:21.817000+00:00,161,-38,80.0,1.0,5,2.0,0.0,0,2.864,0.0684389307340127,0.01921935185660726,867,cwpb-2m,0,1.0,619.0,-91.0,11,0.0,4462915.0,526.6,-58.0,-59.0,33.0,8785117.0,1763.0,780.0,1763.0,4.0,4,3.0,-36.0,79,0.9571193449667375,0.5124194178541741,0.09593477965023282,1204,1.51,1.4695387628209116
2026-07-13 18:20:35.723000+00:00,161,-44,80.0,3.0,3,2.0,0.0003853250904985515,2896,23.768,0.012049426475655984,0.009404242206358174,433,cwpb-2m,0,1.0,330.359,-91.0,11,3.0,6939752.0,325.0,-63.0,-64.0,28.0,4865381.0,1005.0,390.0,1005.0,,2,3.0,-41.0,40,0.30862895947194063,0.34563288721014207,0.002321645822005873,21,26.318,0.6542618466820826
2026-07-13 18:26:06.669000+00:00,161,-40,80.0,1.0,6,2.0,0.0019820070641575534,46336,2.483,0.09010387436616944,0.028593806173283345,780,cwpb-2m,0,1.0,619.0,-92.0,12,0.0,1352672.0,585.0,-57.0,-56.0,35.0,7789867.0,3744.0,780.0,3744.0,4.0,5,3.0,-37.0,83,0.8582505985893443,0.01955438999682595,0.1686179354944647,1239,12.021,0.8778049885861702
2026-07-13 18:26:11.593000+00:00,161,-43,80.0,3.0,3,2.0,0.00013167274808271266,1448,25.395,0.0417860483434254,0.0202557649838221,433,cwpb-2m,0,1.0,330.359,-90.0,12,0.0,4721441.0,6.0,-63.0,-62.0,27.0,6737390.0,1486.0,390.0,1486.0,,2,3.0,-40.0,40,0.4396592720717863,0.1762797884195302,0.015267603189469398,84,65.705,0.6159390604913165
2026-07-13 18:31:47.200000+00:00,161,-43,80.0,3.0,3,2.0,0.00012595176066450517,1448,33.644,0.007528183921626546,0.00923167787992399,433,cwpb-2m,0,1.0,330.359,-92.0,11,0.0,6797275.0,234.0,-62.0,-62.0,31.0,6893904.0,2265.0,390.0,2265.0,,2,3.0,-40.0,40,0.44014265557931154,0.37553803722283,0.002110877228957246,21,21.438,0.8156806928021416
2026-07-13 18:37:22.732000+00:00,161,-41,80.0,3.0,3,2.0,0.00022460422600585297,2896,17.295,0.013280165411312952,0.008457706332494479,433,cwpb-2m,0,1.0,330.359,-91.0,10,0.0,6451966.0,263.3,-61.0,-62.0,30.0,7898637.0,840.0,390.0,840.0,,2,3.0,-41.0,38,0.5138893679245711,0.3688451836303801,0.003474315455319586,42,33.4,0.8827345515549512
2026-07-13 18:42:58.419000+00:00,161,-41,80.0,3.0,3,2.0,0.00022014733435427988,2896,28.554,0.013236843400777824,0.009851574135894407,433,cwpb-2m,0,1.0,330.359,-91.0,11,0.0,6913327.0,234.0,-62.0,-62.0,30.0,7820118.0,666.0,390.0,666.0,,2,3.0,-41.0,38,0.5064046899037031,0.3525482082665296,0.0016744792561450732,21,16.959,0.8589528981702328
2026-07-13 18:48:34.064000+00:00,161,-41,80.0,3.0,3,2.0,0.00021084133352870682,2896,38.955,0.01247083148722493,0.008306198962559703,433,cwpb-2m,0,1.0,330.359,-91.0,11,2.0,6748199.0,325.0,-61.0,-62.0,30.0,7994449.0,1067.0,390.0,1067.0,,2,3.0,-38.0,40,0.5212728358545218,0.27527758371402344,0.009296652546371884,84,41.212,0.7965504195685452
2026-07-13 18:54:10.241000+00:00,161,-41,80.0,3.0,3,2.0,0.00024600343804583724,2896,15.12,0.01329198050509526,0.007519901391813466,433,cwpb-2m,0,1.0,330.359,-91.0,11,0.0,5223201.0,234.0,-61.0,-61.0,30.0,6976610.0,594.0,390.0,594.0,,2,3.0,-38.0,40,0.4533902382076796,0.22554105058615573,0.23316708189990723,2381,181.954,0.6789312887938354
2026-07-13 18:59:45.542000+00:00,161,-41,80.0,3.0,4,2.0,0.00021491616512260442,2896,36.646,0.016228031309998524,0.009839761696882544,433,cwpb-2m,0,1.0,330.359,-90.0,10,0.0,7208244.0,263.3,-61.0,-62.0,29.0,8047195.0,1185.0,390.0,1185.0,,3,3.0,-40.0,47,0.5183194486825414,0.36801011578232046,0.004025996943724926,42,50.081,0.8863295644648619
2026-07-13 19:05:05.418000+00:00,161,-41,80.0,1.0,4,2.0,5.8971954609937046e-05,1448,2.722,0.0005927238714123959,0.0014462534024960198,867,cwpb-2m,0,1.0,619.0,-91.0,9,0.0,0.0,866.7,-55.0,-52.0,35.0,0.0,0.0,780.0,0.0,4.0,3,3.0,-38.0,103,0.9024765122094675,0.7093056868326648,0.0037033520343321955,42,2.561,1.6117821990421324
2026-07-13 19:07:54.888000+00:00,161,-41,80.0,3.0,4,2.0,0.00021780458734910055,2896,39.263,0.015048491114064881,0.010977864516460378,433,cwpb-2m,0,1.0,330.359,-91.0,9,3.0,7313615.0,263.3,-63.0,-63.0,29.0,8083280.0,1265.0,390.0,1265.0,,3,3.0,-40.0,47,0.500649155545288,0.39793640169629096,0.0022105140808644152,21,20.08,0.898585557241579
2026-07-13 19:10:50.239000+00:00,161,-39,80.0,1.0,5,2.0,0.0,0,2.51,0.005432973957564122,0.0030892095937548147,867,cwpb-2m,0,1.0,619.0,-92.0,10,0.0,5592663.0,866.7,-56.0,-52.0,36.0,8708575.0,1830.0,780.0,1830.0,4.0,4,3.0,-37.0,74,0.928281144816135,0.7194234985148007,0.0021688563817499123,21,1.802,1.6477046433309357
2026-07-13 19:13:31.434000+00:00,161,-43,80.0,3.0,3,2.0,0.00021980085395086892,2896,44.712,0.021834293309703146,0.010530532586924145,433,cwpb-2m,0,1.0,330.359,-92.0,8,4.0,7354878.0,263.3,-62.0,-63.0,30.0,8013072.0,1571.0,390.0,1571.0,,2,3.0,-41.0,33,0.5110381168806771,0.31358581908597066,0.004024500905276025,42,53.407,0.8246239359666478
2026-07-13 19:16:34.990000+00:00,161,-47,80.0,1.0,5,2.0,0.0,0,2.419,0.0015241470979175898,0.0015874890863335218,867,cwpb-2m,0,1.0,619.0,-91.0,11,0.0,6492645.0,866.7,-56.0,-51.0,35.0,9021667.0,3177.0,780.0,3177.0,4.0,4,3.0,-36.0,88,0.9563075733012769,0.8461100079339889,0.004235222503708164,42,4.063,1.8024175812352659
2026-07-13 19:19:06.939000+00:00,161,-43,80.0,3.0,3,2.0,0.0002209977599993424,2896,13.339,0.011352335942499877,0.009942478557855274,433,cwpb-2m,0,1.0,330.359,-89.0,11,1.0,6348620.0,234.0,-62.0,-63.0,28.0,7992300.0,1313.0,390.0,1313.0,,2,3.0,-41.0,33,0.5095102025460895,0.18483921490666372,0.4007561994192154,3521,132.576,0.6943494174527531
2026-07-13 19:22:19.066000+00:00,161,-38,80.0,1.0,5,2.0,0.0,0,2.64,0.003977748240043322,0.0022777463920702584,867,cwpb-2m,0,1.0,619.0,-92.0,11,0.0,6488136.0,702.0,-57.0,-58.0,35.0,8305233.0,2753.0,780.0,2753.0,4.0,4,3.0,-37.0,81,0.8819835980714703,0.6945802683213457,0.0,0,1.979,1.5765638663928159
2026-07-13 19:24:42.749000+00:00,161,-42,80.0,3.0,3,2.0,0.00022449803507680485,2896,41.774,0.00709102545168119,0.010571619331313235,433,cwpb-2m,0,1.0,330.359,-91.0,11,0.0,7463850.0,263.3,-62.0,-63.0,30.0,7771880.0,1159.0,390.0,1159.0,,2,3.0,-35.0,42,0.4991723143784877,0.3828117613304826,0.0,0,38.329,0.8819840757089703
2026-07-13 19:28:03.473000+00:00,161,-37,80.0,1.0,6,2.0,0.0,0,1.949,0.002353172844976123,0.0023665964768116686,867,cwpb-2m,0,1.0,619.0,-91.0,11,0.0,6005947.0,526.6,-54.0,-50.0,37.0,9309119.0,2501.0,780.0,2501.0,4.0,5,3.0,-39.0,81,0.9039128943999395,0.6655320425104527,0.10539512175355607,1219,2.559,1.5694449369103922
2026-07-13 19:30:17.658000+00:00,161,-42,80.0,3.0,3,2.0,0.00022455111798683292,2896,36.831,0.01286860631122926,0.011187406912844745,433,cwpb-2m,0,1.0,330.359,-90.0,11,0.0,6886268.0,325.0,-62.0,-62.0,29.0,7789623.0,1673.0,390.0,1673.0,,2,3.0,-35.0,42,0.500549105754012,0.3025170259012114,0.004216563988928084,42,34.365,0.8030661316552234
2026-07-13 19:33:46.558000+00:00,161,-38,80.0,1.0,4,2.0,0.0,0,2.568,0.006923644956431841,0.002507318576344307,780,cwpb-2m,0,1.0,619.0,-91.0,11,0.0,6202013.0,866.7,-55.0,-50.0,35.0,8310275.0,5465.0,780.0,5465.0,4.0,3,3.0,-37.0,82,0.8581963864638107,0.6023756890556287,0.0023394356046801774,21,2.313,1.4605720755194394
2026-07-13 19:35:53.337000+00:00,161,-42,80.0,3.0,3,2.0,0.00021850618114861378,2896,23.527,0.024258356717373107,0.010900826870730832,433,cwpb-2m,0,1.0,330.359,-89.0,11,1.0,7466541.0,263.3,-62.0,-63.0,27.0,7862497.0,1388.0,390.0,1388.0,,2,3.0,-41.0,45,0.5005991256506598,0.34453343770377864,0.002464687457032799,21,38.292,0.8451325633544384
2026-07-13 19:39:30.364000+00:00,161,-41,80.0,1.0,4,2.0,0.0,0,2.57,0.003215674691084527,0.0023270504853371682,780,cwpb-2m,0,1.0,619.0,-92.0,11,0.0,6498707.0,866.7,-58.0,-54.0,34.0,8355239.0,4691.0,780.0,4691.0,4.0,3,3.0,-34.0,66,0.8474403509946963,0.7109734835895652,0.0021196180114508197,21,2.762,1.5584138345842615
2026-07-13 19:41:29.037000+00:00,161,-42,80.0,3.0,3,2.0,0.0002106075431482592,2896,53.036,0.02033377639935017,0.009921421601355864,433,cwpb-2m,0,1.0,330.359,-89.0,12,0.0,6594903.0,263.3,-63.0,-64.0,27.0,7982045.0,1576.0,390.0,1576.0,,2,3.0,-41.0,45,0.5168944083800908,0.30190953363633843,0.00785977448484277,84,48.666,0.8188039420164293
2026-07-13 19:45:14.190000+00:00,161,-38,80.0,1.0,4,2.0,0.0,0,2.155,0.003524836311721558,0.0016758255867700684,867,cwpb-2m,0,1.0,619.0,-92.0,11,0.0,5795039.0,866.7,-56.0,-57.0,35.0,8757262.0,4884.0,780.0,4884.0,4.0,3,11.0,-39.0,74,0.9176076655788975,0.681022113009435,0.007892180021388327,84,2.441,1.5986297785883326
2026-07-13 19:47:04.599000+00:00,161,-42,80.0,3.0,3,2.0,0.00022304278789066204,2896,46.379,0.012602766701127355,0.008213753787684248,433,cwpb-2m,0,1.0,330.359,-90.0,11,0.0,7541611.0,325.0,-62.0,-62.0,29.0,7711965.0,1939.0,390.0,1939.0,,2,3.0,-41.0,45,0.4961690448926892,0.38882165941298935,0.0,0,23.236,0.8849907043056786
2026-07-13 19:50:58.273000+00:00,161,-40,80.0,1.0,4,2.0,0.0,0,2.236,0.012128193767538029,0.003390683580709774,867,cwpb-2m,0,1.0,619.0,-92.0,11,0.0,5849132.0,866.7,-57.0,-54.0,35.0,8870547.0,5246.0,780.0,5246.0,4.0,3,3.0,-35.0,68,0.938024561510196,0.5889572954803971,0.00931875535674615,84,1.753,1.526981856990593
2026-07-13 19:52:40.327000+00:00,161,-41,80.0,3.0,3,2.0,0.00022188588265150612,2896,32.42,0.00817210653276227,0.008047866057213292,433,cwpb-2m,0,1.0,330.359,-91.0,11,0.0,5993437.0,390.0,-62.0,-62.0,30.0,7932908.0,2114.0,390.0,2114.0,,2,3.0,-39.0,34,0.5124126743385808,0.25443402817870153,0.011011406268738012,105,74.828,0.7668467025172824
2026-07-13 19:56:42.342000+00:00,161,-40,80.0,1.0,4,2.0,0.0,0,1.77,0.0040742381725988285,0.0019033434338246624,780,cwpb-2m,0,1.0,619.0,-92.0,11,0.0,5482402.0,780.0,-57.0,-55.0,35.0,8975589.0,4288.0,780.0,4288.0,4.0,3,3.0,-36.0,88,0.9192798920802538,0.6080597629982284,0.008431745781096846,84,2.037,1.5273396550784821
2026-07-13 19:58:16.297000+00:00,161,-41,80.0,3.0,3,2.0,0.00021561882508322204,2896,39.696,0.010623738492590951,0.009262492938215808,433,cwpb-2m,0,1.0,330.359,-92.0,11,0.0,7528650.0,325.0,-62.0,-62.0,31.0,7891615.0,1356.0,390.0,1356.0,,2,3.0,-39.0,34,0.5079318359273748,0.44901222257579254,0.0037542966883959148,42,14.266,0.9569440585031673
2026-07-13T20:02:27.696000Z,161,-50,80.0,1.0,4,2.0,0.0,0,1.396,0.0019041992812484615,0.001956756201530481,867,cwpb-2m,0,1.0,619.0,-92.0,11,0.0,5658507.0,780.0,-55.0,-56.0,37.0,8720041.0,5969.0,780.0,5969.0,4.0,3,3.0,-37.0,85,0.9137291923267032,0.6471459087266787,0.006484425404539879,63,2.26,1.560875101053382
2026-07-13T20:03:52.875000Z,161,-42,80.0,3.0,3,2.0,0.00021258764803935867,2896,29.696,0.011750110766504205,0.010535154845667917,433,cwpb-2m,0,1.0,330.359,-91.0,11,0.0,6814028.0,234.0,-62.0,-63.0,29.0,8032909.0,1918.0,390.0,1918.0,,2,3.0,-39.0,36,0.5139920944349007,0.2734585158531352,0.013895384954262175,126,46.515,0.7874506102880359
2026-07-13T20:08:12.206000Z,161,-38,80.0,1.0,4,2.0,0.0,0,1.956,0.00034066853738984885,0.002709157208155719,867,cwpb-2m,0,1.0,619.0,-92.0,11,0.0,5950860.0,866.7,-54.0,-50.0,38.0,8838478.0,5597.0,780.0,5597.0,4.0,3,3.0,-36.0,86,0.9184786136244562,0.681541323479823,0.007169089157624032,63,2.827,1.6000199371042791
2026-07-13T20:09:27.961000Z,161,-43,80.0,3.0,3,2.0,7.738338938640698e-05,1040,28.913,0.011917491261753555,0.008755585229315391,433,cwpb-2m,0,1.0,330.359,-92.0,11,0.0,7599040.0,390.0,-63.0,-63.0,30.0,7924801.0,2002.0,390.0,2002.0,,2,3.0,-39.0,36,0.51246388487969,0.3540402098248178,0.0,0,21.887,0.8665040947045077
2026-07-13T20:13:56.159000Z,161,-38,80.0,1.0,4,2.0,0.0,0,2.608,0.005056860138827351,0.0020743670073442556,867,cwpb-2m,0,1.0,619.0,-92.0,11,0.0,5822760.0,780.0,-53.0,-48.0,39.0,8720159.0,3709.0,780.0,3709.0,4.0,3,3.0,-36.0,88,0.9375309945829753,0.548653020545979,0.00377981219646348,42,2.606,1.4861840151289543
2026-07-13T20:15:02.929000Z,161,-41,80.0,3.0,3,2.0,0.00021899999226146833,2896,30.115,0.021881553684832376,0.012747676031020495,433,cwpb-2m,0,1.0,330.359,-92.0,11,0.0,7077523.0,390.0,-63.0,-63.0,30.0,7679838.0,1692.0,390.0,1692.0,,2,3.0,-35.0,46,0.4975960136846667,0.39116835254521,0.010507820774320262,105,26.317,0.8887643662298768
2026-07-13T20:19:40.877000Z,161,-39,80.0,1.0,4,2.0,0.0,0,2.35,0.011082557967803868,0.0030147398695495866,867,cwpb-2m,0,1.0,619.0,-91.0,11,0.0,5798500.0,780.0,-55.0,-52.0,36.0,8864804.0,3148.0,780.0,3148.0,4.0,3,3.0,-37.0,77,0.9462590914452098,0.5911323965780143,0.006641673488004106,63,2.43,1.537391488023224
2026-07-13T20:20:39.046000Z,161,-42,80.0,3.0,3,2.0,0.00020472352990273096,2896,17.449,0.007512430463250137,0.007936931847362745,433,cwpb-2m,0,1.0,330.359,-84.0,11,1.0,6648338.0,200.0,-61.0,-61.0,23.0,8186244.0,1152.0,390.0,1152.0,,2,3.0,-35.0,46,0.5315034646219625,0.3716467096642499,0.003761983871508958,42,99.397,0.9031501742862125
2026-07-13T20:25:24.762000Z,161,-30,80.0,1.0,4,2.0,0.0,0,2.836,0.00397380987544922,0.0025684351086230806,780,cwpb-2m,0,1.0,619.0,-92.0,12,1.0,6625548.0,866.7,-55.0,-56.0,37.0,8885361.0,6692.0,780.0,6692.0,4.0,3,3.0,-35.0,90,0.9234450439765711,0.7879544687960256,0.0,0,2.011,1.7113995127725967
2026-07-13T20:26:14.346000Z,161,-42,80.0,3.0,3,2.0,0.00020981651947886144,2896,30.697,0.009906956136464333,0.008361666067484978,433,cwpb-2m,0,1.0,330.359,-92.0,11,1.0,7565602.0,325.0,-63.0,-63.0,30.0,8228562.0,2127.0,390.0,2127.0,,2,3.0,-35.0,40,0.5228017730472918,0.48279338919000675,0.0,0,19.351,1.0055951622372985
2026-07-13T20:31:09.892000Z,161,-37,80.0,1.0,4,2.0,0.0,0,1.984,0.004948555112489539,0.0025209285604231935,867,cwpb-2m,0,1.0,619.0,-92.0,11,0.0,6119755.0,866.7,-55.0,-51.0,37.0,9405746.0,11587.0,780.0,11587.0,4.0,3,3.0,-35.0,70,0.8607601590040515,0.7806021226671227,0.0,0,3.15,1.6413622816711742
2026-07-13T20:31:50.194000Z,161,-43,80.0,3.0,3,2.0,0.0,0,24.689,0.006888199675084922,0.007798777669354425,433,cwpb-2m,0,1.0,330.359,-90.0,11,3.0,7083593.0,234.0,-62.0,-62.0,28.0,7714263.0,1515.0,390.0,1515.0,,2,3.0,-35.0,40,0.4931663755806489,0.3317863169929091,0.005530443877329298,63,23.191,0.824952692573558
2026-07-13T20:36:54.098000Z,161,-38,80.0,1.0,4,2.0,0.0,0,2.905,0.0023433269334908677,0.0019151558728365263,867,cwpb-2m,0,1.0,619.0,-92.0,11,0.0,6802142.0,526.6,-54.0,-50.0,37.0,9036157.0,6320.0,780.0,6320.0,4.0,3,3.0,-35.0,87,0.9189354492752221,0.6505916571507193,0.0,0,2.009,1.5695271064259413
2026-07-13T20:37:26.013000Z,161,-43,80.0,3.0,3,2.0,0.0003289689553017314,4344,21.734,0.016143356471225327,0.008419187509629706,433,cwpb-2m,0,1.0,330.359,-91.0,11,3.0,7269023.0,390.0,-62.0,-63.0,29.0,7842058.0,2314.0,390.0,2314.0,,2,3.0,-36.0,39,0.501424423463189,0.35828365336412654,0.0024546325482830964,21,24.074,0.8597080768273155
2026-07-13T20:42:39.350000Z,161,-37,80.0,1.0,4,2.0,0.0,0,2.709,0.005092305420174272,0.002563812849879308,867,cwpb-2m,0,1.0,619.0,-91.0,11,0.0,4892285.0,780.0,-54.0,-49.0,37.0,9156168.0,1386.0,780.0,1386.0,4.0,3,3.0,-35.0,81,0.8680676450165044,0.4294453673610654,0.0018900796879608016,21,1.831,1.2975130123775698
2026-07-13T20:43:01.787000Z,161,-43,80.0,3.0,3,2.0,0.00027677541174672514,2896,28.846,0.02101905183872397,0.00847071713488436,433,cwpb-2m,0,1.0,330.359,-91.0,11,1.0,6541426.0,390.0,-63.0,-62.0,29.0,6260702.0,1609.0,390.0,1609.0,,2,3.0,-36.0,39,0.3983092376011697,0.2758837610911878,0.1253434839882004,1225,66.423,0.6741929986923575
2026-07-13T20:48:23.786000Z,161,-37,80.0,1.0,4,2.0,0.0,0,2.594,0.006411657559198543,0.008125417287247702,867,cwpb-2m,0,1.0,619.0,-92.0,11,0.0,3824732.0,468.0,-54.0,-50.0,38.0,8445619.0,2437.0,780.0,2437.0,4.0,3,3.0,-36.0,82,0.9282636598767764,0.4969947787754768,0.15076300684445856,1288,2.929,1.425258438652253
2026-07-13T20:48:37.744000Z,161,-43,80.0,3.0,3,2.0,0.00016234920065255328,1448,52.264,0.019136513562743075,0.011495043911458067,433,cwpb-2m,0,1.0,330.359,-91.0,10,2.0,4645322.0,263.3,-64.0,-65.0,27.0,5476074.0,2467.0,390.0,2410.0,,2,3.0,-38.0,48,0.33369940383600794,0.17633716175254202,0.4136799828606342,4609,153.528,0.5100365655885499
2026-07-13T20:54:09.571000Z,161,-40,80.0,1.0,4,2.0,0.0,0,2.966,0.503716831585684,0.47090544912947463,867,cwpb-2m,0,1.0,619.0,-91.0,10,0.0,1227555.0,468.0,-55.0,-55.0,36.0,7468876.0,4634.0,780.0,4634.0,4.0,3,3.0,-37.0,76,0.7996739534867551,0.02911750931120992,0.164436644355578,1246,9.627,0.828791462797965
2026-07-13T20:54:13.719000Z,161,-44,80.0,3.0,3,2.0,0.0002734165383034347,2896,25.209,0.01017279574656624,0.008133634636125521,433,cwpb-2m,0,1.0,330.359,-92.0,10,2.0,5259537.0,175.5,-63.0,-65.0,29.0,6359217.0,2145.0,390.0,2145.0,,2,3.0,-38.0,48,0.4046544797032711,0.24346905311572684,0.009447679400125577,63,46.953,0.6481235328189979
2026-07-14T12:04:26.566000Z,161,-41,80.0,1.0,4,2.0,0.0,0,2.97,0.0032649042485108064,0.002508859329258898,867,cwpb-2m,0,1.0,619.0,-92.0,11,1.0,7488909.0,866.7,-54.0,-51.0,38.0,11551065.0,6299.0,780.0,6298.0,4.0,3,11.0,-31.0,88,0.9549923566706459,0.9440761026011077,0.0022066265874672226,21,2.305,1.8990684592717537
2026-07-14T12:05:52.671000Z,161,-54,80.0,2.0,4,2.0,0.22164768225025672,2079416,9.197,0.01854182050903362,0.010758564018283602,433,cwpb-2m,0,1.0,330.359,-91.0,11,5.0,6803291.0,390.0,-65.0,-65.0,26.0,6378230.0,2866.0,390.0,2859.0,,3,3.0,-32.0,44,0.3618260858660635,0.3997424165667885,0.14462380854636075,1205,26.39,0.761568502432852
2026-07-14T12:07:18.134000Z,161,-48,80.0,3.0,3,2.06555555,0.00022104920033301793,2896,38.121,0.022614089499335396,0.010372862205331007,433,cwpb-2m,0,1.0,330.359,-92.0,11,2.0,7000493.0,263.3,-71.0,-72.0,22.0,8758146.0,3946.0,390.0,3946.0,,2,3.0,-33.0,44,0.5020758192366498,0.34483367806642967,0.005202689011621878,42,53.231,0.8469094973030795
2026-07-14T12:10:12.735000Z,161,-48,80.0,1.0,4,2.0,0.0,0,1.968,0.002833653325456604,0.0019490524369575265,867,cwpb-2m,0,1.0,619.0,-91.0,11,0.0,6524084.0,866.7,-55.0,-55.0,36.0,9341467.0,2576.0,780.0,2576.0,4.0,3,11.0,-31.0,80,0.9886057532046744,0.9367434182676628,0.0,0,3.159,1.9253491714723372
2026-07-14T12:11:28.605000Z,161,-53,80.0,2.0,3,2.0,0.3429076962971118,3232592,6.271,0.015207994880126028,0.008585588824405526,433,cwpb-2m,0,1.0,330.359,-92.0,11,5.0,6624554.0,390.0,-67.0,-67.0,25.0,6672471.0,2875.0,390.0,2858.0,,2,3.0,-28.0,44,0.37731715689615697,0.37324675366533955,0.0021574413481617546,21,13.142,0.7505639105614965
2026-07-14T12:12:53.975000Z,161,-48,80.0,3.0,3,2.06555555,0.0002325005188592911,2896,25.852,0.007910205287254468,0.008242514508756613,433,cwpb-2m,0,1.0,330.359,-92.0,11,1.0,6797848.0,325.0,-70.0,-71.0,22.0,7690051.0,2551.0,390.0,2551.0,,2,3.0,-37.0,43,0.4798774612685955,0.3152035674986865,0.0038450008555564203,42,65.412,0.795081028767282
2026-07-14T12:15:57.548000Z,161,-38,80.0,1.0,4,2.0,0.0,0,2.66,0.0031152463939349184,0.002464691079040625,867,cwpb-2m,0,1.0,619.0,-92.0,12,0.0,6518790.0,866.7,-53.0,-51.0,39.0,9160555.0,2177.0,780.0,2177.0,4.0,3,11.0,-31.0,83,0.9633865588921374,0.9508078205478654,0.0,0,3.373,1.9141943794400027
2026-07-14T12:17:04.332000Z,161,-55,80.0,2.0,3,2.0,0.3084018947568153,2942248,11.382,0.015160734504996803,0.010644548302603874,433,cwpb-2m,0,1.0,330.359,-89.0,12,2.0,5536763.0,263.3,-69.0,-69.0,20.0,6155350.0,2523.0,390.0,2519.0,,2,11.0,-45.0,23,0.3573598478096155,0.3154232871733022,0.2135362596408647,2443,99.226,0.6727831349829176
2026-07-14T12:18:29.612000Z,161,-47,80.0,3.0,4,2.06555555,0.00010520154181514676,1448,38.376,0.008351302121793924,0.007864002876072107,433,cwpb-2m,0,1.0,202.796,-90.0,11,4.0,5748163.0,390.0,-69.0,-69.0,22.0,8237504.0,3497.0,234.0,3497.0,,3,3.0,-32.0,38,0.5197961422685315,0.2836053326099161,0.003854724458866466,42,255.069,0.8034014748784477
2026-07-14T12:21:42.516000Z,161,-35,80.0,1.0,4,2.0,0.0,0,2.92,0.0016659282233052728,0.002356324790714396,270,cwpb-2m,0,1.0,619.0,-91.0,11,0.0,7718799.0,866.7,-48.0,-45.0,43.0,7274922.0,2630.0,780.0,2630.0,4.0,3,3.0,-27.0,77,0.7531225034002546,0.4928368725320214,0.0,0,1.974,1.245959375932276
2026-07-14T12:22:40.111000Z,161,-49,80.0,2.0,3,2.0,0.25087796905058096,896312,6.154,0.060077782700733495,0.009435057264649991,433,cwpb-2m,0,1.0,330.359,-92.0,11,4.0,6607951.0,325.0,-65.0,-66.0,27.0,3291010.0,1102.0,390.0,1090.0,,2,3.0,-27.0,37,0.14029991084602467,0.36031505366022776,0.003416742865002963,42,9.847,0.5006149645062524
2026-07-14T12:24:05.155000Z,161,-47,80.0,3.0,4,2.06555555,0.00022452988181072877,2896,29.131,0.008603357455816472,0.008941502747676031,433,cwpb-2m,0,1.0,330.359,-91.0,11,1.0,6656190.0,390.0,-69.0,-69.0,23.0,7851355.0,3541.0,390.0,3541.0,,3,3.0,-32.0,38,0.4902622705487287,0.36543776279920337,0.005423455689939076,63,59.758,0.8557000333479321
2026-07-14T12:27:26.258000Z,161,-33,80.0,1.0,4,2.0,0.0,0,2.767,0.005269531826908876,0.0026264701350726723,867,cwpb-2m,0,1.0,619.0,-92.0,11,0.0,6895482.0,866.7,-50.0,-45.0,42.0,8996428.0,2109.0,780.0,2109.0,4.0,3,3.0,-29.0,86,0.9526913292023469,0.9705081839157782,0.0,0,1.441,1.9231995131181252
2026-07-14T12:28:15.788000Z,161,-50,80.0,2.0,4,2.0,0.153541805194177,1233696,9.142,0.03500812287697533,0.00724667454162601,433,cwpb-2m,0,1.0,330.359,-91.0,12,6.0,5882073.0,390.0,-65.0,-66.0,26.0,5701087.0,2627.0,390.0,2627.0,,3,3.0,-29.0,57,0.30530945723182984,0.310458216316027,0.18481089901127504,2360,18.875,0.6157676735478568
2026-07-14T12:29:40.897000Z,161,-47,80.0,3.0,3,2.06555555,0.00011343474942335226,1448,47.233,0.00877073795106582,0.008576857891222844,433,cwpb-2m,0,1.0,330.359,-92.0,11,4.0,6834260.0,390.0,-68.0,-69.0,25.0,7991669.0,2133.0,390.0,2133.0,,2,3.0,-31.0,42,0.5094083819620475,0.3563355287883486,0.0018099174607953642,21,32.207,0.8657439107503961
2026-07-14T12:33:11.187000Z,161,-35,80.0,1.0,4,2.0,7.517099177741436e-05,1448,2.85,0.004525180918623542,0.002524266858404807,81,cwpb-2m,0,1.0,619.0,-92.0,11,0.0,10743034.0,468.0,-47.0,-45.0,45.0,6983741.0,2034.0,780.0,2034.0,4.0,3,3.0,-29.0,89,0.7072721139173896,0.380529097269455,0.0037945188233020196,42,2.881,1.0878012111868447
2026-07-14T12:33:51.553000Z,161,-50,80.0,2.0,3,2.0,0.1711322589321684,1319128,6.744,0.021253384532073052,0.004903189358533204,433,cwpb-2m,0,1.0,330.359,-92.0,11,1.0,6765721.0,390.0,-65.0,-66.0,27.0,5346214.0,2743.0,390.0,2738.0,,2,161.0,-47.0,38,0.2865071863592504,0.385082189779663,0.11542671247961914,1203,12.984,0.6715893761389133
2026-07-14T12:35:16.508000Z,161,-47,80.0,3.0,3,2.06555555,0.00021952648370441064,2896,35.817,0.009428444838280906,0.009612757434132813,433,cwpb-2m,0,1.0,330.359,-91.0,11,3.0,6864073.0,263.3,-68.0,-69.0,24.0,7852532.0,2171.0,390.0,2171.0,,2,3.0,-31.0,42,0.501774964855803,0.3529363047148695,0.0,0,39.319,0.8547112695706724
2026-07-14T12:39:27.363000Z,161,-51,80.0,2.0,3,2.0,0.34476091944181153,3331848,9.175,0.00815438389208881,0.009456627805454268,433,cwpb-2m,0,1.0,330.359,-92.0,11,3.0,5780120.0,390.0,-65.0,-66.0,27.0,6393626.0,2846.0,390.0,2840.0,,2,3.0,-28.0,42,0.36408841502302636,0.316139998376112,0.14719315628023982,1221,22.156,0.6802284133991383
2026-07-14T12:40:52.228000Z,161,-47,80.0,3.0,3,2.06555555,0.0002099649637512067,2896,27.732,0.007388371978535916,0.008718093575060348,433,cwpb-2m,0,1.0,227.171,-91.0,11,4.0,6450609.0,175.5,-69.0,-66.0,22.0,8180408.0,3015.0,263.3,3015.0,,2,3.0,-31.0,48,0.5182676581700831,0.2616389268698409,0.0,0,46.107,0.779906585039924
2026-07-14T12:44:39.802000Z,161,-47,80.0,1.0,4,2.0,0.0,0,2.201,0.007884605917392803,0.003358327769503364,867,cwpb-2m,0,1.0,619.0,-91.0,11,0.0,5727511.0,468.0,-54.0,-52.0,37.0,8761169.0,3588.0,780.0,3588.0,4.0,3,3.0,-33.0,86,0.933136486508813,0.677068984892478,0.005384711652169791,42,2.307,1.610205471401291
2026-07-14T12:45:03.324000Z,161,-53,80.0,2.0,3,2.0,0.31439657149219996,2446992,7.283,0.03616937780872208,0.01297570746237995,433,cwpb-2m,0,1.0,330.359,-90.0,11,5.0,5977299.0,263.3,-67.0,-67.0,23.0,5558674.0,3259.0,390.0,3257.0,,2,3.0,-30.0,39,0.3024501703849537,0.3111761168733932,0.13105671124904675,1213,34.748,0.6136262872583469
2026-07-14T12:46:27.973000Z,161,-48,80.0,3.0,3,2.06555555,0.00011172654666727268,1448,52.22,0.019455521094865362,0.010235221611627548,433,cwpb-2m,0,1.0,330.359,-92.0,11,2.0,6104566.0,234.0,-71.0,-68.0,21.0,7845305.0,4221.0,390.0,4221.0,,2,3.0,-31.0,48,0.4873088833767483,0.2252552004660246,0.004649691698022153,42,97.861,0.7125640838427729
2026-07-14T12:50:23.644000Z,161,-39,80.0,1.0,4,2.0,4.486247486100254e-05,1080,3.681,0.011645744104760497,0.005397257459812029,867,cwpb-2m,0,1.0,619.0,-92.0,10,0.0,4832689.0,866.7,-58.0,-58.0,34.0,8353704.0,5858.0,780.0,5858.0,4.0,3,3.0,-34.0,83,0.885022597885688,0.5066354455874429,0.009631939514494878,105,2.611,1.391658043473131
2026-07-14T12:50:39.025000Z,161,-57,80.0,2.0,3,2.0,0.5183977232262035,3295648,7.862,0.021613744892433416,0.01359046787530173,390,cwpb-2m,0,1.0,5.242,-92.0,8,6.0,5921287.0,175.5,-68.0,-68.0,23.0,4802353.0,2146.0,6.0,2137.0,,2,3.0,-28.0,48,0.24319269878072614,0.2624325408958986,0.004220628772180668,42,15.564,0.5056252396766248
2026-07-14T12:52:03.583000Z,161,-49,80.0,3.0,3,2.06555555,0.00023981607272532577,2896,45.659,0.012764239649485552,0.009532124698269221,433,cwpb-2m,0,1.0,202.796,-91.0,11,2.0,6558558.0,234.0,-72.0,-73.0,19.0,7378876.0,5996.0,234.0,5995.0,,2,3.0,-34.0,39,0.4519585657962058,0.1554958945162089,0.0023275807142755004,21,104.362,0.6074544603124147
2026-07-14T12:56:07.592000Z,161,-39,80.0,1.0,4,2.0,0.00010103946432553178,2472,2.903,0.00847929897110225,0.006109085306353038,867,cwpb-2m,0,1.0,434.117,-91.0,8,0.0,4696175.0,526.6,-55.0,-53.0,36.0,8215106.0,4442.0,526.6,4442.0,4.0,3,3.0,-34.0,94,0.8989892037982067,0.39314379912809444,0.005655797227329412,63,6.196,1.2921330029263012
2026-07-14T12:57:39.238000Z,161,-48,80.0,3.0,3,2.06555555,0.00011214345863431464,1448,17.804,0.014890956530300791,0.009267628781264445,433,cwpb-2m,0,1.0,330.359,-90.0,8,2.0,5477968.0,234.0,-73.0,-74.0,18.0,7722438.0,3452.0,390.0,3452.0,,2,3.0,-34.0,39,0.4873575850440856,0.2056899606871072,0.00803878255284274,84,272.217,0.6930475457311929
2026-07-14T13:01:50.347000Z,161,-57,80.0,2.0,3,2.0,0.13328480694661143,201272,56.239,0.03344656131541377,0.016930306609830005,390,cwpb-2m,0,1.0,330.359,-91.0,11,3.0,5627945.0,263.3,-69.0,-70.0,21.0,1726805.0,2421.0,390.0,2398.0,,2,3.0,-29.0,55,0.05906774343960586,0.2522877705779852,0.22297466016459933,2380,22.56,0.31135551401759104
2026-07-14T13:01:54.167000Z,161,-39,80.0,1.0,4,2.0,0.00015522512314980106,2896,2.521,0.01183872396987151,0.003735812233578142,780,cwpb-2m,0,1.0,619.0,-91.0,11,0.0,1776085.0,263.3,-57.0,-58.0,34.0,6598702.0,5323.0,780.0,5323.0,4.0,3,3.0,-33.0,85,0.6825682044601524,0.09494933366718597,0.13335921668345888,1263,2.439,0.7775175381273384
2026-07-14T13:03:14.853000Z,161,-49,80.0,3.0,3,2.06555555,0.00025414036183621727,2896,51.322,0.010239747944665978,0.007782342971598789,433,cwpb-2m,0,1.0,330.359,-92.0,11,0.0,6764308.0,263.3,-67.0,-68.0,25.0,7314738.0,3789.0,390.0,3789.0,,2,3.0,-35.0,39,0.4548670793744799,0.2693177894200489,0.0017724401435655062,21,48.895,0.7241848687945288
2026-07-14T13:07:26.289000Z,161,-55,80.0,2.0,3,2.0,0.3217246432336197,2532552,9.301,0.016558853935903114,0.009674387550716451,433,cwpb-2m,0,1.0,299.7,-92.0,11,6.0,5371941.0,234.0,-69.0,-70.0,22.0,5809241.0,4956.0,351.0,4942.0,,2,3.0,-27.0,43,0.31893394348928195,0.14461074796059445,0.004555505872964258,42,123.816,0.4635446914498764
2026-07-14T13:07:42.365000Z,161,-48,80.0,1.0,4,2.0,0.0011297759421525517,10136,5.376,0.004664992861714173,0.0027374043449232195,867,cwpb-2m,0,1.0,619.0,-92.0,9,0.0,6302958.0,866.7,-56.0,-54.0,36.0,4523442.0,2931.0,780.0,2931.0,4.0,3,3.0,-36.0,83,0.2514436045126034,0.7453550950416054,0.0,0,1.343,0.9967986995542087
2026-07-14T13:08:50.641000Z,161,-49,80.0,3.0,3,2.06555555,0.0001677631070370951,1616,14.374,0.02160192979865111,0.009953263828257411,433,cwpb-2m,0,1.0,227.171,-89.0,9,2.0,5937284.0,175.5,-67.0,-68.0,23.0,5836288.0,2233.0,263.3,2233.0,,2,3.0,-35.0,39,0.3677334505332646,0.20891111216041205,0.0,0,115.671,0.5766445626936767
2026-07-14T13:13:01.991000Z,161,-55,80.0,2.0,4,2.0,0.31068445613840306,2575576,7.336,0.00981637375079998,0.008908119767859895,433,cwpb-2m,0,1.0,330.359,-92.0,9,2.0,5916189.0,390.0,-69.0,-69.0,23.0,5728861.0,2891.0,390.0,2883.0,,3,3.0,-28.0,52,0.3203464714441296,0.2809837044870987,0.25383426130091297,2280,10.23,0.6013301759312283
2026-07-14T13:13:27.248000Z,161,-39,80.0,1.0,4,2.0,0.0,0,1.783,0.0019317678334071777,0.0019059113553489806,867,cwpb-2m,0,1.0,619.0,-92.0,8,0.0,6116011.0,866.7,-55.0,-53.0,37.0,8338044.0,3163.0,780.0,3163.0,4.0,3,3.0,-32.0,80,0.8729461617046065,0.7406203836082665,0.002614100406357739,21,2.2,1.6135665453128731
2026-07-14T13:14:26.160000Z,161,-46,80.0,3.0,3,2.06555555,0.00012156631868647115,1448,39.321,0.01937675380298331,0.010466848133121053,433,cwpb-2m,0,1.0,227.171,-91.0,8,0.0,6338358.0,263.3,-69.0,-70.0,23.0,7574053.0,4392.0,263.3,4392.0,,2,3.0,-35.0,39,0.4548670793744799,0.25226265982148294,0.006159874147987443,63,55.077,0.7071297391959628
2026-07-14T13:19:11.259000Z,161,-48,80.0,1.0,3,2.0,5.8124684975879444e-05,1448,2.369,0.005584600994437059,0.0026634482050228547,527,cwpb-2m,0,1.0,563.578,-92.0,11,0.0,6014601.0,526.6,-53.0,-52.0,38.0,8535418.0,3375.0,702.0,3375.0,4.0,2,3.0,-32.0,71,0.9135100775107106,0.6226691285780104,0.0064915168285663806,63,2.472,1.536179206088721
2026-07-14T13:20:01.825000Z,161,-55,80.0,3.0,3,2.06555555,0.00012701641376884653,1448,16.479,0.0364160882193669,0.01489240408813107,433,cwpb-2m,0,1.0,153.406,-91.0,11,1.0,4857083.0,175.5,-68.0,-69.0,23.0,7562238.0,10761.0,175.5,10761.0,,2,3.0,-37.0,42,0.43718867802508804,0.18292804989091258,0.006469610850586937,63,290.093,0.6201167279160006
2026-07-14T13:24:13.429000Z,161,-54,80.0,2.0,4,2.0,0.21058860188081668,1730360,17.006,0.013490867917097424,0.012158594833341894,433,cwpb-2m,0,1.0,330.359,-91.0,11,7.0,5933445.0,263.3,-67.0,-67.0,22.0,5646048.0,1898.0,390.0,1888.0,,3,3.0,-34.0,48,0.3233958953318421,0.25234112280959214,0.11045170285304033,1203,39.527,0.5757370181414343
2026-07-14T13:24:55.143000Z,161,-43,80.0,1.0,5,2.0,5.9300299194152565e-05,1448,2.755,0.0029006055235563434,0.0026475270915720817,867,cwpb-2m,0,1.0,619.0,-92.0,11,0.0,6216029.0,780.0,-54.0,-52.0,38.0,8410823.0,2538.0,780.0,2538.0,4.0,4,3.0,-33.0,83,0.8977166214386618,0.6310561474208042,0.0018194231280960942,21,1.944,1.528772768859466
2026-07-14T13:25:37.626000Z,161,-55,80.0,3.0,3,2.06555555,0.0002523709001268976,2896,32.165,0.01293358932703195,0.008244568845976066,433,cwpb-2m,0,1.0,153.406,-91.0,11,3.0,6819234.0,234.0,-71.0,-73.0,21.0,7276648.0,2661.0,175.5,2659.0,,2,3.0,-37.0,42,0.46220509241491586,0.24886536199340198,0.0,0,71.162,0.7110704544083178
2026-07-14T13:29:49.272000Z,161,-56,80.0,2.0,3,2.0,0.46320192365331136,3834304,7.464,0.009991630975237534,0.0080180781675312,390,cwpb-2m,0,1.0,330.359,-91.0,11,1.0,5348598.0,390.0,-68.0,-68.0,23.0,5624568.0,3729.0,390.0,3722.0,,2,3.0,-32.0,35,0.3174573974546093,0.1906144756702334,0.00962653236282132,105,64.305,0.5080718731248427
2026-07-14T13:30:38.800000Z,161,-37,80.0,1.0,4,2.0,0.0,0,2.778,0.011255846009944372,0.003397360176673001,650,cwpb-2m,0,1.0,619.0,-91.0,11,0.0,5962598.0,526.6,-53.0,-52.0,38.0,8306448.0,4086.0,780.0,4086.0,4.0,3,3.0,-35.0,81,0.8832671983137096,0.5977673031359284,0.005331924921083136,63,3.849,1.481034501449638
2026-07-14T13:31:13.355000Z,161,-49,80.0,3.0,3,2.06555555,0.0001239009739024972,1448,54.559,0.015828287303697144,0.009975347953366544,433,cwpb-2m,0,1.0,101.39,-89.0,11,4.0,5486370.0,234.0,-67.0,-68.0,23.0,7633516.0,5589.0,117.0,5588.0,,2,3.0,-35.0,41,0.4370139598002803,0.14559014103676607,0.004540628782357697,42,107.769,0.5826041008370464
2026-07-14T13:35:24.969000Z,161,-56,80.0,2.0,3,2.0,0.41727497460279805,2962608,4.895,0.007614089499335402,0.004905871409903047,390,cwpb-2m,0,1.0,330.359,-92.0,11,4.0,6515703.0,325.0,-68.0,-68.0,24.0,4971502.0,2117.0,390.0,2106.0,,2,3.0,-35.0,44,0.26722813082382,0.25639165562270094,0.006487423730669049,63,38.454,0.523619786446521
2026-07-14T13:36:22.908000Z,161,-37,80.0,1.0,4,2.0,0.0,0,1.972,0.005438881504455275,0.0024564737301628063,780,cwpb-2m,0,1.0,619.0,-91.0,11,0.0,5859743.0,526.6,-52.0,-50.0,39.0,8671877.0,7748.0,780.0,7748.0,4.0,3,3.0,-34.0,81,0.8715622995979989,0.5792140178983988,0.003868202263053715,42,2.936,1.4507763174963977
2026-07-14T13:36:49.110000Z,161,-49,80.0,3.0,3,2.06555555,0.00022922920910928185,2896,36.812,0.01932555506325998,0.009443788197832675,433,cwpb-2m,0,1.0,330.359,-91.0,11,3.0,6123396.0,234.0,-68.0,-68.0,25.0,7735132.0,3716.0,390.0,3716.0,,2,3.0,-35.0,41,0.4844039027104851,0.24188339608849352,0.0,0,91.754,0.7262872987989786
2026-07-14T13:41:00.662000Z,161,-54,80.0,2.0,3,2.0,0.25212338690348407,1935976,44.35,0.020611431103234382,0.011670918003412481,433,cwpb-2m,0,1.0,299.7,-90.0,11,4.0,6517442.0,87.8,-67.0,-67.0,23.0,5232445.0,3820.0,351.0,3814.0,,2,3.0,-33.0,39,0.2878689489935726,0.04089094049061367,0.09926391032231013,1227,806.6,0.3287598894841863
2026-07-14T13:42:06.816000Z,161,-37,80.0,1.0,4,2.0,5.867316518857056e-05,1448,2.952,0.1114458721016098,0.04160803245852807,867,cwpb-2m,0,1.0,619.0,-90.0,11,0.0,5673263.0,702.0,-54.0,-52.0,36.0,8275224.0,2873.0,780.0,2872.0,4.0,3,3.0,-35.0,78,0.9049051718339165,0.4545726950199724,0.0047952078807743225,42,3.708,1.359477866853889
2026-07-14T13:42:24.964000Z,161,-48,80.0,3.0,3,2.06555555,0.09272327191905547,751512,26.041,0.014432137055087873,0.012583329053464128,433,cwpb-2m,0,1.0,330.359,-90.0,11,1.0,4307428.0,117.0,-66.0,-67.0,25.0,5624979.0,3183.0,390.0,3183.0,,2,3.0,-37.0,40,0.3114889653212504,0.11764828628146316,0.015096971640776837,126,153.634,0.4291372516027136
2026-07-14T13:46:36.548000Z,161,-60,80.0,2.0,4,2.0,0.31163452762776245,2502144,7.487,0.051884015162703696,0.023041959837707363,390,cwpb-2m,0,1.0,251.312,-91.0,11,3.0,6130827.0,390.0,-68.0,-69.0,23.0,5525493.0,3882.0,292.5,3876.0,,3,3.0,-34.0,45,0.3057061215276537,0.288754144496337,0.11803885645458499,1203,18.42,0.5944602660239907
2026-07-14T13:47:50.980000Z,161,-38,80.0,1.0,4,2.0,0.0,0,2.858,0.05446955151873183,0.020317908684710596,867,cwpb-2m,0,1.0,251.312,-90.0,11,0.0,2228073.0,650.0,-54.0,-54.0,36.0,7953795.0,2401.0,292.5,2401.0,4.0,3,11.0,-34.0,78,0.896564685485641,0.16723194992199655,0.16260770455082857,1234,2.719,1.0637966354076376
2026-07-14T13:52:12.113000Z,161,-57,80.0,2.0,3,2.0,0.481385859042652,3463616,8.208,0.010726135972037611,0.010112988547070002,433,cwpb-2m,0,1.0,76.703,-91.0,11,1.0,5941591.0,263.3,-70.0,-71.0,21.0,5446508.0,9393.0,87.8,9384.0,,2,3.0,-27.0,38,0.2776461393584488,0.2509457729032279,0.006043843544898332,63,23.884,0.5285919122616767
2026-07-14T13:53:36.107000Z,161,-49,80.0,3.0,3,2.06555555,0.0003793529578358174,2896,24.539,0.03840693152168562,0.013239176210774998,433,cwpb-2m,0,1.0,251.312,-91.0,11,2.0,5945921.0,175.5,-67.0,-68.0,24.0,5026656.0,3550.0,292.5,3550.0,,2,11.0,-47.0,37,0.3057061215276537,0.28066944353564943,0.002010638198503755,21,43.457,0.5863755650633031
2026-07-14T13:53:39.960000Z,161,-39,80.0,1.0,4,2.0,0.00028518877765663193,4344,2.503,0.13616304829419584,0.020860327079833013,867,cwpb-2m,0,1.0,434.117,-92.0,11,0.0,1585677.0,468.0,-56.0,-57.0,36.0,5807720.0,5530.0,526.6,5530.0,4.0,3,11.0,-34.0,75,0.5623482866507955,0.06602435308581224,0.14613847725914764,1209,4.636,0.6283726397366077
2026-07-14T13:57:47.867000Z,161,-56,80.0,2.0,3,2.0,0.18912583146974818,1070072,8.655,0.01350071382858268,0.005115299676441886,390,cwpb-2m,0,1.0,330.359,-90.0,11,4.0,5772260.0,234.0,-69.0,-70.0,21.0,4748475.0,6154.0,390.0,6138.0,,2,3.0,-29.0,35,0.2125801469490998,0.11606236789094043,0.007163764794056275,63,238.108,0.32864251484004026
2026-07-14T13:59:12.029000Z,161,-45,80.0,3.0,3,2.06555555,0.00022305326529545097,2896,15.536,0.014241126372273911,0.008738123362950028,433,cwpb-2m,0,1.0,330.359,-89.0,11,0.0,5978387.0,263.3,-64.0,-64.0,26.0,7692489.0,4057.0,390.0,4057.0,,2,11.0,-47.0,37,0.4917389641347189,0.22412193865025767,0.002158527627529774,21,80.002,0.7158609027849766
2026-07-14T14:03:23.543000Z,161,-57,80.0,2.0,3,2.0,0.14000406187569348,851424,5.078,0.008938118446315167,0.0033650043654665915,433,cwpb-2m,0,1.0,299.7,-92.0,11,1.0,6570309.0,390.0,-72.0,-74.0,20.0,4997017.0,3571.0,351.0,3560.0,,2,3.0,-28.0,32,0.24217774810238404,0.20107727199354333,0.12059806325209889,1204,67.791,0.4432550200959274
2026-07-14T14:04:47.518000Z,161,-46,80.0,3.0,3,2.06555555,0.0,0,22.674,0.013234874218480778,0.011668635406501978,433,cwpb-2m,0,1.0,227.171,-92.0,11,0.0,6392777.0,351.0,-67.0,-69.0,27.0,7670907.0,2692.0,263.3,2692.0,,2,11.0,-47.0,37,0.48140210903278774,0.2996990822926662,0.003609168741342954,42,50.605,0.781101191325454
2026-07-14T14:08:59.302000Z,161,-57,80.0,2.0,3,2.0,0.31918658849702825,2951024,8.023,0.011677251021513317,0.011812439011863797,433,cwpb-2m,0,1.0,202.796,-91.0,11,3.0,5984469.0,263.3,-71.0,-72.0,20.0,6102387.0,4560.0,234.0,4545.0,,2,3.0,-29.0,43,0.34702299270768444,0.206561870449511,0.21358150333317777,2379,96.724,0.5535848631571955
2026-07-14T14:10:23.216000Z,161,-46,80.0,3.0,3,2.06555555,0.0001075997580186059,1448,18.758,0.017417417417417418,0.012155513327512711,433,cwpb-2m,0,1.0,330.359,-91.0,10,0.0,5894623.0,175.5,-66.0,-67.0,27.0,8016131.0,4221.0,390.0,4221.0,,2,3.0,-33.0,38,0.5065058999946203,0.2432302176966189,0.0018460943766499926,21,76.619,0.7497361176912392
2026-07-14T14:14:34.963000Z,161,-57,80.0,2.0,3,2.0,0.09696194544974648,671872,8.609,0.005366021759464381,0.00347747932823173,390,cwpb-2m,0,1.0,101.39,-91.0,11,3.0,6393002.0,234.0,-68.0,-69.0,22.0,5059005.0,2885.0,117.0,2880.0,,2,3.0,-28.0,46,0.2731337248751752,0.2247762607574945,0.003945560374806698,42,49.772,0.49790998563266964
2026-07-14T14:15:58.907000Z,161,-46,80.0,3.0,3,2.06555555,0.000120566224529714,1448,38.456,0.030400236301875643,0.013795388012942325,433,cwpb-2m,0,1.0,299.7,-89.0,11,0.0,5953902.0,234.0,-66.0,-67.0,24.0,7234740.0,3413.0,351.0,3413.0,,2,3.0,-33.0,38,0.45782076170808045,0.22332917519509132,0.004653792789824465,42,68.044,0.6811499369031717
2026-07-14T14:20:10.773000Z,161,-52,80.0,2.0,4,2.0,0.304971458358091,2994576,6.323,0.00913109831142618,0.01138000102716861,433,cwpb-2m,0,1.0,330.359,-91.0,11,3.0,5326601.0,263.3,-67.0,-68.0,24.0,6313928.0,2781.0,390.0,2763.0,,3,3.0,-29.0,41,0.3688073432898332,0.19767289143394615,0.11966841883459707,1221,72.959,0.5664802347237794
2026-07-14T14:21:34.636000Z,161,-43,80.0,3.0,1,2.06555555,0.00022317907097544964,2896,28.561,0.007201299660316054,0.007502439525448103,433,cwpb-2m,0,1.0,330.359,-89.0,11,2.0,5784859.0,263.3,-64.0,-64.0,26.0,7637142.0,2408.0,390.0,2408.0,,0,3.0,-32.0,29,0.4991723143784877,0.20406051676032955,0.008431227574116261,84,70.621,0.7032328311388172
2026-07-14T14:29:09.676000Z,161,-42,80.0,1.0,4,2.0,0.0,0,1.819,0.004688623049278788,0.002365055723897078,867,cwpb-2m,0,1.0,619.0,-92.0,11,0.0,0.0,866.7,-56.0,-53.0,36.0,0.0,0.0,780.0,0.0,4.0,3,3.0,-34.0,75,0.8622592870461052,0.6511232644983084,0.003349885325709262,42,2.488,1.5133825515444137
2026-07-14T14:30:50.434000Z,161,-57,80.0,2.0,4,2.0,0.2393931479682932,828256,12.417,0.007203268842613106,0.0033932515022340915,390,cwpb-2m,0,1.0,251.312,-91.0,11,0.0,0.0,351.0,-72.0,-72.0,19.0,0.0,0.0,292.5,0.0,,3,3.0,-38.0,35,0.1388508231917552,0.2257908467069663,0.004786730460993939,42,42.141,0.3646416698987215
2026-07-14T14:32:22.492000Z,161,-51,80.0,3.0,3,2.0,0.00023859897573595587,2896,45.494,0.018640279623886178,0.009909095578039135,433,cwpb-2m,0,1.0,25.343,-91.0,10,1.0,6125325.0,234.0,-67.0,-68.0,24.0,7558764.0,3871.0,29.3,3871.0,,2,3.0,-35.0,31,0.47401864110283704,0.22835343776400455,0.009060664690575869,84,68.407,0.7023720788668416
2026-07-14T14:34:54.005000Z,161,-37,80.0,1.0,5,2.0,0.0,0,2.044,0.00452321173632649,0.002363514970982487,867,cwpb-2m,0,1.0,619.0,-92.0,11,0.0,4546783.0,6.0,-54.0,-53.0,38.0,8289922.0,4515.0,780.0,4515.0,4.0,4,3.0,-35.0,79,0.8921019751206004,0.37795814382111376,0.005796637189083415,63,2.611,1.2700601189417142
2026-07-14T14:36:26.090000Z,161,-59,80.0,2.0,3,2.0,0.3407841668735581,2907584,6.032,0.018392162654457735,0.01244979713419958,390,cwpb-2m,0,1.0,299.7,-92.0,11,4.0,5999310.0,234.0,-71.0,-71.0,21.0,5901025.0,4874.0,351.0,4851.0,,2,3.0,-28.0,29,0.32329897348508935,0.1801500473579477,0.11735602916989948,1225,120.826,0.5034490208430371
2026-07-14T14:37:57.762000Z,161,-47,80.0,3.0,3,2.0,0.000236048825122693,2896,43.245,0.012287697533599172,0.009911663499563454,433,cwpb-2m,0,1.0,227.171,-91.0,11,1.0,6926929.0,234.0,-64.0,-65.0,27.0,7605024.0,2631.0,263.3,2631.0,,2,3.0,-35.0,31,0.48745501758807686,0.19455371923205786,0.00885975870953537,84,92.869,0.6820087368201347
2026-07-14T14:40:37.466000Z,161,-48,80.0,1.0,4,2.0,0.0,0,2.507,0.002437847683749323,0.0018853679831544348,867,cwpb-2m,0,1.0,619.0,-92.0,11,1.0,5004188.0,526.6,-54.0,-54.0,38.0,8041513.0,2262.0,780.0,2262.0,4.0,3,3.0,-31.0,85,0.8876957251254844,0.3768355960801539,0.008265122536356528,84,1.665,1.2645313212056384
2026-07-14T14:42:01.847000Z,161,-57,80.0,2.0,4,2.0,0.290713782105156,1853936,8.404,0.02074927386402796,0.012461609573211442,390,cwpb-2m,0,1.0,70.953,-91.0,11,5.0,6651607.0,175.5,-68.0,-67.0,23.0,5044184.0,6639.0,81.0,6624.0,,3,3.0,-29.0,38,0.24217774810238404,0.11607391868392321,0.00566846883884272,63,182.451,0.35825166678630727
2026-07-14T14:43:33.373000Z,161,-46,80.0,3.0,3,2.0,0.00022987790691768523,2896,39.375,0.012078964210111749,0.00978686251348159,433,cwpb-2m,0,1.0,330.359,-91.0,11,1.0,6360913.0,263.3,-64.0,-65.0,27.0,7855625.0,3799.0,390.0,3799.0,,2,3.0,-33.0,36,0.49626822910955937,0.21445810421614905,0.14001087859192268,1199,84.934,0.7107263333257084
2026-07-14T14:46:21.250000Z,161,-39,80.0,1.0,4,2.0,0.0,0,2.899,0.003973809875449219,0.002921781110369267,867,cwpb-2m,0,1.0,619.0,-91.0,11,0.0,6327241.0,468.0,-54.0,-53.0,37.0,8131066.0,3235.0,780.0,3235.0,4.0,3,3.0,-34.0,69,0.8907041539943313,0.5520912943128494,0.006331592485774416,42,2.464,1.4427954483071808
2026-07-14T14:47:37.595000Z,161,-58,80.0,2.0,4,2.0,0.2305565325938502,1820136,16.669,0.015810564663023677,0.008768938421241847,325,cwpb-2m,0,1.0,202.796,-92.0,11,7.0,6103212.0,263.3,-70.0,-71.0,22.0,5880931.0,4027.0,234.0,4010.0,,3,3.0,-29.0,34,0.29976879795599976,0.221626060683373,0.2557732805868562,2432,66.926,0.5213948586393727
2026-07-14T14:49:09.050000Z,161,-49,80.0,3.0,3,2.0,0.00022618768032232786,2896,32.486,0.007835376359966523,0.008671870987622617,433,cwpb-2m,0,1.0,299.7,-91.0,11,1.0,6876038.0,234.0,-65.0,-65.0,26.0,7574241.0,2845.0,351.0,2844.0,,2,3.0,-33.0,36,0.48573511072396014,0.21192649647057363,0.0032817165697191304,42,70.703,0.6976616071945337
2026-07-14T14:52:05.047000Z,161,-36,80.0,1.0,4,2.0,0.0,0,1.693,0.00352877467631566,0.0017097221508910688,867,cwpb-2m,0,1.0,619.0,-92.0,11,1.0,7027698.0,866.7,-53.0,-50.0,39.0,8531073.0,2228.0,780.0,2228.0,4.0,3,3.0,-34.0,89,0.9346661581031557,0.6345668656131616,0.002117785601832619,21,2.153,1.5692330237163172
2026-07-14T14:53:13.264000Z,161,-57,80.0,2.0,3,2.0,0.39175750128412945,3039352,8.629,0.01209668685078521,0.008606132196600072,390,cwpb-2m,0,1.0,101.39,-91.0,11,7.0,6563385.0,175.5,-67.0,-68.0,23.0,5544651.0,5004.0,117.0,4966.0,,2,3.0,-25.0,36,0.2907924008446378,0.15015140929855825,0.0063165623067470795,63,155.185,0.44094381014319606
2026-07-14T14:54:45.120000Z,161,-50,80.0,3.0,3,2.0,0.00022931072525001113,2896,33.968,0.021166740511002802,0.011249550613733245,433,cwpb-2m,0,1.0,51.585,-91.0,11,2.0,6226499.0,263.3,-65.0,-65.0,26.0,7657435.0,4821.0,58.5,4820.0,,2,3.0,-32.0,41,0.48292706154368487,0.17589088738640032,0.004405222550686516,42,83.177,0.6588179489300852
2026-07-14T14:57:49.973000Z,161,-50,80.0,1.0,4,2.0,0.0,0,2.244,0.008077585782503815,0.0029844383955626315,867,cwpb-2m,0,1.0,619.0,-91.0,11,0.0,5770380.0,780.0,-55.0,-52.0,36.0,8204830.0,2033.0,780.0,2033.0,4.0,3,3.0,-38.0,75,0.8759941581839346,0.541423969428914,0.004433506178904394,42,2.752,1.4174181276128486
2026-07-14T14:58:49.051000Z,161,-58,80.0,2.0,3,2.0,0.7960018839121616,3252208,7.233,0.03326736572638213,0.01527605156386421,325,cwpb-2m,0,1.0,51.585,-91.0,11,7.0,6613813.0,58.5,-69.0,-71.0,22.0,3460840.0,2733.0,58.5,2715.0,,2,3.0,-29.0,42,0.160959600872926,0.17671419897958435,0.010515768064209058,105,143.394,0.33767379985251034
2026-07-14T15:00:20.465000Z,161,-48,80.0,3.0,3,2.0,0.00011435263495111162,1448,39.146,0.009308324718160782,0.007294951466283191,433,cwpb-2m,0,1.0,299.7,-91.0,11,1.0,6988838.0,234.0,-65.0,-66.0,26.0,7451672.0,2597.0,351.0,2596.0,,2,3.0,-32.0,41,0.47701969687648377,0.21906272399359855,0.007059842380570153,84,81.771,0.6960824208700823
2026-07-14T15:03:33.746000Z,161,-39,80.0,1.0,4,2.0,0.0,0,1.502,0.004877664549795697,0.002271069796107031,780,cwpb-2m,0,1.0,619.0,-91.0,11,0.0,5931522.0,526.6,-56.0,-52.0,35.0,7946271.0,5730.0,780.0,5730.0,4.0,3,3.0,-34.0,90,0.811224776417,0.4932156980827407,0.0,0,1.834,1.3044404744997407
2026-07-14T15:04:25.411000Z,161,-57,80.0,2.0,3,2.0,0.22738700973698586,1786920,6.834,0.02556392458031802,0.013018848543988496,390,cwpb-2m,0,1.0,51.585,-90.0,11,1.0,5789798.0,234.0,-69.0,-70.0,21.0,5590401.0,5805.0,58.5,5794.0,,2,3.0,-28.0,50,0.3071522658859505,0.16993948752862234,0.15275787799763688,1310,78.396,0.4770917534145729
2026-07-14T15:05:56.390000Z,161,-48,80.0,3.0,3,2.0,0.0002233470328016768,2896,63.345,0.016905430020184117,0.010323044527759232,433,cwpb-2m,0,1.0,101.39,-91.0,11,0.0,4754065.0,108.0,-64.0,-65.0,27.0,7475557.0,2638.0,117.0,2638.0,,2,3.0,-33.0,44,0.4843554962047681,0.16442680574158172,0.13498936578265627,1254,101.111,0.6487823019463498
2026-07-14T15:09:18.923000Z,161,-40,80.0,1.0,4,2.0,7.051179504352536e-05,1448,3.707,0.006508147491754049,0.00303631041035386,780,cwpb-2m,0,1.0,619.0,-91.0,11,0.0,5617529.0,526.6,-56.0,-57.0,36.0,7345829.0,5974.0,780.0,5973.0,4.0,3,3.0,-33.0,77,0.7507000245292392,0.4376569275865404,0.0044321692898179645,42,2.61,1.1883569521157797
2026-07-14T15:10:01.257000Z,161,-59,80.0,2.0,3,2.0,0.19453078178537814,1181568,9.567,0.012206961059420075,0.006064917056134765,325,cwpb-2m,0,1.0,202.796,-92.0,11,5.0,5679886.0,117.0,-67.0,-68.0,25.0,4537029.0,3324.0,234.0,3307.0,,2,3.0,-29.0,49,0.23179456651568917,0.20816853711718786,0.010788790333434793,105,120.091,0.43996310363287705
2026-07-14T15:11:32.375000Z,161,-48,80.0,3.0,3,2.0,0.00012761036666473295,1448,41.748,0.01839807020134889,0.009683118483899132,433,cwpb-2m,0,1.0,153.406,-91.0,11,0.0,6645100.0,234.0,-64.0,-66.0,27.0,7234623.0,2662.0,175.5,2662.0,,2,3.0,-33.0,44,0.4429195538516354,0.2261736567234938,0.00441742171581196,42,59.33,0.6690932105751292
2026-07-14T15:15:03.557000Z,161,-49,80.0,1.0,4,2.0,0.0,0,2.742,0.018270073352040565,0.0041990652765651485,650,cwpb-2m,0,1.0,619.0,-92.0,11,0.0,5850632.0,650.0,-55.0,-52.0,37.0,8158564.0,3988.0,780.0,3988.0,4.0,3,3.0,-34.0,93,0.8692204802028172,0.4532961282534866,0.0022187608447734428,21,2.39,1.3225166084563038
2026-07-14T15:15:36.684000Z,161,-57,80.0,2.0,3,2.0,0.520403898082577,4449568,4.766,0.027247575444296762,0.015130707205587797,390,cwpb-2m,0,1.0,330.359,-91.0,12,3.0,6093089.0,325.0,-67.0,-66.0,24.0,5733220.0,2967.0,390.0,2959.0,,2,3.0,-28.0,49,0.33366606390156534,0.2663747621079776,0.004317689330193005,42,29.036,0.6000408260095429
2026-07-14T15:17:08.030000Z,161,-49,80.0,3.0,3,2.0,0.0002512491911696563,2896,33.925,0.013636587407079211,0.011429818704740385,433,cwpb-2m,0,1.0,251.312,-91.0,11,2.0,5370957.0,325.0,-65.0,-66.0,26.0,6911946.0,1788.0,292.5,1788.0,,2,3.0,-33.0,40,0.43718867802508804,0.16024097544213356,0.007778859215763677,63,115.261,0.5974296534672217
2026-07-14T15:20:48.137000Z,161,-48,80.0,1.0,4,2.0,0.0,0,2.908,0.0031388765814995318,0.001895126084946844,867,cwpb-2m,0,1.0,619.0,-92.0,11,0.0,5868904.0,780.0,-56.0,-52.0,36.0,8391320.0,3075.0,780.0,3075.0,4.0,3,3.0,-35.0,89,0.8029784700014937,0.6665182488166963,0.002162883705987685,21,2.187,1.46949671881819
2026-07-14T15:21:12.117000Z,161,-58,80.0,2.0,3,2.0,0.16725529480897822,1152608,7.067,0.008083493329394969,0.004215499974320785,325,cwpb-2m,0,1.0,227.171,-92.0,11,5.0,6574366.0,325.0,-70.0,-69.0,22.0,5117232.0,3259.0,263.3,3251.0,,2,3.0,-29.0,40,0.2643017402063957,0.2474020412893264,0.12848383154153165,1220,69.989,0.5117037814957222
2026-07-14T15:22:43.357000Z,161,-50,80.0,3.0,3,2.0,0.0002205563594546615,2896,40.542,0.012262098163737507,0.009709311283447179,433,cwpb-2m,0,1.0,330.359,-88.0,12,1.0,5586328.0,263.3,-66.0,-66.0,22.0,7772044.0,3482.0,390.0,3482.0,,2,3.0,-33.0,40,0.4962186320448872,0.22933894513988903,0.12671672245436982,1267,135.197,0.7255575771847762
2026-07-14T15:26:32.149000Z,161,-48,80.0,1.0,4,2.0,6.130795136570391e-05,1448,2.025,0.011045143504159898,0.005034153356273432,780,cwpb-2m,0,1.0,619.0,-91.0,11,0.0,5283896.0,526.6,-55.0,-54.0,35.0,7951699.0,2905.0,780.0,2905.0,4.0,3,3.0,-34.0,90,0.8674920135665034,0.46699130086618335,0.011424425704400873,84,2.57,1.3344833144326866
2026-07-14T15:26:47.896000Z,161,-62,80.0,2.0,3,2.0,0.1570633264861179,506800,14.16,0.04124058484714222,0.012694263263314673,390,cwpb-2m,0,1.0,330.359,-92.0,11,4.0,5858058.0,234.0,-69.0,-70.0,23.0,3246957.0,4956.0,390.0,4954.0,,2,3.0,-28.0,43,0.12401747507845791,0.24938522398503254,0.12306383176863442,1193,20.789,0.37340269906349044
2026-07-14T15:28:19.122000Z,161,-51,80.0,3.0,3,2.0,0.0,0,22.858,0.01025550140304239,0.008628216321709209,433,cwpb-2m,0,1.0,299.7,-91.0,11,2.0,6656127.0,325.0,-66.0,-66.0,25.0,7685657.0,2999.0,351.0,2999.0,,2,3.0,-33.0,40,0.4858807438772854,0.33691337231245083,0.006032739835463751,63,37.369,0.8227941161897363
2026-07-14T15:32:16.147000Z,161,-40,80.0,1.0,4,2.0,0.0,0,1.803,0.17213016294983507,0.031500693338811565,780,cwpb-2m,0,1.0,202.78,-91.0,12,0.0,3837661.0,866.7,-55.0,-56.0,36.0,7868848.0,3441.0,234.0,3441.0,4.0,3,11.0,-33.0,80,0.8677668960676785,0.30548775962783065,0.011372148671865315,105,2.729,1.1732546556955092
2026-07-14T15:32:23.337000Z,161,-63,80.0,2.0,3,2.0,0.10180777158294095,346072,37.287,0.03341111603406685,0.008235837912793389,325,cwpb-2m,0,1.0,330.359,-92.0,11,5.0,4216477.0,263.3,-70.0,-70.0,21.0,3461004.0,1325.0,390.0,1320.0,,2,3.0,-28.0,52,0.12842100951006846,0.20478052668008517,0.5689287902717926,7023,26.548,0.33320153619015364
2026-07-14T15:33:54.957000Z,161,-48,80.0,3.0,3,2.0,0.0002257604495635443,2896,35.76,0.009806527839314724,0.008089979970212111,433,cwpb-2m,0,1.0,330.359,-89.0,11,0.0,5879499.0,175.5,-65.0,-65.0,24.0,7777579.0,3247.0,390.0,3247.0,,2,3.0,-32.0,54,0.4916407047753153,0.28467956512860026,0.0044277823253360705,42,182.292,0.7763202699039156
2026-07-14T15:37:59.379000Z,161,-62,80.0,2.0,3,2.0,0.2507739425718373,298288,8.17,0.049410722197607435,0.025265266293462076,390,cwpb-2m,0,1.0,202.796,-91.0,11,0.0,5021403.0,390.0,-69.0,-69.0,22.0,1367876.0,2856.0,234.0,2851.0,,2,3.0,-29.0,42,0.045772927074850644,0.2417559037940348,0.0060325040295796635,63,49.939,0.2875288308688855
2026-07-14T15:38:03.188000Z,161,-39,80.0,1.0,4,2.0,6.62048362779123e-05,1448,2.028,0.03279194885752263,0.008328411483745057,867,cwpb-2m,0,1.0,563.578,-92.0,11,1.0,1970549.0,27.0,-52.0,-52.0,40.0,7560484.0,5092.0,702.0,5092.0,4.0,3,3.0,-33.0,83,0.8042197145022598,0.1297895814686161,0.012662561583901626,105,2.555,0.9340092959708759
2026-07-14T15:39:30.411000Z,161,-52,80.0,3.0,3,2.0,0.00010839559643055374,1448,31.753,0.00835720966868508,0.008676493246366391,433,cwpb-2m,0,1.0,330.359,-90.0,11,1.0,5151064.0,234.0,-64.0,-65.0,26.0,7819010.0,2261.0,390.0,2261.0,,2,3.0,-32.0,54,0.5021259967120882,0.19529998783158106,0.11065553830969017,1186,74.649,0.6974259845436693
2026-07-14T15:43:35.208000Z,161,-56,80.0,2.0,3,2.0,0.2813188148532647,2138696,3.148,0.017417417417417414,0.007361717425915464,390,cwpb-2m,0,1.0,202.796,-90.0,11,2.0,5407076.0,234.0,-70.0,-70.0,20.0,5046104.0,3456.0,234.0,3443.0,,2,3.0,-28.0,42,0.2835251685101081,0.2212349048420075,0.21998598355579535,2404,108.576,0.5047600733521156
2026-07-14T15:43:50.618000Z,161,-40,80.0,1.0,4,2.0,0.000971254352640394,8688,4.135,0.004151823955102644,0.0017558420214678241,780,cwpb-2m,0,1.0,619.0,-92.0,11,0.0,6144022.0,780.0,-55.0,-56.0,37.0,4396361.0,2341.0,780.0,2341.0,4.0,3,3.0,-34.0,87,0.2590473372698111,0.573736742104551,0.006828119316038112,63,2.84,0.832784079374362
2026-07-14T15:45:06.069000Z,161,-48,80.0,3.0,3,2.0,0.00032018464723500983,4344,39.951,0.02255501403042387,0.008858815674592986,433,cwpb-2m,0,1.0,202.796,-91.0,11,0.0,4602078.0,325.0,-65.0,-65.0,26.0,8037706.0,2101.0,234.0,2100.0,,2,3.0,-32.0,35,0.5198480907136914,0.20024169646312634,0.010081906655283726,84,137.507,0.7200897871768177
2026-07-14T15:49:11.414000Z,161,-58,80.0,2.0,3,2.0,0.429972664398022,3175464,4.806,0.05897307143208781,0.01492527348364234,325,cwpb-2m,0,1.0,330.359,-92.0,13,2.0,6323584.0,390.0,-69.0,-70.0,23.0,5636519.0,12514.0,390.0,12512.0,,2,3.0,-29.0,44,0.274610123388014,0.2814281381446689,0.0022175653144348604,21,36.255,0.5560382615326829
2026-07-14T15:49:36.919000Z,161,-39,80.0,1.0,5,2.0,0.0,0,2.718,0.00392261113572589,0.001966000719018027,867,cwpb-2m,0,1.0,619.0,-91.0,13,0.0,5535494.0,866.7,-56.0,-53.0,35.0,8880330.0,4323.0,780.0,4323.0,4.0,4,3.0,-32.0,77,0.9348600928581563,0.654333574910444,0.005681406498950885,63,2.556,1.5891936677686003
2026-07-14T15:50:41.793000Z,161,-49,80.0,3.0,3,2.0,0.00022836329609113304,2896,18.069,0.015507310589277802,0.008877304709568075,433,cwpb-2m,0,1.0,251.312,-92.0,13,2.0,6664228.0,263.3,-65.0,-66.0,27.0,7731358.0,2959.0,292.5,2959.0,,2,3.0,-32.0,35,0.4858807438772854,0.3249081086191984,0.09944425337435164,1204,102.874,0.8107888524964838
2026-07-14T15:54:46.421000Z,161,-58,80.0,2.0,3,2.0,0.4479107692356183,4412056,6.952,0.017825038152907004,0.01176467567151148,390,cwpb-2m,0,1.0,330.359,-91.0,11,2.0,6549261.0,325.0,-71.0,-72.0,20.0,6274060.0,2153.0,390.0,2148.0,,2,3.0,-29.0,48,0.3661834165988051,0.35658429128815383,0.10584003674659621,1151,17.155,0.722767707886959
2026-07-14T15:55:22.104000Z,161,-48,80.0,1.0,1,2.0,0.0,0,2.077,0.004702013488898735,0.002063684453803092,780,cwpb-2m,0,1.0,619.0,-92.0,11,0.0,6359441.0,780.0,-56.0,-56.0,36.0,8334912.0,4392.0,780.0,4392.0,4.0,0,3.0,-33.0,73,0.8848889458129332,0.5370102895031836,0.0,0,2.457,1.4218992353161168
2026-07-14T15:56:17.402000Z,161,-49,80.0,3.0,3,2.0,0.00021603083594416583,2896,40.618,0.01101954413429823,0.010890041600328694,433,cwpb-2m,0,1.0,251.312,-91.0,11,2.0,6554386.0,234.0,-65.0,-66.0,27.0,8011745.0,3631.0,292.5,3631.0,,2,3.0,-36.0,41,0.5080333613792893,0.34925801675162815,0.0,0,30.095,0.8572913781309175
2026-07-14T16:00:22.400000Z,161,-55,80.0,2.0,3,2.0,0.18892851214581305,1437864,5.097,0.006453010387436618,0.0034672076421344566,433,cwpb-2m,0,1.0,330.359,-91.0,11,8.0,6864699.0,263.3,-66.0,-67.0,25.0,5567651.0,2605.0,390.0,2587.0,,2,3.0,-28.0,34,0.30567557229996034,0.35743609072389976,0.21223483559463316,2364,48.131,0.66311166302386
2026-07-14T16:01:06.113000Z,161,-39,80.0,1.0,4,2.0,0.00012397450302076995,2896,2.512,0.004733914242110964,0.0026660161265471727,780,cwpb-2m,0,1.0,619.0,-92.0,11,0.0,5871626.0,780.0,-55.0,-53.0,36.0,8127192.0,2711.0,780.0,2711.0,4.0,3,3.0,-34.0,80,0.8550601947080898,0.7047614135902907,0.0,0,2.44,1.5598216082983805
2026-07-14T16:01:53.061000Z,161,-48,80.0,3.0,3,2.0,0.0002291457403218742,2896,28.583,0.018388224289863635,0.01050896204611987,433,cwpb-2m,0,1.0,330.359,-91.0,11,0.0,6641989.0,390.0,-65.0,-66.0,26.0,7512708.0,2929.0,390.0,2929.0,,2,3.0,-36.0,41,0.47706737500710616,0.2798739971318314,0.007376568532680978,63,61.232,0.7569413721389375
2026-07-14T16:05:58.160000Z,161,-59,80.0,2.0,3,2.0,0.23608797149566332,1584112,8.458,0.049613547974203726,0.01165065995583175,292,cwpb-2m,0,1.0,330.359,-92.0,11,2.0,6512987.0,263.3,-70.0,-71.0,22.0,6315777.0,8297.0,390.0,8287.0,,2,3.0,-31.0,48,0.26585797988012105,0.2764047530371673,0.23513376279616338,2513,24.008,0.5422627329172883
2026-07-14T16:06:50.782000Z,161,-39,80.0,1.0,4,2.0,0.0,0,1.98,0.002095209964062423,0.001827332956704843,867,cwpb-2m,0,1.0,619.0,-92.0,11,0.0,5871511.0,866.7,-56.0,-55.0,36.0,8409748.0,3336.0,780.0,3336.0,4.0,3,3.0,-32.0,86,0.8997085992676555,0.6736664692714609,0.0026124410393518725,21,2.305,1.5733750685391164
2026-07-14T16:07:30.301000Z,161,-49,80.0,3.0,3,2.0,0.00045889155773600696,4344,22.322,0.013278196229015903,0.00856504545221098,433,cwpb-2m,0,1.0,330.359,-89.0,11,1.0,4579006.0,175.5,-67.0,-68.0,23.0,5589560.0,2293.0,390.0,2293.0,,2,3.0,-36.0,41,0.35880068642544216,0.0850846461625033,0.006018037311006098,63,279.13,0.4438853325879455
2026-07-14T16:11:34.014000Z,161,-58,80.0,2.0,3,2.0,0.2751405747475907,2332728,7.097,0.02683995470880717,0.010139694930922911,325,cwpb-2m,0,1.0,251.312,-92.0,11,2.0,6497860.0,390.0,-70.0,-71.0,22.0,5744104.0,2850.0,292.5,2839.0,,2,3.0,-30.0,43,0.3203464714441296,0.3104908187127247,0.17954035540524105,2337,23.277,0.6308372901568543
2026-07-14T16:12:35.183000Z,161,-39,80.0,1.0,4,2.0,0.0,0,2.318,0.006508147491754049,0.0027872220224949926,867,cwpb-2m,0,1.0,619.0,-92.0,11,1.0,6166331.0,650.0,-56.0,-57.0,36.0,8477052.0,3701.0,780.0,3701.0,4.0,3,3.0,-31.0,82,0.8999473538832172,0.7158321189554349,0.0,0,2.842,1.615779472838652
2026-07-14T16:13:05.485000Z,161,-48,80.0,3.0,3,2.0,0.00022988903633549456,2896,24.385,0.011842662334465614,0.009274818961532537,433,cwpb-2m,0,1.0,330.359,-91.0,11,0.0,6388148.0,390.0,-66.0,-67.0,25.0,7932661.0,3436.0,390.0,3435.0,,2,3.0,-31.0,40,0.5036028378788885,0.29889607135731466,0.002215225808332991,21,66.201,0.8024989092362032
2026-07-14T16:17:09.581000Z,161,-59,80.0,2.0,3,2.0,0.2620629937846841,1966384,5.555,0.016673066509132084,0.00487596939037543,390,cwpb-2m,0,1.0,330.359,-92.0,11,5.0,6321880.0,263.3,-68.0,-69.0,23.0,5138208.0,2903.0,390.0,2892.0,,2,3.0,-30.0,45,0.2776461393584488,0.3285051963803841,0.004038163895515295,42,20.145,0.6061513357388328
2026-07-14T16:18:19.441000Z,161,-39,80.0,1.0,4,2.0,0.0,0,2.484,0.005870132427509477,0.002232037388937394,867,cwpb-2m,0,1.0,619.0,-92.0,11,0.0,5842421.0,866.7,-55.0,-57.0,37.0,8602796.0,2786.0,780.0,2786.0,4.0,3,3.0,-32.0,81,0.9294117385953913,0.6798737059179701,0.003788441110290856,42,2.534,1.6092854445133615
2026-07-14T16:18:41.286000Z,161,-49,80.0,3.0,3,2.0,0.0003945787993582222,2896,81.676,0.0,0.0,433,cwpb-2m,0,1.0,251.312,-91.0,11,3.0,5474482.0,263.3,-66.0,-66.0,25.0,4646335.0,3669.0,292.5,3669.0,,2,3.0,-31.0,40,0.27616929819164854,0.277341323497377,0.008233540293594818,84,49.726,0.5535106216890255
2026-07-14T16:33:57.379000Z,11,-34,160.0,1.0,10,2.0,0.0009803322109291797,2896,4.118,0.0073430807857037365,0.003710646602639823,65,cwpb-2m,0,2.0,114.187,-87.0,16,0.0,0.0,144.4,-44.0,-44.0,43.0,0.0,0.0,130.0,0.0,4.0,9,11.0,-36.0,89,0.10787062900638146,0.11205757169442944,0.006591500417626357,84,2.785,0.2199282007008109
2026-07-14T16:38:03.569000Z,11,-32,160.0,1.0,9,2.0,0.0009275975214545317,2896,2.728,0.006516024220942253,0.0028596374094807665,65,cwpb-2m,0,2.0,114.187,-89.0,18,0.0,7665172.0,144.4,-42.0,-42.0,47.0,6590048.0,4851.0,130.0,4851.0,4.0,8,11.0,-34.0,83,0.11476279463778662,0.12548857220701476,0.007196669006330212,63,9.022,0.24025136684480136
2026-07-14T16:39:28.843000Z,11,-36,20.0,2.0,5,2.0,0.21676120797983262,308424,19.916,0.014394722591443903,0.014195470186431103,72,cwpb-2m,0,2.0,57.203,-87.0,14,0.0,0.0,72.2,-45.0,-44.0,43.0,0.0,0.0,65.0,0.0,,4,161.0,-46.0,37,0.05462674497503503,0.09105196734935177,0.3298676206445305,3525,123.71,0.14567871232438678
2026-07-14T16:40:50.077000Z,11,-37,20.0,3.0,5,2.0,0.3327463582952117,437296,29.411,0.019995077044257372,0.010715936520979918,72,cwpb-2m,0,2.0,57.203,-91.0,13,0.0,0.0,72.2,-39.0,-40.0,53.0,0.0,0.0,65.0,0.0,,4,11.0,-44.0,36,0.051694607198912425,0.09239891517538974,0.22592350072469705,2359,203.387,0.14409352237430217
2026-07-14T16:43:47.659000Z,11,-36,160.0,1.0,7,2.0,0.0008339251628833588,2896,2.807,0.007439570718259242,0.004533922243336244,65,cwpb-2m,0,2.0,114.187,-87.0,19,0.0,8844533.0,144.4,-44.0,-43.0,43.0,7223793.0,2705.0,130.0,2705.0,4.0,6,11.0,-38.0,81,0.12815521629546173,0.16131501485648672,0.00207244043616473,21,2.48,0.2894702311519485
2026-07-14T16:45:05.102000Z,11,-31,20.0,2.0,5,2.0,0.2371780450986191,362000,15.636,0.013213213213213216,0.010977350932155513,72,cwpb-2m,0,2.0,57.203,-83.0,16,12.0,7018891.0,58.5,-46.0,-45.0,38.0,5839598.0,823.0,65.0,822.0,,4,161.0,-46.0,38,0.05905594051355139,0.0685599048065271,0.44470479198549445,4624,242.263,0.1276158453200785
2026-07-14T16:46:26.134000Z,11,-31,20.0,3.0,3,2.0,0.0036989085381843364,5792,60.183,0.018654063899965538,0.018148528580966567,72,cwpb-2m,0,2.0,57.203,-90.0,20,2.0,7983970.0,72.2,-39.0,-40.0,53.0,6090449.0,422.0,65.0,422.0,,2,11.0,-46.0,34,0.0620273290056109,0.10130160770729901,0.006802537381410528,63,196.401,0.1633289367129099
2026-07-14T16:48:53.452000Z,8,-36,160.0,1.0,3,2.0,0.001006185698001346,2896,1.971,0.014573918180475556,0.0038046325304298694,65,cwpb-2m,0,2.0,101.46,-79.0,4,0.0,0.0,104.0,-46.0,-45.0,33.0,0.0,561.0,117.0,561.0,4.0,2,11.0,-40.0,83,0.1059008525011691,0.07727840186328999,0.005240450143572683,42,2.201,0.1831792543644591
2026-07-14T16:50:11.533000Z,8,-36,20.0,2.0,4,2.0,0.0026477105860205287,4344,44.503,0.031684143159552994,0.017965178984130248,72,cwpb-2m,0,2.0,57.203,-82.0,4,0.0,0.0,58.5,-43.0,-45.0,39.0,0.0,0.0,65.0,0.0,,3,11.0,-45.0,46,0.06348513605206774,0.05936532169583255,0.12820234716144926,1187,268.221,0.1228504577479003
2026-07-14T16:51:47.921000Z,8,-37,20.0,3.0,4,2.0,0.31259472803736654,341728,19.838,0.08577758085954808,0.029500282471367684,72,cwpb-2m,0,2.0,57.203,-83.0,4,0.0,0.0,72.2,-41.0,-41.0,43.0,0.0,554.0,65.0,554.0,,3,11.0,-44.0,34,0.04430080757970439,0.053554107668169273,0.25990817796538396,2344,235.784,0.09785491524787367
2026-07-14T16:54:38.481000Z,8,-35,160.0,1.0,3,2.0,0.004448701855593866,8688,2.934,0.07395854871264708,0.016568743259206,65,cwpb-2m,0,2.0,114.187,-78.0,4,0.0,5988423.0,144.4,-43.0,-44.0,35.0,6941774.0,15407.0,130.0,15407.0,4.0,2,161.0,-39.0,79,0.07279017467263332,0.07945164180825127,0.007411817353379821,63,3.913,0.15224181648088458
2026-07-14T16:55:47.152000Z,8,-27,20.0,2.0,4,2.0,0.0016998260618123133,2896,48.812,0.03138876581499533,0.014801499666170205,72,cwpb-2m,0,2.0,57.203,-83.0,3,2.0,6559496.0,52.0,-41.0,-42.0,42.0,7058239.0,3974.0,65.0,3974.0,,3,161.0,-46.0,49,0.06496802552559447,0.0634429137308915,0.009459840438919452,63,268.07,0.12841093925648597
2026-07-14T16:57:23.808000Z,8,-34,20.0,3.0,4,2.0,0.4495623240759298,595128,18.028,0.022736178801752577,0.0183061989625597,72,cwpb-2m,0,2.0,57.203,-89.0,4,7.0,4561001.0,72.2,-42.0,-42.0,47.0,5329565.0,1600.0,65.0,1600.0,,3,11.0,-44.0,34,0.051684275509655125,0.047840402266524765,0.27074818117374927,3460,383.222,0.09952467777617989
2026-07-14T17:00:22.585000Z,8,-32,160.0,1.0,1,2.0,0.0005042390502856461,1448,5.495,0.008751046128095309,0.004070155616044374,65,cwpb-2m,0,2.0,114.187,-82.0,4,0.0,8231432.0,144.4,-44.0,-45.0,39.0,8063198.0,15489.0,130.0,15489.0,4.0,0,11.0,-39.0,70,0.10554582177275833,0.11132008656545363,0.0072001943987847344,63,5.028,0.21686590833821195
2026-07-14T17:01:23.014000Z,8,-28,20.0,2.0,4,2.0,0.002636661671554017,4344,52.079,0.022507753655294633,0.014493349083252016,72,cwpb-2m,0,2.0,57.203,-85.0,4,8.0,7500102.0,65.0,-41.0,-40.0,44.0,6720821.0,2372.0,65.0,2372.0,,3,161.0,-46.0,31,0.06496802552559447,0.07082128866530132,0.0082912091351,63,233.291,0.1357893141908958
2026-07-14T17:02:59.523000Z,8,-33,20.0,3.0,4,2.0,0.4575747737161969,441640,19.869,0.06295968099246789,0.02424688568184023,72,cwpb-2m,0,2.0,57.203,-82.0,4,2.0,4980811.0,72.2,-41.0,-42.0,40.0,4391965.0,1693.0,65.0,1677.0,,3,11.0,-43.0,37,0.03987471150360701,0.05186250723894879,0.12490374309686311,1156,441.095,0.0917372187425558
2026-07-14T17:06:08.262000Z,8,-33,160.0,1.0,3,2.0,0.002173350106601676,5792,2.608,0.0057775808595480725,0.004745005392635201,65,cwpb-2m,0,2.0,114.187,-81.0,3,0.0,8126090.0,117.0,-43.0,-42.0,38.0,8375559.0,19681.0,130.0,19681.0,4.0,2,11.0,-37.0,86,0.09722050853726108,0.10259049079510907,0.0021689935469650515,21,3.993,0.19981099933237015
2026-07-14T17:06:58.850000Z,8,-27,20.0,2.0,4,2.0,0.006712578384664682,11584,16.835,0.01966425441835278,0.02270248061219249,72,cwpb-2m,0,2.0,57.203,-74.0,3,7.0,8065763.0,6.5,-38.0,-37.0,36.0,7116013.0,2067.0,65.0,2067.0,,3,11.0,-46.0,54,0.06939766362961228,0.07039878403931023,0.01039644095324956,84,195.398,0.13979644766892252
2026-07-14T17:08:35.217000Z,8,-35,20.0,3.0,4,2.0,0.3379450079737387,456120,18.0,0.035734751144587205,0.010940372862205332,72,cwpb-2m,0,2.0,57.203,-85.0,3,1.0,5802018.0,72.2,-41.0,-42.0,45.0,5290904.0,1431.0,65.0,1431.0,,3,11.0,-43.0,37,0.05315565724821365,0.0643014834969934,0.22684039770918377,2372,283.769,0.11745714074520705
2026-07-14T17:11:54.069000Z,8,-33,160.0,1.0,3,2.0,0.0015914271920632076,2896,3.187,0.010287008319795204,0.003087668840840224,52,cwpb-2m,0,2.0,114.187,-79.0,3,0.0,7346853.0,144.4,-43.0,-44.0,36.0,6630960.0,14866.0,130.0,14866.0,4.0,2,11.0,-39.0,87,0.0689122445203098,0.06931810511448872,0.0052300611459567565,42,5.125,0.13823034963479852
2026-07-14T17:12:34.601000Z,8,-27,20.0,2.0,3,2.0,0.0025494901821424753,4344,43.642,0.029358538866735583,0.015058805402906888,72,cwpb-2m,0,2.0,57.203,-84.0,4,5.0,7454656.0,52.0,-39.0,-36.0,45.0,7038232.0,1423.0,65.0,1423.0,,2,161.0,-46.0,33,0.07087420966428488,0.06457027711706828,0.10769556409096981,1228,481.032,0.13544448678135318
2026-07-14T17:14:11.246000Z,8,-33,20.0,3.0,4,2.0,0.23719341484010772,247608,29.951,0.025087382464431648,0.01238200400595758,72,cwpb-2m,0,2.0,57.203,-83.0,4,1.0,5158177.0,39.0,-40.0,-41.0,43.0,3994229.0,782.0,65.0,782.0,,3,11.0,-45.0,41,0.03987471150360701,0.041477330225592406,0.18512175501565623,2373,693.754,0.08135204172919941
2026-07-14T17:17:38.322000Z,8,-35,160.0,1.0,3,2.0,0.0009534013762075372,2896,4.526,0.024957416432826274,0.009504904730111449,65,cwpb-2m,0,2.0,114.187,-83.0,3,0.0,7553052.0,117.0,-45.0,-45.0,38.0,8718692.0,17674.0,130.0,17674.0,4.0,2,11.0,-38.0,80,0.11183166148072735,0.11470840622221383,0.004339267761538283,42,4.389,0.22654006770294116
2026-07-14T17:18:10.601000Z,8,-26,20.0,2.0,4,2.0,0.0023729698262303636,4344,41.76,0.023823167429724804,0.0173499049869036,72,cwpb-2m,0,2.0,57.203,-90.0,4,9.0,6598784.0,52.0,-41.0,-39.0,50.0,7068914.0,1915.0,65.0,1915.0,,3,11.0,-46.0,38,0.07086712861626167,0.05734686902976067,0.002015127460806027,21,373.488,0.12821399764602234
2026-07-14T17:19:48.073000Z,8,-32,20.0,3.0,4,2.0,0.3820300273939527,512592,29.389,0.027997833899473242,0.013720404704432233,72,cwpb-2m,0,2.0,57.203,-83.0,4,6.0,4686952.0,52.0,-41.0,-42.0,43.0,5270215.0,1021.0,65.0,1021.0,,3,11.0,-45.0,41,0.051694607198912425,0.04297605056179735,0.2558528055219002,2375,455.854,0.09467065776070978
2026-07-14T17:23:23.353000Z,8,-33,160.0,1.0,3,2.0,0.0014013510418416461,4344,2.67,0.01835080982621966,0.005133275127112116,58,cwpb-2m,0,2.0,114.187,-79.0,3,0.0,5870384.0,144.4,-43.0,-43.0,36.0,8290523.0,14958.0,130.0,14958.0,4.0,2,11.0,-38.0,84,0.1123595888289288,0.10063398132953372,0.007016870892302684,63,2.462,0.21299357015846251
2026-07-14T17:23:47.054000Z,8,-27,20.0,2.0,4,2.0,0.003496369612906431,5792,18.237,0.028375916900507062,0.02253094345436804,72,cwpb-2m,0,2.0,57.203,-85.0,3,5.0,5581650.0,58.5,-41.0,-40.0,44.0,6673906.0,2067.0,65.0,2067.0,,3,161.0,-46.0,38,0.06645121136955659,0.051692382254192204,0.004025996943724926,42,280.29,0.1181435936237488
2026-07-14T17:25:24.943000Z,8,-31,20.0,3.0,3,2.0,0.00254973909271847,4344,190.975,0.03180229409737606,0.022993169328745316,72,cwpb-2m,0,2.0,57.203,-84.0,4,5.0,5640603.0,26.0,-38.0,-36.0,46.0,6994992.0,2962.0,65.0,2962.0,,2,11.0,-40.0,40,0.06794148374714205,0.03368729806966058,0.13589374057008768,1196,595.044,0.10162878181680263
2026-07-14T17:29:07.981000Z,8,-39,160.0,1.0,3,2.0,0.0020517001997749536,4344,2.958,0.04164820558263181,0.01867906116789071,58,cwpb-2m,0,2.0,101.46,-83.0,3,0.0,5042582.0,144.4,-44.0,-45.0,40.0,6410064.0,9847.0,117.0,9847.0,4.0,2,11.0,-38.0,79,0.07888862564278053,0.06583988664449342,0.0,0,4.484,0.14472851228727396
2026-07-14T17:29:23.154000Z,8,-28,20.0,2.0,4,2.0,0.004143485781515451,2896,25.567,0.032095702259636684,0.02287555852293154,72,cwpb-2m,0,2.0,57.203,-87.0,3,10.0,6487936.0,72.2,-44.0,-44.0,44.0,3414009.0,1412.0,65.0,1392.0,,3,161.0,-46.0,39,0.028057178133812782,0.0636411139649439,0.09998182366424258,1186,359.433,0.09169829209875668
2026-07-14T17:31:01.597000Z,8,-30,20.0,3.0,3,2.0,0.0015355643049816611,2896,76.767,0.025030276177817157,0.013727594884700326,72,cwpb-2m,0,2.0,57.203,-83.0,3,6.0,4638467.0,65.0,-38.0,-34.0,45.0,7354800.0,1261.0,65.0,1261.0,,2,11.0,-40.0,40,0.07532642763270098,0.03808156490064533,0.0022757377163485464,21,645.974,0.1134079925333463
2026-07-14T17:34:54.173000Z,8,-38,160.0,1.0,3,2.0,0.0023187489468380743,5792,3.335,0.03257027519322601,0.01853525756252889,65,cwpb-2m,0,2.0,114.187,-88.0,3,0.0,3418997.0,144.4,-43.0,-44.0,45.0,6871927.0,12127.0,130.0,12127.0,4.0,2,11.0,-38.0,89,0.08849938590316965,0.02453899973020655,0.005564692279068351,42,7.998,0.1130383856333762
2026-07-14T17:34:58.765000Z,8,-29,20.0,2.0,4,2.0,0.0035545140794633508,4344,34.022,0.05974499089253187,0.030522315238046323,72,cwpb-2m,0,2.0,57.203,-91.0,3,18.0,5587249.0,52.0,-41.0,-40.0,50.0,4998989.0,1712.0,65.0,1711.0,,3,161.0,-41.0,28,0.04724947310952325,0.05409393238176701,0.46173001661436397,3507,290.121,0.10134340549129026
2026-07-14T17:36:37.721000Z,8,-32,20.0,3.0,3,2.0,0.003826402051440596,5792,58.292,0.01995569339831635,0.01567767449026758,72,cwpb-2m,0,2.0,57.203,-88.0,4,0.0,4218252.0,52.0,-39.0,-35.0,49.0,6067888.0,1586.0,65.0,1586.0,,2,11.0,-41.0,34,0.06053838742157666,0.040096245549662214,0.004659166684500941,42,591.8,0.10063463297123887
2026-07-14T17:40:34.938000Z,8,-28,20.0,2.0,4,2.0,0.0037397918501795176,4344,35.514,0.017202776547038844,0.012615684864670537,72,cwpb-2m,0,2.0,57.203,-87.0,4,0.0,5222122.0,52.0,-41.0,-40.0,46.0,4778550.0,1570.0,65.0,1570.0,,3,161.0,-46.0,45,0.04577750116569454,0.04489411915356508,0.288246439386315,2328,453.925,0.09067162031925963
2026-07-14T17:40:40.804000Z,8,-35,160.0,1.0,4,2.0,0.002147093829900186,2896,8.011,0.01934721606852754,0.006865081403112322,52,cwpb-2m,0,2.0,101.46,-84.0,4,0.0,2719488.0,144.4,-43.0,-44.0,41.0,4478745.0,8639.0,117.0,8639.0,4.0,3,161.0,-39.0,81,0.04614619903629119,0.008827109505738099,0.477246350608015,4728,6.0,0.05497330854202929
2026-07-14T17:42:13.533000Z,8,-34,20.0,3.0,3,2.0,0.0023675916715163586,4344,68.132,0.033936887707379515,0.012702480612192492,72,cwpb-2m,0,2.0,57.203,-87.0,3,7.0,5119731.0,72.2,-40.0,-37.0,47.0,7061963.0,2079.0,65.0,2079.0,,2,11.0,-41.0,34,0.07235798571351719,0.048248888624241315,0.004429688633651968,42,364.012,0.1206068743377585
2026-07-14T17:46:10.650000Z,8,-28,20.0,2.0,4,2.0,0.004832530841308293,5792,43.736,0.06553832521045636,0.0204195983770736,72,cwpb-2m,0,2.0,57.203,-89.0,3,4.0,5246841.0,52.0,-41.0,-39.0,48.0,5005423.0,1970.0,65.0,1970.0,,3,161.0,-46.0,41,0.04724947310952325,0.046822185560042515,0.002529461547198207,21,386.5,0.09407165866956577
2026-07-14T17:46:25.637000Z,8,-37,160.0,1.0,3,2.0,0.061795710213699916,65160,7.701,0.03845813026140895,0.008555800934723435,65,cwpb-2m,0,2.0,114.187,-83.0,3,0.0,4809182.0,117.0,-42.0,-44.0,40.0,3874545.0,5991.0,130.0,5952.0,4.0,2,161.0,-40.0,71,0.03876947917254357,0.051138803229115085,0.010459058974188343,84,2.332,0.08990828240165866
2026-07-14T17:47:50.037000Z,8,-32,20.0,3.0,2,2.0,0.002345099190235729,2896,61.677,0.028513759661300646,0.02446715628370397,72,cwpb-2m,0,2.0,57.203,-86.0,3,11.0,5549436.0,52.0,-40.0,-36.0,46.0,5654055.0,3780.0,65.0,3780.0,,1,11.0,-28.0,26,0.05021761842180065,0.02943542606888321,0.10401756093507378,1185,408.154,0.07965304449068386
2026-07-14T17:52:11.243000Z,8,-32,160.0,1.0,3,2.0,0.0013919153880974176,4344,2.553,0.004325111997243144,0.0023828257408453598,65,cwpb-2m,0,2.0,114.187,-78.0,3,0.0,7531197.0,144.4,-43.0,-44.0,35.0,8626452.0,15768.0,130.0,15768.0,4.0,2,161.0,-40.0,73,0.1149232275751904,0.09142464293370646,0.0022800748563730562,21,2.155,0.20634787050889686
2026-07-14T17:53:25.662000Z,8,-36,20.0,3.0,2,2.0,0.0043380554234514574,5792,34.609,0.0392261113572589,0.023671100611165327,72,cwpb-2m,0,2.0,57.203,-87.0,3,1.0,5954255.0,72.2,-39.0,-35.0,49.0,5438953.0,1339.0,65.0,1339.0,,1,11.0,-28.0,26,0.054637662681635425,0.06476883664396335,0.002214653620341689,21,269.574,0.11940649932559877
2026-07-14T17:57:56.839000Z,8,-32,160.0,1.0,3,2.0,0.007614524460538838,13032,4.23,0.006894107221976075,0.006794206769041138,58,cwpb-2m,0,2.0,114.187,-79.0,3,0.0,7418622.0,117.0,-43.0,-42.0,36.0,6908303.0,16124.0,130.0,16124.0,4.0,2,161.0,-39.0,61,0.06396578202098038,0.08008576705454823,0.0024052265912484316,21,2.653,0.1440515490755286
2026-07-14T17:59:01.870000Z,8,-31,20.0,3.0,4,2.0,0.47599675783052187,584992,41.945,0.0351772264067346,0.018774930238131926,72,cwpb-2m,0,2.0,57.203,-85.0,3,9.0,6167735.0,58.5,-40.0,-41.0,45.0,5070037.0,1668.0,65.0,1668.0,,3,11.0,-42.0,47,0.047254194751684686,0.06211114643063124,0.11501273263654753,1200,336.876,0.10936534118231592
2026-07-14T18:03:00.766000Z,8,-27,20.0,2.0,4,2.0,0.002413540554938315,4344,35.418,0.021773248658494556,0.014484618150069335,72,cwpb-2m,0,2.0,57.203,-83.0,3,10.0,7788170.0,72.2,-41.0,-39.0,42.0,7095563.0,1726.0,65.0,1726.0,,3,161.0,-46.0,37,0.07088129212752703,0.06279739152458948,0.12239655427893284,1161,281.006,0.1336786836521165
2026-07-14T18:03:41.245000Z,8,-35,160.0,1.0,3,2.0,0.0010232761823412585,2896,2.603,0.005360114212573229,0.0036418263057880953,65,cwpb-2m,0,2.0,114.187,-82.0,3,0.0,8250328.0,117.0,-42.0,-41.0,40.0,8650080.0,17809.0,130.0,17809.0,4.0,2,161.0,-37.0,67,0.10339204013135914,0.11291210155162322,0.008083624913091942,84,2.871,0.21630414168298234
2026-07-14T18:04:37.826000Z,8,-32,20.0,3.0,4,2.0,0.4386577520834762,634224,23.657,0.0403190075321223,0.014871118871940606,72,cwpb-2m,0,2.0,57.203,-84.0,4,6.0,4953564.0,58.5,-43.0,-41.0,42.0,5766116.0,1851.0,65.0,1851.0,,3,11.0,-42.0,47,0.057596805505210125,0.04446238991956436,0.137881622456193,1216,473.309,0.10205919542477448
2026-07-14T18:08:36.588000Z,8,-28,20.0,2.0,4,2.0,0.0031643431300639106,5792,33.415,0.021072219760744353,0.013095886189718043,72,cwpb-2m,0,2.0,57.203,-88.0,4,2.0,7291883.0,58.5,-43.0,-44.0,45.0,7392743.0,2855.0,65.0,2855.0,,3,161.0,-46.0,43,0.07235798571351719,0.057916258136682754,0.11348730498417739,1211,302.801,0.13027424385019995
2026-07-14T18:09:27.784000Z,8,-32,160.0,1.0,3,2.0,0.0022536191810731076,5792,2.766,0.04102200561216955,0.008874736788043758,58,cwpb-2m,0,2.0,114.187,-84.0,3,0.0,6581545.0,117.0,-42.0,-42.0,42.0,8585657.0,21090.0,130.0,21090.0,4.0,2,161.0,-38.0,86,0.09107213023080438,0.07553311988850807,0.006070349545341071,63,7.185,0.16660525011931243
2026-07-14T18:10:13.720000Z,8,-33,20.0,3.0,4,2.0,0.7151280587076866,886176,21.425,0.025729335893270314,0.014738842380976839,72,cwpb-2m,0,2.0,57.203,-87.0,3,3.0,6199774.0,39.0,-41.0,-41.0,47.0,5347355.0,2281.0,65.0,2281.0,,3,11.0,-41.0,39,0.051689440838009075,0.054090152945854716,0.0075365058521706906,84,428.807,0.10577959378386378
2026-07-14T18:14:12.947000Z,8,-28,20.0,2.0,4,2.0,0.002158094201967857,2896,34.854,0.04694727514399645,0.02220173591495044,72,cwpb-2m,0,2.0,57.203,-88.0,4,1.0,7069219.0,58.5,-41.0,-40.0,47.0,5669048.0,1839.0,65.0,1839.0,,3,161.0,-46.0,45,0.056119964338409864,0.0598538039381372,0.008239969398457074,84,330.439,0.11597376827654707
2026-07-14T18:15:14.005000Z,8,-32,160.0,1.0,3,2.0,0.002303969351544837,5792,2.865,0.008705754935263132,0.004510297365312516,52,cwpb-2m,0,2.0,101.46,-81.0,4,0.0,7395742.0,117.0,-43.0,-42.0,38.0,8190069.0,19199.0,117.0,19199.0,4.0,2,161.0,-38.0,76,0.08280904855324095,0.10332096854821642,0.00859336656592619,63,5.81,0.18613001710145738
2026-07-14T18:15:49.423000Z,8,-34,20.0,3.0,4,2.0,0.0033417945613624838,5792,41.774,0.0311682173977256,0.017601561296286785,72,cwpb-2m,0,2.0,57.203,-87.0,4,1.0,5641644.0,72.2,-41.0,-37.0,46.0,6786506.0,1973.0,65.0,1973.0,,3,11.0,-41.0,39,0.06790754694207354,0.061863691663975325,0.004421123147724058,42,349.497,0.12977123860604886
2026-07-14T18:19:48.753000Z,8,-28,20.0,2.0,4,2.0,0.002388814810865328,4344,59.653,0.023275734751144594,0.014683375276051564,72,cwpb-2m,0,2.0,57.203,-89.0,4,7.0,6662385.0,52.0,-40.0,-40.0,49.0,7215979.0,2057.0,65.0,2057.0,,3,161.0,-46.0,42,0.07235075569895748,0.059077162491865516,0.0023322765021837042,21,287.438,0.131427918190823
2026-07-14T18:21:25.540000Z,8,-31,20.0,3.0,4,2.0,0.0028081877608920414,4344,59.83,0.031243046325013544,0.016205639155667403,72,cwpb-2m,0,2.0,57.203,-85.0,4,0.0,4049724.0,58.5,-39.0,-36.0,46.0,6130000.0,2141.0,65.0,2141.0,,3,11.0,-44.0,42,0.06053838742157666,0.04160092506850824,0.006311266969585187,63,515.696,0.1021393124900849
2026-07-14T18:25:24.562000Z,8,-27,20.0,2.0,4,2.0,0.0022752526120969293,4344,53.333,0.020666568207551816,0.014295619125879514,72,cwpb-2m,0,2.0,57.203,-87.0,3,7.0,7378118.0,58.5,-39.0,-38.0,48.0,7542350.0,2364.0,65.0,2364.0,,3,11.0,-46.0,43,0.07531889950681322,0.06862674187619726,0.11579512599881944,1182,255.897,0.14394564138301047
2026-07-14T18:26:43.466000Z,8,-32,160.0,1.0,3,2.0,0.0021542604313404042,4344,2.838,0.05397922512676611,0.02115145601150429,58,cwpb-2m,0,2.0,101.46,-83.0,4,0.0,7970002.0,144.4,-43.0,-42.0,41.0,7041645.0,16212.0,117.0,16212.0,4.0,2,161.0,-38.0,70,0.07418486508236924,0.11059650186020638,0.0,0,6.067,0.18478136694257563
2026-07-14T18:27:02.495000Z,8,-32,20.0,3.0,4,2.0,0.06863767712917551,102808,38.672,0.021779156205385713,0.018083303374248887,72,cwpb-2m,0,2.0,57.203,-88.0,4,21.0,6955455.0,52.0,-41.0,-42.0,49.0,6088219.0,1945.0,65.0,1920.0,,3,11.0,-44.0,42,0.05906774343960586,0.045607046856607256,0.0,0,493.871,0.10467479029621311
2026-07-14T18:31:00.527000Z,8,-28,20.0,2.0,4,2.0,0.0031173181826968143,5792,36.929,0.013134445921331167,0.017523496481947513,72,cwpb-2m,0,2.0,57.203,-88.0,4,1.0,6836249.0,52.0,-40.0,-40.0,48.0,7152635.0,2067.0,65.0,2067.0,,3,161.0,-46.0,41,0.07087420966428488,0.06486162881373439,0.11125523125409019,1161,312.143,0.1357358384780193
2026-07-14T18:32:28.369000Z,8,-38,160.0,1.0,3,2.0,0.002050196917568868,4344,3.987,0.022302958696401316,0.012103641312721484,65,cwpb-2m,0,2.0,114.187,-83.0,3,0.0,3580901.0,130.0,-42.0,-42.0,41.0,6708431.0,14299.0,130.0,14299.0,4.0,2,161.0,-40.0,71,0.07889505385342123,0.022856122757669708,0.008340722935701426,63,3.859,0.10175117661109094
2026-07-14T18:36:36.464000Z,8,-28,20.0,2.0,4,2.0,0.0016692952588337575,2896,59.438,0.02960074828927288,0.019011863797442352,72,cwpb-2m,0,2.0,57.203,-86.0,4,1.0,6334708.0,52.0,-42.0,-41.0,44.0,6696508.0,2197.0,65.0,2197.0,,3,11.0,-42.0,37,0.06644457156026706,0.054828539952952136,0.11561352894647674,1207,359.644,0.1212731115132192
2026-07-14T18:38:14.795000Z,8,-32,20.0,3.0,4,2.0,0.005156977296979498,5792,38.697,0.024575395067198347,0.023198603050690773,72,cwpb-2m,0,2.0,57.203,-87.0,4,16.0,4636586.0,52.0,-38.0,-35.0,49.0,4632350.0,1376.0,65.0,1376.0,,3,11.0,-43.0,50,0.045772927074850644,0.04045804599273604,0.1215112009758212,1184,692.176,0.08623097306758667
2026-07-14T18:38:16.816000Z,8,-31,160.0,1.0,3,2.0,0.003749626197541865,5792,3.196,0.11125879978338996,0.035108623080478664,65,cwpb-2m,0,2.0,114.187,-83.0,3,0.0,2268672.0,144.4,-43.0,-43.0,41.0,5130023.0,10130.0,130.0,10130.0,4.0,2,161.0,-38.0,83,0.05426759442001266,0.0008388461150457341,0.12233496959586242,1153,11.328,0.05510644053505839
2026-07-14T18:42:12.847000Z,8,-29,20.0,2.0,4,2.0,0.0034869635846923484,4344,26.732,0.0395608723477576,0.023712187355554415,72,cwpb-2m,0,2.0,57.203,-86.0,3,9.0,5481855.0,58.5,-43.0,-42.0,43.0,5256324.0,2413.0,65.0,2413.0,,3,11.0,-45.0,43,0.050067491012467914,0.048908628911520785,0.002062594027901973,21,418.183,0.09897611992398869
2026-07-14T18:43:50.793000Z,8,-33,20.0,3.0,3,2.0,0.00487970989173267,5792,31.564,0.05023384039777482,0.026233886292434904,72,cwpb-2m,0,2.0,57.203,-89.0,3,1.0,3417486.0,58.5,-40.0,-37.0,49.0,4918356.0,1914.0,65.0,1914.0,,2,11.0,-45.0,42,0.047263640867577075,0.023330245370900175,0.12465661877801626,1186,761.43,0.07059388623847725
2026-07-14T18:47:48.601000Z,8,-28,20.0,2.0,4,2.0,0.00663084096689185,7240,59.84,0.02841333136415104,0.0160192080530019,72,cwpb-2m,0,2.0,57.203,-87.0,3,6.0,7532589.0,52.0,-41.0,-42.0,46.0,4746357.0,2024.0,65.0,2024.0,,3,11.0,-45.0,35,0.04429195538516354,0.07124560292734862,0.0056533111170809485,63,293.307,0.11553755831251217
2026-07-14T18:49:27.524000Z,8,-37,20.0,3.0,3,2.0,0.008833853084137156,11584,49.692,0.0265445773642495,0.017348877818293872,72,cwpb-2m,0,2.0,57.203,-90.0,3,4.0,4390606.0,58.5,-43.0,-41.0,47.0,5371865.0,2607.0,65.0,2607.0,,2,11.0,-45.0,42,0.051684275509655125,0.041518806866182645,0.10591513757209715,1185,647.856,0.09320308237583777
2026-07-14T18:49:45.197000Z,8,-30,160.0,1.0,3,2.0,0.21166033834685516,314216,4.465,0.014914586717865405,0.008595346926197936,58,cwpb-2m,0,2.0,114.187,-81.0,3,1.0,4965881.0,144.4,-44.0,-42.0,37.0,4738709.0,7043.0,130.0,7026.0,4.0,2,11.0,-39.0,66,0.05409416405940836,0.07062404707512052,0.007265358746872454,84,7.793,0.12471821113452888
2026-07-14T18:53:24.261000Z,8,-26,20.0,2.0,4,2.0,0.006013678648856739,7240,67.433,0.033929010978191294,0.018956396692517075,72,cwpb-2m,0,2.0,57.203,-89.0,3,3.0,4679763.0,58.5,-41.0,-44.0,48.0,4726430.0,1315.0,65.0,1315.0,,3,11.0,-43.0,50,0.04724003265535551,0.041531186805401576,0.0022149873607421643,21,213.28,0.08877121946075708
2026-07-14T18:55:03.746000Z,8,-39,20.0,3.0,3,2.0,0.0031115370886199644,4344,34.823,0.03229458967163885,0.01726670432951569,72,cwpb-2m,0,2.0,57.203,-82.0,3,1.0,4205620.0,52.0,-49.0,-50.0,33.0,5785734.0,2531.0,65.0,2531.0,,2,11.0,-44.0,38,0.056119964338409864,0.04450650380975144,0.003932140101423,42,421.611,0.10062646814816131
2026-07-14T18:55:29.778000Z,8,-33,160.0,1.0,3,2.0,0.0013554335502396109,4344,5.929,0.017378033771476394,0.005275024395254482,65,cwpb-2m,0,2.0,114.187,-84.0,3,2.0,6951694.0,144.4,-41.0,-40.0,43.0,8205841.0,11377.0,130.0,11377.0,4.0,2,161.0,-36.0,69,0.11877674262465758,0.12023188371675389,0.00378565328821805,42,2.279,0.23900862634141146
2026-07-14T18:59:00.108000Z,8,-26,20.0,2.0,4,2.0,0.06350507738406459,82536,38.519,0.037414463643971836,0.025314570386728984,72,cwpb-2m,0,2.0,57.203,-85.0,3,9.0,6624077.0,58.5,-41.0,-41.0,44.0,5256385.0,922.0,65.0,921.0,,3,161.0,-46.0,40,0.05315034646219625,0.06367807292034565,0.004213455829224546,42,273.719,0.1168284193825419
2026-07-14T19:00:40.784000Z,8,-44,20.0,3.0,3,2.0,0.03048084424525191,15928,48.397,0.08215428543297396,0.030912639309742702,72,cwpb-2m,0,2.0,51.585,-80.0,4,4.0,2811677.0,39.0,-53.0,-54.0,28.0,3562332.0,4498.0,58.5,4498.0,,2,11.0,-44.0,38,0.02215483165667675,0.01523929886670067,0.21003265226324697,2342,259.116,0.03739413052337742
2026-07-14T19:01:14.251000Z,8,-36,160.0,1.0,3,2.0,0.019864524467127123,44888,2.844,0.002981341997735441,0.002839094037286221,65,cwpb-2m,0,2.0,114.187,-83.0,3,0.0,5965943.0,117.0,-44.0,-43.0,39.0,7337313.0,15222.0,130.0,15220.0,4.0,2,11.0,-39.0,70,0.08293988102460485,0.07275021642451993,0.009596006145666318,84,2.963,0.15569009744912476
2026-07-14T19:04:36.055000Z,8,-31,20.0,2.0,4,2.0,0.0033947989482115207,4344,95.158,0.0438733815782996,0.01677879923989523,72,cwpb-2m,0,2.0,57.203,-84.0,3,5.0,5887655.0,39.0,-43.0,-42.0,41.0,5059743.0,2127.0,65.0,2127.0,,3,11.0,-44.0,38,0.04873575850440856,0.04131803497864263,0.004670587765846575,42,487.197,0.09005379348305119
2026-07-14T19:06:17.564000Z,8,-42,20.0,3.0,3,2.0,0.0025140667165556535,4344,61.745,0.021290798995717022,0.021898207590776025,72,cwpb-2m,0,2.0,57.203,-84.0,3,8.0,7159580.0,39.0,-47.0,-49.0,37.0,8014465.0,5053.0,65.0,5053.0,,2,11.0,-44.0,38,0.07089546130136562,0.05007420982513027,0.006175278762834159,63,415.758,0.1209696711264959
2026-07-14T19:06:58.666000Z,8,-34,160.0,1.0,2,2.0,0.0014664248974276053,4344,3.423,0.01144291832816423,0.00522263879615839,58,cwpb-2m,0,2.0,114.187,-80.0,3,0.0,6730928.0,104.0,-43.0,-43.0,37.0,8917857.0,18173.0,130.0,18172.0,4.0,1,161.0,-37.0,72,0.10842012305091837,0.07446690978830353,0.004339450775783812,42,1.723,0.18288703283922192
2026-07-14T19:10:12.220000Z,8,-32,20.0,2.0,4,2.0,0.002594661296874522,4344,24.081,0.019166051297198842,0.012293667505521032,72,cwpb-2m,0,2.0,57.203,-87.0,3,3.0,8044724.0,58.5,-46.0,-45.0,41.0,7419926.0,5927.0,65.0,5927.0,,3,11.0,-46.0,43,0.0679143315905841,0.06932140807291967,0.0039404981863171585,42,267.916,0.13723573966350378
2026-07-14T19:11:53.294000Z,8,-38,20.0,3.0,4,2.0,0.0025583146020837504,4344,40.189,0.0245852409786836,0.018563504699296393,72,cwpb-2m,0,2.0,57.203,-87.0,4,6.0,7617135.0,58.5,-45.0,-42.0,42.0,7298125.0,4216.0,65.0,4216.0,,3,11.0,-45.0,37,0.06794148374714205,0.06399583700485997,0.1399841876106589,1232,283.253,0.13193732075200204
2026-07-14T19:12:43.232000Z,8,-31,160.0,1.0,3,2.0,0.0019599313509795326,4344,3.682,0.007545906562300004,0.0050798623594062965,65,cwpb-2m,0,2.0,114.187,-77.0,3,0.0,7782719.0,104.0,-42.0,-40.0,35.0,8994591.0,20037.0,130.0,20037.0,4.0,2,161.0,-36.0,85,0.08108384595715327,0.08304989483698476,0.011379695389412511,105,2.149,0.16413374079413803
2026-07-14T19:15:47.734000Z,8,-34,20.0,2.0,4,2.0,0.0024136892645240287,4344,20.772,0.02540245163195983,0.013995172307534283,72,cwpb-2m,0,2.0,57.203,-90.0,4,0.0,7032452.0,52.0,-47.0,-45.0,44.0,7662979.0,5522.0,65.0,5522.0,,3,11.0,-46.0,40,0.07088837600641246,0.04736262073665593,0.0061724385322355435,63,467.284,0.11825099674306838
2026-07-14T19:17:29.469000Z,8,-42,20.0,3.0,4,2.0,0.002352944334127062,4344,27.231,0.01624575395067198,0.013589440706692005,72,cwpb-2m,0,2.0,57.203,-84.0,4,8.0,6368184.0,52.0,-48.0,-48.0,37.0,7789715.0,5228.0,65.0,5228.0,,3,11.0,-45.0,37,0.07235798571351719,0.03613916124640156,0.21383061549711063,2338,714.791,0.10849714695991874
2026-07-14T19:18:28.810000Z,8,-32,160.0,1.0,3,2.0,0.003240852296273527,7240,6.978,0.01905577708856397,0.007708386831698424,58,cwpb-2m,0,2.0,101.46,-80.0,3,0.0,7317207.0,117.0,-42.0,-43.0,38.0,8777328.0,19262.0,117.0,19262.0,4.0,2,161.0,-37.0,80,0.08381755664887573,0.07882607834190963,0.00207386071704092,21,2.427,0.16264363499078538
2026-07-14T19:21:23.450000Z,8,-33,20.0,2.0,4,2.0,0.0020445791752202874,4344,35.169,0.014879141436518485,0.01257973396333008,72,cwpb-2m,0,2.0,57.203,-85.0,3,1.0,8241840.0,65.0,-47.0,-47.0,40.0,8027731.0,2103.0,65.0,2103.0,,3,11.0,-43.0,51,0.08122626417401427,0.08254176904835854,0.006637388905932881,63,265.779,0.16376803322237282
2026-07-14T19:23:05.446000Z,8,-40,20.0,3.0,3,2.0,0.002380468093710598,4344,38.776,0.02899227095948408,0.014491808330337424,72,cwpb-2m,0,2.0,57.203,-89.0,4,7.0,6273999.0,58.5,-47.0,-44.0,42.0,7210780.0,2417.0,65.0,2417.0,,2,11.0,-44.0,43,0.07236521717321272,0.055353041942063766,0.194867559803315,2071,656.252,0.12771825911527648
2026-07-14T19:24:13.272000Z,8,-32,160.0,1.0,3,2.0,0.0014785180884579953,4344,3.228,0.0038143061093880762,0.0030871552565353605,58,cwpb-2m,0,2.0,114.187,-82.0,4,0.0,7723610.0,117.0,-44.0,-42.0,38.0,8952387.0,17094.0,130.0,17094.0,4.0,2,161.0,-35.0,87,0.10797178008392468,0.10350063219721685,0.008454957506272847,84,2.601,0.21147241228114153
2026-07-14T19:26:59.386000Z,8,-34,20.0,2.0,4,2.0,0.003913998549298,5792,64.682,0.022976419041992817,0.01586564634584767,72,cwpb-2m,0,2.0,57.203,-86.0,3,0.0,6271685.0,52.0,-47.0,-46.0,39.0,6639036.0,6163.0,65.0,6163.0,,3,11.0,-45.0,42,0.05757954200071261,0.041863624738000885,0.09386316690975276,1158,419.527,0.09944316673871349
2026-07-14T19:28:41.550000Z,8,-38,20.0,3.0,3,2.0,0.00439925569944135,5792,40.684,0.04274700930438635,0.018623594062965442,72,cwpb-2m,0,2.0,57.203,-88.0,3,0.0,5660904.0,52.0,-51.0,-51.0,38.0,6304184.0,7262.0,65.0,7262.0,,2,11.0,-44.0,43,0.051689440838009075,0.03187735123390323,0.004659166684500941,42,473.713,0.08356679207191231
2026-07-14T19:29:58.410000Z,8,-31,160.0,1.0,3,2.0,0.0017149280515834297,4344,3.925,0.006403780830010337,0.003919675414719326,58,cwpb-2m,0,2.0,114.187,-80.0,3,1.0,6811060.0,144.4,-42.0,-42.0,38.0,8243045.0,16724.0,130.0,16724.0,4.0,2,161.0,-36.0,77,0.09195302263353627,0.08525562510029111,0.008883472448094825,84,5.843,0.17720864773382738
2026-07-14T19:32:35.014000Z,8,-32,20.0,2.0,4,2.0,0.015066102686834656,23168,50.379,0.05814995323192043,0.02372245904165169,72,cwpb-2m,0,2.0,57.203,-90.0,3,0.0,7039259.0,52.0,-45.0,-42.0,45.0,6819096.0,3368.0,65.0,3368.0,,3,11.0,-45.0,39,0.06202113061158615,0.05858279293126413,0.11642734021020426,1189,343.654,0.12060392354285028
2026-07-14T19:34:17.414000Z,8,-44,20.0,3.0,3,2.0,0.002729910162454496,4344,50.381,0.049938463053217155,0.020312259257357093,72,cwpb-2m,0,2.0,57.203,-88.0,4,1.0,5431410.0,72.2,-49.0,-46.0,39.0,6992761.0,3874.0,65.0,3874.0,,2,11.0,-44.0,43,0.06351051741580671,0.04878773552386131,0.09649269886116951,1215,369.633,0.11229825293966803
2026-07-14T19:35:43.235000Z,8,-34,160.0,1.0,3,2.0,0.00423951138728372,8688,5.868,0.013266381135233594,0.0051897694006471165,65,cwpb-2m,0,2.0,114.187,-79.0,3,0.0,6441508.0,117.0,-46.0,-47.0,33.0,7248012.0,15403.0,130.0,15403.0,4.0,2,11.0,-38.0,68,0.07377204541345556,0.07129058601291371,0.005915164878339326,42,5.065,0.14506263142636927
2026-07-14T19:38:10.785000Z,8,-30,20.0,2.0,4,2.0,0.0014304704274912075,2896,46.475,0.015387190469157682,0.01502542242309075,72,cwpb-2m,0,2.0,57.203,-86.0,3,1.0,7945875.0,58.5,-44.0,-44.0,42.0,7752735.0,1965.0,65.0,1965.0,,3,11.0,-46.0,35,0.07973348587232049,0.07888324157990818,0.1421228205950577,1181,228.976,0.15861672745222866
2026-07-14T19:39:53.049000Z,8,-43,20.0,3.0,3,2.0,0.0035676245236753138,4344,46.965,0.011992320189041504,0.017790560320476607,72,cwpb-2m,0,2.0,57.203,-85.0,4,6.0,5287421.0,58.5,-47.0,-44.0,38.0,6675935.0,10065.0,65.0,10065.0,,2,11.0,-44.0,43,0.047254194751684686,0.048894090080096445,0.12080961260674104,1234,391.711,0.09614828483178113
2026-07-14T19:41:27.489000Z,8,-38,160.0,1.0,3,2.0,0.0027248967072397144,5792,2.461,0.02671983458868705,0.014324379846951877,58,cwpb-2m,0,2.0,101.46,-78.0,4,1.0,6200065.0,144.4,-41.0,-41.0,37.0,7703749.0,20906.0,117.0,20906.0,4.0,2,161.0,-34.0,73,0.07808968121494128,0.07821465228209427,0.00911484566741976,84,4.534,0.15630433349703554
2026-07-14T19:43:46.911000Z,8,-33,20.0,2.0,3,2.0,0.00416551677805765,7240,49.35,0.014871264707330283,0.011672744080940888,72,cwpb-2m,0,2.0,57.203,-88.0,4,1.0,7230857.0,58.5,-48.0,-49.0,41.0,7477748.0,4347.0,65.0,4347.0,,2,11.0,-45.0,41,0.06792111759493967,0.07085549915999516,0.004429879354767685,42,287.348,0.13877661675493483
2026-07-14T19:45:28.986000Z,8,-41,20.0,3.0,3,2.0,0.010090472877784315,14480,22.073,0.0662826761187417,0.019079656925684352,72,cwpb-2m,0,2.0,57.203,-87.0,5,19.0,5653447.0,52.0,-48.0,-45.0,39.0,6299887.0,3840.0,65.0,3840.0,,2,11.0,-44.0,43,0.05610874931755886,0.05459534566347538,0.002852543122732379,21,174.913,0.11070409498103424
2026-07-14T19:47:12.593000Z,8,-34,160.0,1.0,3,2.0,0.003510289516762839,10136,3.142,0.0067838330133412105,0.004606851214626882,65,cwpb-2m,0,2.0,114.187,-84.0,5,2.0,6773324.0,117.0,-43.0,-44.0,41.0,8827810.0,16334.0,130.0,16327.0,4.0,2,161.0,-36.0,77,0.10643640080360282,0.09612381561871734,0.0073956568353819915,63,2.93,0.20256021642232017
2026-07-14T19:49:22.225000Z,8,-31,20.0,2.0,4,2.0,0.0021861185996229267,4344,27.671,0.012086840939299955,0.012558163422525808,72,cwpb-2m,0,2.0,57.203,-88.0,5,1.0,7909299.0,52.0,-46.0,-46.0,42.0,7762935.0,2952.0,65.0,2952.0,,3,11.0,-42.0,35,0.07828040518692454,0.07530919164494526,0.0036182437014289706,42,279.524,0.1535895968318698
2026-07-14T19:51:04.794000Z,8,-44,20.0,3.0,3,2.0,0.0030051966160987383,4344,37.629,0.01811647713287057,0.01586975502028658,72,cwpb-2m,0,2.0,57.203,-86.0,3,4.0,6380036.0,58.5,-49.0,-46.0,37.0,6833540.0,6337.0,65.0,6337.0,,2,11.0,-44.0,43,0.05906774343960586,0.06300992500177799,0.12398205694070966,1208,329.594,0.12207766844138385
2026-07-14T19:52:56.990000Z,8,-34,160.0,1.0,3,2.0,0.001337546463575116,4344,3.207,0.017840791611283414,0.007373529864927328,65,cwpb-2m,0,2.0,101.46,-80.0,4,2.0,8225192.0,78.0,-44.0,-43.0,36.0,8789961.0,13220.0,117.0,13220.0,4.0,2,11.0,-37.0,83,0.11945691961356927,0.11058264030519152,0.009445539979971567,105,2.34,0.2300395599187608
2026-07-14T19:54:57.939000Z,8,-32,20.0,2.0,4,2.0,0.0014596932478004791,2896,49.609,0.01139368877073795,0.01171691233115916,72,cwpb-2m,0,2.0,57.203,-85.0,4,0.0,8367838.0,72.2,-46.0,-46.0,40.0,7714041.0,1707.0,65.0,1707.0,,3,11.0,-44.0,41,0.07974145364346791,0.09271379102425661,0.0045430346790521796,42,236.161,0.17245524466772452
2026-07-14T19:56:40.552000Z,8,-45,20.0,3.0,4,2.0,0.0014263687240400281,2896,52.411,0.023703047309604687,0.017293924297673464,72,cwpb-2m,0,2.0,57.203,-89.0,4,23.0,8157793.0,58.5,-49.0,-44.0,41.0,8105743.0,2865.0,65.0,2865.0,,3,11.0,-45.0,41,0.07975739396403632,0.07137976213999675,0.006489196772516142,63,251.621,0.15113715610403305
2026-07-14T19:58:41.503000Z,8,-35,160.0,1.0,2,2.0,0.0021625073775568423,5792,2.602,0.015881455225717524,0.005242668584048072,65,cwpb-2m,0,2.0,114.187,-83.0,4,1.0,7482475.0,117.0,-45.0,-43.0,38.0,8002735.0,16795.0,130.0,16795.0,4.0,1,11.0,-37.0,80,0.09924258381491516,0.09747467808101759,0.012384501923144935,126,3.155,0.19671726189593275
2026-07-14T20:00:33.661000Z,8,-32,20.0,2.0,4,2.0,0.0021195263125462463,4344,48.092,0.01749815389159651,0.016714087617482408,72,cwpb-2m,0,2.0,57.203,-88.0,4,0.0,9624801.0,58.5,-46.0,-45.0,42.0,8091228.0,2658.0,65.0,2658.0,,3,11.0,-44.0,41,0.07825693983764788,0.08947957019405978,0.006474903687388619,63,228.367,0.16773651003170764
2026-07-14T20:02:16.043000Z,8,-41,20.0,3.0,4,2.0,0.002157463811583386,4344,72.1,0.02819672131147541,0.016327358635920088,72,cwpb-2m,0,2.0,57.203,-86.0,4,10.0,8324709.0,58.5,-47.0,-44.0,39.0,8067484.0,2794.0,65.0,2794.0,,3,11.0,-45.0,41,0.07828040518692454,0.0711468757967462,0.0022698636139656305,21,243.856,0.14942728098367075
2026-07-14T20:04:26.210000Z,8,-38,160.0,1.0,2,2.0,0.0016063183918515558,4344,2.014,0.015495495495495497,0.004235529762210467,58,cwpb-2m,0,2.0,101.46,-81.0,4,0.0,7538419.0,144.4,-43.0,-42.0,38.0,9044985.0,20017.0,117.0,20017.0,4.0,1,161.0,-36.0,79,0.09869703757659203,0.10037332097669008,0.005730506440938719,42,3.573,0.1990703585532821
2026-07-14T20:06:09.393000Z,8,-31,20.0,2.0,4,2.0,0.002355915957362801,4344,86.95,0.019455521094865355,0.010662010168969237,72,cwpb-2m,0,2.0,57.203,-88.0,4,1.0,8557629.0,58.5,-45.0,-46.0,44.0,7559783.0,3041.0,65.0,3041.0,,3,11.0,-44.0,41,0.07234352712910046,0.08398724005787318,0.0019271817242420433,21,247.478,0.15633076718697364
2026-07-14T20:07:51.800000Z,8,-45,20.0,3.0,4,2.0,0.002377289974315279,4344,22.457,0.034537488307980105,0.01692825227261055,72,cwpb-2m,0,2.0,57.203,-86.0,4,0.0,7067376.0,52.0,-53.0,-51.0,33.0,8031326.0,4631.0,65.0,4631.0,,3,11.0,-44.0,38,0.07235798571351719,0.06597363754257174,0.0032793108492058702,42,271.836,0.13833162325608894
2026-07-14T20:10:10.524000Z,8,-33,160.0,1.0,3,2.0,0.002951744394204454,8688,2.811,0.012701225815979914,0.005381336346361255,65,cwpb-2m,0,2.0,114.187,-81.0,4,0.0,7069446.0,117.0,-44.0,-44.0,37.0,8737198.0,18886.0,130.0,18885.0,4.0,2,161.0,-36.0,81,0.10784693251704931,0.1063475922072145,0.0070047687207875345,63,3.313,0.2141945247242638
2026-07-14T20:11:45.213000Z,8,-31,20.0,2.0,4,2.0,0.0037850528415355245,7240,46.496,0.01037759070545956,0.013394278670843817,72,cwpb-2m,0,2.0,57.203,-88.0,4,8.0,8055557.0,58.5,-44.0,-46.0,44.0,7543797.0,2308.0,65.0,2308.0,,3,11.0,-43.0,42,0.07383467929950732,0.08035099309248653,0.0020149301430357437,21,221.186,0.15418567239199385
2026-07-14T20:13:27.447000Z,8,-40,20.0,3.0,4,2.0,0.0014398952231611667,2896,60.989,0.01838231674297248,0.015168712444147709,72,cwpb-2m,0,2.0,57.203,-90.0,4,3.0,7430689.0,58.5,-50.0,-52.0,40.0,8052926.0,3312.0,65.0,3312.0,,3,11.0,-44.0,38,0.07974145364346791,0.07473876071573562,0.0023926973301512545,21,289.71,0.15448021435920353
2026-07-14T20:15:54.939000Z,8,-35,160.0,1.0,3,2.0,0.0012978202900593375,4344,2.899,0.02675527987003397,0.00979559344666427,65,cwpb-2m,0,2.0,114.187,-81.0,4,1.0,8245084.0,117.0,-43.0,-43.0,38.0,8941146.0,16228.0,130.0,16228.0,4.0,2,161.0,-39.0,82,0.12284810366363492,0.11307238564689781,0.007895208079792371,84,2.263,0.23592048931053272
2026-07-14T20:17:20.896000Z,8,-32,20.0,2.0,3,2.0,0.0029150688146489423,5792,46.308,0.01497366218677694,0.01876945200554671,72,cwpb-2m,0,2.0,57.203,-88.0,3,0.0,8747361.0,58.5,-46.0,-44.0,43.0,7707064.0,2145.0,65.0,2145.0,,2,11.0,-40.0,36,0.07827258184041375,0.0895415673227699,0.006806737682349502,63,236.77,0.16781414916318366
2026-07-14T20:19:03.248000Z,8,-40,20.0,3.0,4,2.0,0.0017397416589936766,2896,57.498,0.03592182346280706,0.018924554465615532,72,cwpb-2m,0,2.0,57.203,-90.0,5,8.0,6427062.0,58.5,-48.0,-48.0,43.0,6844597.0,3958.0,65.0,3958.0,,3,11.0,-43.0,43,0.06498101133921143,0.05412809810008495,0.2717697351660297,2327,365.062,0.11910910943929637
2026-07-14T20:21:39.115000Z,8,-37,160.0,1.0,3,2.0,0.0017055576320961423,4344,1.733,0.028411362181853986,0.009014945303271533,58,cwpb-2m,0,2.0,114.187,-83.0,4,0.0,7326559.0,130.0,-47.0,-46.0,36.0,8357464.0,18280.0,130.0,18280.0,4.0,2,11.0,-36.0,91,0.0946450129649222,0.08888473143126378,0.012313408398218515,105,2.97,0.18352974439618597
2026-07-14T20:22:56.553000Z,8,-30,20.0,2.0,4,2.0,0.1751115270170146,289600,25.497,0.024851080588785504,0.012798520877201994,72,cwpb-2m,0,2.0,57.203,-87.0,4,0.0,7985453.0,52.0,-45.0,-46.0,43.0,6675309.0,1792.0,65.0,1792.0,,3,11.0,-46.0,49,0.06497451778356644,0.0793509876216225,0.0073723400611804425,63,246.511,0.14432550540518896
2026-07-14T20:24:39.375000Z,8,-45,20.0,3.0,4,2.0,0.001492860713176677,2896,61.555,0.013232905036183724,0.01530994812798521,72,cwpb-2m,0,2.0,57.203,-87.0,4,4.0,6838282.0,52.0,-47.0,-45.0,40.0,7927117.0,3513.0,65.0,3513.0,,3,11.0,-43.0,43,0.07827258184041375,0.05203212720198139,0.09783879085582749,1186,330.962,0.13030470904239513
2026-07-14T20:27:24.650000Z,8,-36,160.0,1.0,3,2.0,0.01560286710539022,36200,3.541,0.032168562004627574,0.012249499255302759,58,cwpb-2m,0,2.0,114.187,-81.0,4,0.0,7094672.0,104.0,-42.0,-42.0,40.0,7331511.0,13008.0,130.0,13008.0,4.0,2,11.0,-36.0,81,0.08620525106513811,0.09794069895278115,0.007392822707451208,63,2.261,0.18414595001791928
2026-07-14T20:28:32.680000Z,8,-37,20.0,2.0,4,2.0,0.002309933698044619,4344,47.196,0.028716585437896913,0.016628319038570184,72,cwpb-2m,0,2.0,57.203,-89.0,5,15.0,7042118.0,52.0,-46.0,-44.0,43.0,7725377.0,2653.0,65.0,2653.0,,3,11.0,-44.0,47,0.07680341640981275,0.06310096549725484,0.111094218245294,1160,312.577,0.1399043819070676
2026-07-14T20:30:14.574000Z,8,-40,20.0,3.0,4,2.0,0.004728273933288137,7240,38.471,0.04590951607345051,0.01915977607724308,72,cwpb-2m,0,2.0,57.203,-88.0,3,5.0,5548394.0,58.5,-50.0,-46.0,38.0,6697541.0,4289.0,65.0,4288.0,,3,11.0,-46.0,34,0.06350417017241117,0.051043947823720175,0.002394256344538061,21,454.033,0.11454811799613135
2026-07-14T20:33:08.981000Z,8,-37,160.0,1.0,3,2.0,0.006456513833856659,17376,3.721,0.014735391128833753,0.005263725540547481,65,cwpb-2m,0,2.0,101.46,-81.0,3,2.0,7665877.0,117.0,-42.0,-42.0,39.0,8484777.0,16269.0,117.0,16262.0,4.0,2,11.0,-35.0,78,0.0992905124297976,0.11280141556839256,0.003953443915228981,42,2.91,0.21209192799819016
2026-07-14T20:34:09.653000Z,8,-34,20.0,2.0,4,2.0,0.0018989419810513572,2896,60.269,0.022744055530940773,0.012993682913050178,72,cwpb-2m,0,2.0,57.203,-89.0,4,2.0,8418921.0,19.5,-46.0,-45.0,43.0,6532858.0,5382.0,65.0,5382.0,,3,11.0,-45.0,45,0.05906774343960586,0.02935384713886947,0.10784748095714877,1204,839.373,0.08842159057847533
2026-07-14T20:35:50.536000Z,8,-44,20.0,3.0,4,2.0,0.0036804034296826923,5792,25.491,0.03970462265544232,0.024707000154075287,72,cwpb-2m,0,2.0,57.203,-84.0,3,11.0,6066443.0,52.0,-52.0,-47.0,32.0,7334911.0,6927.0,65.0,6926.0,,3,11.0,-46.0,34,0.06202113061158615,0.03214996567916103,0.12153852467240062,1212,639.477,0.09417109629074719
2026-07-14T20:38:54.728000Z,8,-30,160.0,1.0,3,2.0,0.0016313362265630317,4344,4.146,0.01510756658297642,0.005268861383596118,58,cwpb-2m,0,2.0,114.187,-82.0,3,1.0,7749348.0,144.4,-41.0,-40.0,41.0,9083368.0,19117.0,130.0,19117.0,4.0,2,161.0,-34.0,84,0.09877857431683576,0.10897744694016358,0.005223555764524256,63,3.021,0.20775602125699932
2026-07-14T20:39:46.346000Z,8,-32,20.0,2.0,4,2.0,0.003716939292669694,5792,44.592,0.0538748584650224,0.017816753120024655,72,cwpb-2m,0,2.0,57.203,-86.0,4,0.0,7609878.0,52.0,-46.0,-46.0,40.0,7554952.0,9410.0,65.0,9410.0,,3,11.0,-43.0,47,0.05906184138690407,0.04579468026362717,0.0022712666201729404,21,436.993,0.10485652165053125
2026-07-14T20:41:26.284000Z,8,-40,20.0,3.0,4,2.0,0.0026539888656790774,4344,33.457,0.033602126716880815,0.01636587745878486,72,cwpb-2m,0,2.0,57.203,-87.0,4,8.0,6428906.0,58.5,-50.0,-52.0,37.0,7471856.0,6848.0,65.0,6848.0,,3,11.0,-44.0,36,0.06498101133921143,0.06361075109321176,0.10359109660137643,1206,316.652,0.1285917624324232
2026-07-14T20:44:39.136000Z,8,-35,160.0,1.0,2,2.0,0.0014330841256944239,4344,3.271,0.008449761236646482,0.0039022135483539624,65,cwpb-2m,0,2.0,114.187,-80.0,3,0.0,8009415.0,144.4,-42.0,-41.0,38.0,9338250.0,21971.0,130.0,21971.0,4.0,1,161.0,-32.0,87,0.1107728820544288,0.11591196440349337,0.006054038122614551,63,3.973,0.22668484645792217
2026-07-14T20:45:22.239000Z,8,-33,20.0,2.0,4,2.0,0.03664763597662792,62264,54.208,0.04253039925171071,0.027853731189974838,72,cwpb-2m,0,2.0,57.203,-87.0,3,0.0,7585285.0,52.0,-46.0,-46.0,42.0,7282564.0,5369.0,65.0,5369.0,,3,11.0,-43.0,42,0.06645785250601167,0.06901246952284382,0.0,0,318.149,0.1354703220288555
2026-07-14T20:47:01.953000Z,8,-40,20.0,3.0,4,2.0,0.0017038739552949459,2896,26.264,0.024490720228425144,0.018382723023984388,72,cwpb-2m,0,2.0,57.203,-89.0,4,9.0,6722943.0,72.2,-46.0,-47.0,44.0,7206177.0,4093.0,65.0,4093.0,,3,11.0,-44.0,36,0.06941847252425384,0.07109754165800651,0.004023399272415066,42,265.191,0.14051601418226034
2026-07-14T20:50:23.403000Z,8,-31,160.0,1.0,3,2.0,0.001485695526159036,4344,2.448,0.006888199675084919,0.004861075445534385,65,cwpb-2m,0,2.0,114.187,-82.0,4,2.0,7781023.0,130.0,-43.0,-42.0,39.0,9301565.0,21822.0,130.0,21822.0,4.0,2,161.0,-35.0,86,0.10601332971595055,0.1110169364907133,0.004802370085361818,42,2.358,0.21703026620666385
2026-07-14T20:50:58.382000Z,8,-31,20.0,2.0,4,2.0,0.00227796488579317,4344,39.013,0.02384679761728942,0.014832314724462023,72,cwpb-2m,0,2.0,57.203,-88.0,4,10.0,8676933.0,58.5,-46.0,-47.0,42.0,7858370.0,3716.0,65.0,3716.0,,3,11.0,-45.0,49,0.07530384776830268,0.08572210382455184,0.0026814797470376362,21,207.669,0.16102595159285452
2026-07-14T20:52:37.693000Z,8,-42,20.0,3.0,4,2.0,0.0026262326726475983,4344,54.666,0.04512578151922414,0.020961429818704743,72,cwpb-2m,0,2.0,57.203,-87.0,4,9.0,6502973.0,52.0,-48.0,-44.0,39.0,7127712.0,4322.0,65.0,4322.0,,3,11.0,-45.0,40,0.06646449497003026,0.06647292621643387,0.12995850926538952,1207,327.999,0.13293742118646412
2026-07-14T20:56:08.890000Z,8,-37,160.0,1.0,3,2.0,0.0010315823917438048,2896,2.772,0.003619357061980013,0.0023203738893739405,65,cwpb-2m,0,2.0,114.187,-83.0,5,0.0,7017114.0,117.0,-44.0,-44.0,39.0,8564740.0,19223.0,130.0,19223.0,4.0,2,11.0,-37.0,82,0.10305088564264048,0.10236948297790245,0.010554386144786248,105,2.318,0.20542036862054291
2026-07-14T20:56:33.651000Z,8,-28,20.0,2.0,4,2.0,0.0021664721894337413,4344,37.763,0.012567321419780437,0.012951569000051361,72,cwpb-2m,0,2.0,57.203,-89.0,5,0.0,8433368.0,52.0,-42.0,-41.0,47.0,7953314.0,1446.0,65.0,1446.0,,3,11.0,-44.0,36,0.08121814722945807,0.08893359474593275,0.0041191599765327165,42,206.997,0.17015174197539082
2026-07-14T20:58:13.374000Z,8,-39,20.0,3.0,4,2.0,0.00260077655894029,4344,86.7,0.025955791857431194,0.013542704534949412,72,cwpb-2m,0,2.0,57.203,-87.0,5,1.0,6330363.0,52.0,-48.0,-48.0,40.0,7132936.0,5010.0,65.0,5010.0,,3,11.0,-45.0,40,0.06646449497003026,0.06794428315101428,0.13130046997042102,1185,320.934,0.13440877812104454
2026-07-15T11:52:11.018000Z,8,-38,160.0,1.0,4,2.0,0.0010316435167753173,2896,2.214,0.003906857677349481,0.002546350983513944,65,cwpb-2m,0,2.0,114.187,-83.0,3,0.0,6956308.0,104.0,-49.0,-49.0,34.0,8534416.0,16188.0,130.0,16187.0,4.0,3,11.0,-34.0,102,0.10272643581619735,0.08577343039597139,0.0058853894230542405,63,2.93,0.18849986621216874
2026-07-15T11:53:33.621000Z,8,-42,20.0,3.0,3,2.0,0.0027366803982403955,4344,27.313,0.03790675921823464,0.018114118432540703,72,cwpb-2m,0,2.0,57.203,-85.0,3,1.0,8126391.0,52.0,-51.0,-51.0,35.0,7609927.0,5793.0,65.0,5793.0,,2,161.0,-48.0,39,0.06202113061158615,0.0680365494512742,0.004213887244029004,42,301.697,0.13005768006286034
2026-07-15T11:55:08.615000Z,8,-44,20.0,2.0,3,2.0,0.3526057572669586,370688,10.202,0.021759464382415206,0.018314416311437525,72,cwpb-2m,0,2.0,57.203,-86.0,5,0.0,6852430.0,52.0,-48.0,-48.0,39.0,4996417.0,2032.0,65.0,2032.0,,2,161.0,-51.0,42,0.041343288970832844,0.06589376381290875,0.005902721901658048,63,325.972,0.1072370527837416
2026-07-15T11:57:56.733000Z,8,-38,160.0,1.0,4,2.0,0.00089866285745573,2896,2.201,0.008193767538029832,0.004373683940218787,52,cwpb-2m,0,2.0,101.46,-82.0,3,0.0,6421445.0,104.0,-48.0,-49.0,34.0,9144985.0,15487.0,117.0,15487.0,4.0,3,11.0,-31.0,105,0.11829050172281465,0.07943192476616626,0.016878706950553136,168,2.451,0.19772242648898092
2026-07-15T11:59:09.247000Z,8,-47,20.0,3.0,3,2.0,0.0032563740518287768,5792,47.849,0.00946782848422193,0.013523701915669456,72,cwpb-2m,0,2.0,57.203,-87.0,5,6.0,7132243.0,58.5,-47.0,-48.0,41.0,7017022.0,2114.0,65.0,2114.0,,2,161.0,-48.0,39,0.06939766362961228,0.06938378715299225,0.009126164439758227,63,304.95,0.1387814507826045
2026-07-15T12:00:44.659000Z,8,-34,20.0,2.0,3,2.0,0.002282810096616241,4344,42.735,0.018023925564909175,0.011789327718144933,72,cwpb-2m,0,2.0,57.203,-87.0,4,10.0,7315981.0,58.5,-47.0,-45.0,40.0,7435992.0,2455.0,65.0,2455.0,,2,161.0,-48.0,31,0.0735919955926464,0.07751491671592618,0.004319139344450781,42,268.486,0.1511069123085726
2026-07-15T12:03:43.629000Z,8,-38,160.0,1.0,3,2.0,0.0009833035418313142,2896,3.033,0.007551814109191158,0.003977710441168918,58,cwpb-2m,0,2.0,114.187,-85.0,4,0.0,7731364.0,117.0,-47.0,-45.0,38.0,8911807.0,17152.0,130.0,17152.0,4.0,2,11.0,-30.0,106,0.10952363390220395,0.11625308463641258,0.00783294761410706,63,1.686,0.22577671853861653
2026-07-15T12:04:44.900000Z,8,-44,20.0,3.0,4,2.0,0.46826413379978693,781920,9.067,0.014388815044552748,0.015809665656617535,72,cwpb-2m,0,2.0,57.203,-85.0,4,2.0,6785616.0,58.5,-48.0,-49.0,37.0,6674109.0,2002.0,65.0,2001.0,,3,11.0,-47.0,40,0.06646449497003026,0.06531508747322323,0.11794715952083222,1233,324.046,0.1317795824432535
2026-07-15T12:06:20.458000Z,8,-36,20.0,2.0,4,2.0,0.2994173288340009,512592,20.541,0.011669374292325112,0.01089517744337733,72,cwpb-2m,0,2.0,57.203,-83.0,3,1.0,7574540.0,58.5,-50.0,-51.0,33.0,6829043.0,2116.0,65.0,2116.0,,3,11.0,-47.0,41,0.06644457156026706,0.075008586208647,0.011068324545500283,84,259.885,0.14145315776891407
2026-07-15T12:09:28.276000Z,8,-40,160.0,1.0,2,2.0,0.0017280532387728123,4344,2.977,0.00558341948505883,0.0029052436957526582,58,cwpb-2m,0,2.0,101.46,-84.0,4,0.0,6700113.0,117.0,-49.0,-50.0,35.0,8922144.0,21945.0,117.0,21945.0,4.0,1,11.0,-30.0,95,0.09140916878816262,0.06963363954417483,0.004803603244494804,42,3.585,0.16104280833233744
2026-07-15T12:10:20.558000Z,8,-41,20.0,3.0,4,2.0,0.002216422275634618,4344,41.772,0.029738591050066467,0.01663910430897232,72,cwpb-2m,0,2.0,57.203,-88.0,4,37.0,7485556.0,52.0,-46.0,-47.0,42.0,7845087.0,2692.0,65.0,2692.0,,3,11.0,-47.0,40,0.07679574067361349,0.06153680303380643,0.00603191459551127,63,317.966,0.13833254370741993
2026-07-15T12:11:56.148000Z,8,-35,20.0,2.0,1,2.0,0.002223656484650042,4344,48.421,0.010351991335597895,0.013981305531302965,72,cwpb-2m,0,2.0,57.203,-87.0,5,5.0,7295019.0,58.5,-50.0,-50.0,38.0,7659641.0,3191.0,65.0,3191.0,,0,161.0,-42.0,25,0.07530384776830268,0.07499368729391691,0.006478437059114342,63,275.339,0.1502975350622196
2026-07-15T12:15:13.643000Z,8,-37,160.0,1.0,4,2.0,0.000876244824953248,2896,3.412,0.01046423472652981,0.0041158646191772385,58,cwpb-2m,0,2.0,114.187,-86.0,7,0.0,8433964.0,144.4,-45.0,-45.0,41.0,9173456.0,13832.0,130.0,13832.0,4.0,3,11.0,-31.0,97,0.121112626449154,0.12891794893276148,0.0023408194451889314,21,3.215,0.2500305753819155
2026-07-15T12:15:56.208000Z,8,-40,20.0,3.0,4,2.0,0.002188805840785161,4344,67.698,0.014936247723132968,0.01291921318884495,72,cwpb-2m,0,2.0,57.203,-87.0,5,5.0,7735218.0,58.5,-47.0,-45.0,40.0,7886692.0,2918.0,65.0,2918.0,,3,161.0,-49.0,49,0.07827258184041375,0.0729991561634909,0.10605987264988948,1184,326.807,0.15127173800390464
2026-07-15T12:17:31.889000Z,8,-36,20.0,2.0,4,2.0,0.0022908867563228145,4344,41.623,0.016590360852655937,0.01157875815315084,72,cwpb-2m,0,2.0,57.203,-85.0,5,2.0,7034888.0,58.5,-49.0,-48.0,37.0,7467426.0,3498.0,65.0,3498.0,,3,11.0,-47.0,47,0.07381992564193923,0.07277514370644592,0.004031281335834431,42,288.95,0.14659506934838515
2026-07-15T12:20:58.736000Z,8,-38,160.0,1.0,4,2.0,0.0009263308013096158,2896,2.165,0.00315266085757889,0.00207077191721021,58,cwpb-2m,0,2.0,114.187,-82.0,5,0.0,6991571.0,144.4,-48.0,-49.0,34.0,9311360.0,21612.0,130.0,21612.0,4.0,3,11.0,-30.0,96,0.11574726207568302,0.08977815950882392,0.007405948790285109,63,3.164,0.20552542158450693
2026-07-15T12:21:31.992000Z,8,-41,20.0,3.0,4,2.0,0.00299230679969634,5792,27.694,0.03475606754295278,0.01920805300190026,72,cwpb-2m,0,2.0,57.203,-89.0,6,6.0,7603351.0,72.2,-49.0,-50.0,41.0,7476283.0,2435.0,65.0,2435.0,,3,161.0,-49.0,49,0.07384205834001298,0.08602910698190201,0.0019231113043463523,21,199.149,0.15987116532191498
2026-07-15T12:23:07.593000Z,8,-34,20.0,2.0,3,2.0,0.23850720606341658,415576,22.545,0.014052084871757003,0.01621591084176468,72,cwpb-2m,0,2.0,57.203,-89.0,5,4.0,8022020.0,72.2,-49.0,-50.0,41.0,7208224.0,2162.0,65.0,2162.0,,2,11.0,-47.0,41,0.07088837600641246,0.0920642161483443,0.12914284016979538,1165,212.232,0.16295259215475677
2026-07-15T12:26:43.478000Z,8,-39,160.0,1.0,3,2.0,0.0009464564643686602,2896,3.636,0.008390685767734949,0.005531816547686304,52,cwpb-2m,0,2.0,114.187,-85.0,5,0.0,6952306.0,117.0,-48.0,-49.0,37.0,9079477.0,17351.0,130.0,17351.0,4.0,2,11.0,-29.0,96,0.11285799685424147,0.07546022910985568,0.009342659907274228,84,2.233,0.18831822596409714
2026-07-15T12:27:07.707000Z,8,-43,20.0,3.0,4,2.0,0.00216008102565631,4344,54.636,0.017494215527002414,0.011445739818191157,72,cwpb-2m,0,2.0,57.203,-87.0,5,11.0,7446262.0,72.2,-48.0,-45.0,39.0,7792330.0,2408.0,65.0,2408.0,,3,161.0,-49.0,44,0.07827258184041375,0.08515826289034512,0.0039304126785917,42,244.941,0.16343084473075886
2026-07-15T12:28:43.290000Z,8,-34,20.0,2.0,3,2.0,0.0021864846529947276,4344,43.165,0.011389750406143847,0.011995275024395256,72,cwpb-2m,0,2.0,57.203,-87.0,5,14.0,7612849.0,65.0,-46.0,-44.0,41.0,7778029.0,2096.0,65.0,2096.0,,2,11.0,-46.0,34,0.07825693983764788,0.08358161647024756,0.004030412797470787,42,234.592,0.16183855630789545
2026-07-15T12:32:28.119000Z,8,-41,160.0,1.0,5,2.0,0.0007455437503893601,2896,4.067,0.024244572441293754,0.011511478609213704,52,cwpb-2m,0,2.0,114.187,-87.0,5,0.0,6428641.0,144.4,-45.0,-45.0,42.0,9257847.0,12646.0,130.0,12646.0,4.0,4,11.0,-29.0,98,0.14183292980806986,0.11306074454362834,0.0023421516058602333,21,3.069,0.2548936743516982
2026-07-15T12:32:43.415000Z,8,-43,20.0,3.0,4,2.0,0.15523633369439555,215752,33.927,0.026077881159848375,0.017285706948795644,72,cwpb-2m,0,2.0,57.203,-88.0,6,17.0,7117278.0,58.5,-50.0,-50.0,39.0,5817412.0,2093.0,65.0,2063.0,,3,161.0,-49.0,44,0.056119964338409864,0.08322744228974968,0.14130658886769795,1209,264.855,0.13934740662815953
2026-07-15T12:34:19.062000Z,8,-37,20.0,2.0,4,2.0,0.0024091618508326686,4344,47.886,0.013331364151036286,0.01768784345950388,72,cwpb-2m,0,2.0,57.203,-89.0,5,9.0,7806327.0,72.2,-46.0,-45.0,43.0,7175798.0,2320.0,65.0,2320.0,,3,11.0,-50.0,45,0.07088129212752703,0.09684135652968681,0.00422114824483925,42,196.935,0.16772264865721384
2026-07-15T12:38:12.902000Z,8,-36,160.0,1.0,3,2.0,0.001762186157969319,5792,2.48,0.04633092108501945,0.026955985825073185,65,cwpb-2m,0,2.0,114.187,-88.0,5,1.0,4213309.0,117.0,-47.0,-47.0,41.0,8024616.0,9954.0,130.0,9954.0,4.0,2,11.0,-32.0,93,0.11862028929990112,0.060208835475089324,0.002692214927750325,21,15.963,0.17882912477499044
2026-07-15T12:38:18.921000Z,8,-41,20.0,3.0,4,2.0,0.36463449779553975,311320,25.03,0.03757199822773594,0.022243336243644395,72,cwpb-2m,0,2.0,57.203,-88.0,5,10.0,5336231.0,52.0,-51.0,-51.0,38.0,3932317.0,2990.0,65.0,2990.0,,3,161.0,-48.0,40,0.032490505669605714,0.05455038099074456,0.4385552637012504,4686,290.649,0.08704088666035027
2026-07-15T12:39:54.753000Z,8,-34,20.0,2.0,3,2.0,0.0015368293790724947,2896,48.811,0.02587308620095505,0.01235940629654358,72,cwpb-2m,0,2.0,57.203,-89.0,5,0.0,7269687.0,65.0,-48.0,-45.0,41.0,7209365.0,1750.0,65.0,1750.0,,2,11.0,-46.0,39,0.07234352712910046,0.08223663940534791,0.004667727249351675,42,211.927,0.15458016653444837
2026-07-15T12:43:54.946000Z,8,-40,20.0,3.0,4,2.0,0.4203140306586144,353312,61.075,0.01815782996110865,0.01354270453494941,72,cwpb-2m,0,2.0,57.203,-89.0,5,11.0,5257687.0,72.2,-50.0,-50.0,40.0,3516698.0,1037.0,65.0,1037.0,,3,161.0,-48.0,40,0.03248725889178322,0.061897641697011486,0.34473749405084164,4658,374.367,0.0943849005887947
2026-07-15T12:43:58.665000Z,8,-38,160.0,1.0,3,2.0,0.0023401534552484286,4344,4.513,0.003605572785900655,0.003033228904524678,58,cwpb-2m,0,2.0,114.187,-77.0,5,1.0,3041305.0,117.0,-48.0,-49.0,29.0,5737197.0,12216.0,130.0,12216.0,4.0,2,11.0,-36.0,93,0.06736386379450504,0.029090862166124554,0.0,0,9.422,0.0964547259606296
2026-07-15T12:45:30.644000Z,8,-34,20.0,2.0,4,2.0,0.2582274568876113,403992,10.715,0.013762615074090486,0.011873555544142574,72,cwpb-2m,0,2.0,45.234,-88.0,5,0.0,7381131.0,52.0,-47.0,-48.0,42.0,6451291.0,2803.0,52.0,2803.0,,3,161.0,-48.0,55,0.06201493345624927,0.09045571684287265,0.0055398238198322396,42,235.52,0.15247065029912193
2026-07-15T12:49:32.412000Z,8,-41,20.0,3.0,4,2.0,0.29361297254103236,441640,11.084,0.02002855314330724,0.007894817934363927,72,cwpb-2m,0,2.0,57.203,-88.0,5,1.0,4783627.0,58.5,-52.0,-52.0,37.0,5583128.0,1940.0,65.0,1940.0,,3,161.0,-48.0,42,0.056119964338409864,0.03714804148111835,0.007237887331832664,84,874.156,0.09326800581952821
2026-07-15T12:51:06.343000Z,8,-34,20.0,2.0,4,2.0,0.0022093595820769306,4344,26.075,0.01307537045241963,0.013805146114734736,72,cwpb-2m,0,2.0,57.203,-90.0,5,1.0,6757969.0,58.5,-48.0,-45.0,42.0,7638258.0,1575.0,65.0,1575.0,,3,11.0,-39.0,41,0.07828823009747901,0.07205226367635871,0.12818539254303213,1187,309.001,0.15034049377383774
2026-07-15T12:55:08.365000Z,8,-45,20.0,3.0,4,2.0,0.2147419950554391,335936,13.947,0.02710185595431497,0.012971598787941041,72,cwpb-2m,0,2.0,57.203,-90.0,6,0.0,7039015.0,72.2,-48.0,-48.0,42.0,6339333.0,3911.0,65.0,3911.0,,3,161.0,-48.0,42,0.05907955108447135,0.07623176679476562,0.13186244895158025,1220,274.566,0.13531131787923698
2026-07-15T12:55:30.301000Z,8,-39,160.0,1.0,4,2.0,0.1270838085043208,236024,3.0,0.005933146261015113,0.0027713009090442197,52,cwpb-2m,0,2.0,114.187,-84.0,6,0.0,6225177.0,117.0,-48.0,-48.0,36.0,6793537.0,14709.0,130.0,14708.0,4.0,3,11.0,-36.0,97,0.06764233153302464,0.0837002738732993,0.0,0,9.57,0.15134260540632394
2026-07-15T12:56:42.509000Z,8,-34,20.0,2.0,4,2.0,0.0016413362230017802,2896,32.992,0.017443016787279084,0.011289610189512609,72,cwpb-2m,0,2.0,57.203,-89.0,5,3.0,8368828.0,52.0,-46.0,-44.0,43.0,7357802.0,1398.0,65.0,1398.0,,3,11.0,-48.0,50,0.07360665827357739,0.0771752347352232,0.003941705886173135,42,202.444,0.15078189300880057
2026-07-15T13:00:44.089000Z,8,-40,20.0,3.0,4,2.0,0.32052820165720874,438744,13.532,0.02597351449810467,0.017569719069385238,72,cwpb-2m,0,2.0,51.585,-86.0,5,13.0,6481443.0,52.0,-50.0,-50.0,37.0,6506241.0,5831.0,58.5,5831.0,,3,11.0,-50.0,45,0.054637662681635425,0.055216043315342675,0.11588215375028875,1184,351.326,0.10985370599697811
2026-07-15T13:01:15.414000Z,8,-43,160.0,1.0,3,2.0,0.000994840358158038,2896,2.824,0.003491360212671688,0.0027949257870679475,58,cwpb-2m,0,2.0,114.187,-84.0,5,2.0,5668401.0,104.0,-51.0,-52.0,33.0,8886211.0,16234.0,130.0,16234.0,4.0,2,11.0,-35.0,87,0.10691998967537279,0.07942325510453885,0.009348177434987781,84,3.063,0.18634324477991165
2026-07-15T13:02:18.666000Z,8,-33,20.0,2.0,4,2.0,0.002131288394702093,4344,48.5,0.02249200019691823,0.01263725540547481,72,cwpb-2m,0,2.0,57.203,-90.0,5,0.0,7957344.0,58.5,-49.0,-50.0,42.0,7643455.0,1105.0,65.0,1105.0,,3,11.0,-48.0,48,0.07972551969329437,0.07967030600062722,0.002460973447518041,21,255.826,0.15939582569392158
2026-07-15T13:06:20.128000Z,8,-43,20.0,3.0,4,2.0,0.4555462215652333,716760,17.707,0.027883621326244275,0.020712855015150737,72,cwpb-2m,0,2.0,57.203,-90.0,5,1.0,6154068.0,58.5,-49.0,-50.0,41.0,6746937.0,4163.0,65.0,4163.0,,3,11.0,-50.0,45,0.06203352863869492,0.06177378586834753,0.0018460943766499926,21,262.029,0.12380731450704245
2026-07-15T13:07:00.108000Z,8,-41,160.0,1.0,3,2.0,0.0017461156604551605,4344,2.885,0.0038083985624969233,0.002516049509526989,58,cwpb-2m,0,2.0,114.187,-83.0,5,2.0,5677751.0,117.0,-50.0,-50.0,33.0,7798421.0,15740.0,130.0,15740.0,4.0,2,11.0,-35.0,84,0.09269306108728277,0.08118191321375465,0.009349664036878936,84,2.77,0.17387497430103743
2026-07-15T13:07:54.436000Z,8,-35,20.0,2.0,4,2.0,0.0028763015966464574,5792,26.94,0.02406734603455915,0.015591392327050488,72,cwpb-2m,0,2.0,57.203,-90.0,5,1.0,7870030.0,52.0,-47.0,-48.0,43.0,7713273.0,1371.0,65.0,1371.0,,3,11.0,-48.0,48,0.07826476005747776,0.0931886621733611,0.004534924977690154,42,221.59,0.17145342223083887
2026-07-15T13:11:56.372000Z,8,-45,20.0,3.0,4,2.0,0.341230965394483,473496,38.052,0.03916703588834737,0.019033434338246624,72,cwpb-2m,0,2.0,57.203,-88.0,4,1.0,5066638.0,58.5,-47.0,-43.0,41.0,5861290.0,2902.0,65.0,2902.0,,3,11.0,-49.0,48,0.054637662681635425,0.045575488006469225,0.2201126066000155,2353,316.548,0.10021315068810466
2026-07-15T13:12:45.670000Z,8,-35,160.0,1.0,3,2.0,0.0018589720021291438,4344,3.0,0.00613203367301728,0.004259668224539059,26,cwpb-2m,0,2.0,90.195,-82.0,3,0.0,6385224.0,104.0,-44.0,-45.0,38.0,8909287.0,17443.0,104.0,17443.0,4.0,2,11.0,-34.0,95,0.08664146312601055,0.0785640453325739,0.009862057261396493,84,3.11,0.16520550845858445
2026-07-15T13:13:29.763000Z,8,-33,20.0,2.0,4,2.0,0.3067102903479452,524176,11.435,0.00964899325555063,0.015674592984438396,72,cwpb-2m,0,2.0,57.203,-88.0,3,2.0,7749115.0,58.5,-47.0,-49.0,41.0,6917309.0,2303.0,65.0,2303.0,,3,161.0,-51.0,42,0.06792790495554675,0.07469154669446045,0.10178679184481555,1183,203.588,0.1426194516500072
2026-07-15T13:17:31.724000Z,8,-39,20.0,3.0,4,2.0,0.603133254218744,905000,24.013,0.015057598582188745,0.008756612397925119,72,cwpb-2m,0,2.0,57.203,-88.0,5,0.0,6604955.0,39.0,-51.0,-52.0,38.0,6318073.0,3067.0,65.0,3067.0,,3,11.0,-49.0,48,0.057596805505210125,0.06720093305816499,0.003403012383000684,42,301.459,0.12479773856337512
2026-07-15T13:18:30.053000Z,8,-36,160.0,1.0,3,2.0,0.001688793510517582,4344,3.395,0.007116624821542854,0.0026829644086076732,58,cwpb-2m,0,2.0,101.46,-81.0,4,1.0,6489933.0,117.0,-46.0,-47.0,35.0,8532171.0,16488.0,117.0,16488.0,4.0,2,11.0,-34.0,105,0.09547814755023296,0.10284482272212336,0.00741217332280342,84,3.316,0.19832297027235632
2026-07-15T13:19:05.457000Z,8,-32,20.0,2.0,3,2.0,0.0021770069334685464,4344,47.547,0.02713139368877074,0.014073237121873557,72,cwpb-2m,0,2.0,57.203,-89.0,4,0.0,8019447.0,72.2,-46.0,-42.0,43.0,7885571.0,1375.0,65.0,1375.0,,2,161.0,-47.0,40,0.08121003190699308,0.08785516574200712,0.0038508291219130665,42,204.081,0.1690651976490002
2026-07-15T13:23:07.727000Z,8,-44,20.0,3.0,4,2.0,0.70173314134542,902104,24.719,0.035939546103480526,0.017548662112885832,72,cwpb-2m,0,2.0,57.203,-88.0,3,4.0,6660827.0,58.5,-49.0,-51.0,39.0,5616756.0,2885.0,65.0,2885.0,,3,11.0,-44.0,37,0.050212599671208814,0.06558856306627231,0.09395406539111403,1202,286.614,0.11580116273748112
2026-07-15T13:24:41.295000Z,8,-32,20.0,2.0,4,2.0,0.002262898103443855,4344,48.719,0.0209855757396741,0.015193364490781167,72,cwpb-2m,0,2.0,57.203,-87.0,3,0.0,7405186.0,58.5,-47.0,-48.0,41.0,7379079.0,2041.0,65.0,2041.0,,3,161.0,-47.0,43,0.07384205834001298,0.07794031648627672,0.0,0,239.884,0.1517823748262897
2026-07-15T13:28:43.449000Z,8,-39,20.0,3.0,4,2.0,0.0024245947848071385,4344,61.137,0.041307537045241975,0.019779672333213497,72,cwpb-2m,0,2.0,57.203,-86.0,3,9.0,7694693.0,72.2,-47.0,-44.0,39.0,8192268.0,3848.0,65.0,3832.0,,3,11.0,-44.0,37,0.07531137288549747,0.0740330819217569,0.11564292010896776,1207,318.581,0.14934445480725436
2026-07-15T13:30:01.032000Z,8,-36,160.0,1.0,3,2.0,0.00103044271924083,2896,1.763,0.06476640575001232,0.02658312361974218,52,cwpb-2m,0,2.0,90.195,-84.0,3,0.0,6490573.0,117.0,-46.0,-46.0,38.0,8781362.0,19909.0,104.0,19909.0,4.0,2,11.0,-36.0,94,0.10350037035229645,0.09533302722816883,0.0024032602516545413,21,4.61,0.19883339758046528
2026-07-15T13:30:17.169000Z,8,-33,20.0,2.0,4,2.0,0.004386364972696437,2896,29.957,0.00998375424604933,0.015027476760310207,72,cwpb-2m,0,2.0,57.203,-86.0,3,6.0,7255785.0,52.0,-46.0,-44.0,41.0,3310466.0,1370.0,65.0,1347.0,,3,161.0,-46.0,50,0.02805437465877943,0.07961956245917716,0.10638819203544474,1161,234.047,0.10767393711795659
2026-07-15T13:34:19.170000Z,8,-40,20.0,3.0,4,2.0,0.0024027340274144003,4344,59.244,0.01746270861024959,0.0151928509064763,72,cwpb-2m,0,2.0,57.203,-86.0,4,0.0,6806310.0,72.2,-48.0,-48.0,39.0,7289072.0,3418.0,65.0,3418.0,,3,11.0,-44.0,46,0.0694115348396122,0.07071588938660507,0.0017372163896571462,21,220.225,0.14012742422621727
2026-07-15T13:35:48.031000Z,8,-35,160.0,1.0,3,2.0,0.001120019948467227,2896,4.25,0.08207551814109192,0.03917621077499872,58,cwpb-2m,0,2.0,101.46,-88.0,3,0.0,2929255.0,130.0,-46.0,-46.0,42.0,8224405.0,15248.0,117.0,15248.0,4.0,2,11.0,-37.0,91,0.092921591767899,0.02610331056613618,0.15470822063396744,1169,18.139,0.11902490233403519
2026-07-15T13:35:52.712000Z,8,-34,20.0,2.0,4,2.0,0.003075867470388321,4344,45.171,0.015792842022350217,0.016527142930512044,72,cwpb-2m,0,2.0,57.203,-89.0,3,14.0,5482116.0,58.5,-45.0,-42.0,44.0,5648409.0,1676.0,65.0,1676.0,,3,161.0,-50.0,38,0.05610874931755886,0.04332404030803223,1.0,12829,480.068,0.0994327896255911
2026-07-15T13:39:55.168000Z,8,-43,20.0,3.0,4,2.0,0.002365232998810457,4344,52.883,0.022803130999852313,0.013864721894098916,72,cwpb-2m,0,2.0,57.203,-88.0,4,12.0,6734479.0,58.5,-48.0,-44.0,40.0,7785668.0,5080.0,65.0,5080.0,,3,11.0,-44.0,46,0.07236521717321272,0.06795559371568519,0.004658006559695506,42,232.25,0.14032081088889792
2026-07-15T13:41:28.747000Z,8,-34,20.0,2.0,4,2.0,0.132263896688521,146248,26.401,0.022190715305469406,0.01618355503055827,72,cwpb-2m,0,2.0,57.203,-90.0,4,6.0,6419874.0,58.5,-48.0,-48.0,43.0,4512295.0,1283.0,65.0,1283.0,,3,161.0,-49.0,47,0.04429195538516354,0.07039878403931023,0.0038537138001698327,42,252.654,0.11469073942447378
2026-07-15T13:41:34.266000Z,8,-36,160.0,1.0,3,2.0,0.008066060930711704,7240,7.617,0.02177324865849456,0.009208566586205126,65,cwpb-2m,0,2.0,114.187,-83.0,4,1.0,2963551.0,117.0,-45.0,-46.0,38.0,4537306.0,8015.0,130.0,8015.0,4.0,2,11.0,-37.0,97,0.031151288159357974,0.02163174739555425,0.5388185604888791,6972,13.827,0.05278303555491222
2026-07-15T13:45:30.913000Z,8,-46,20.0,3.0,4,2.0,0.0014543688349611694,2896,27.721,0.015184364692561417,0.011565918545529248,72,cwpb-2m,0,2.0,57.203,-86.0,4,3.0,6821462.0,58.5,-49.0,-51.0,38.0,7657017.0,1031.0,65.0,1031.0,,3,11.0,-44.0,46,0.07827258184041375,0.07396694158650814,0.12408477077536371,1207,216.004,0.15223952342692187
2026-07-15T13:47:04.662000Z,8,-37,20.0,2.0,4,2.0,0.002286474234386173,4344,40.255,0.009038546743464776,0.010579836680191055,72,cwpb-2m,0,2.0,57.203,-88.0,5,6.0,6047136.0,58.5,-47.0,-44.0,41.0,7349622.0,1404.0,65.0,1404.0,,3,161.0,-50.0,41,0.07530384776830268,0.07527190248291073,0.0063374424326353125,63,301.219,0.1505757502512134
2026-07-15T13:47:19.102000Z,8,-38,160.0,1.0,3,2.0,0.1633722672350838,182448,4.319,0.009873480037414464,0.0066421858148015,39,cwpb-2m,0,2.0,114.187,-79.0,4,0.0,7290309.0,144.4,-45.0,-45.0,34.0,4581351.0,9551.0,130.0,9523.0,4.0,2,11.0,-35.0,94,0.043589198616333265,0.12381678483829625,0.005794025748155778,63,2.76,0.1674059834546295
2026-07-15T13:51:07.156000Z,8,-42,20.0,3.0,4,2.0,0.3745894548235339,521280,13.363,0.022937035396051787,0.009100200297878898,72,cwpb-2m,0,2.0,57.203,-87.0,4,9.0,6568954.0,52.0,-49.0,-52.0,38.0,5502075.0,2104.0,65.0,2104.0,,3,11.0,-44.0,43,0.05316096909564528,0.06505476517744774,0.00196584466150472,21,308.967,0.11821573427309301
2026-07-15T13:52:40.440000Z,8,-38,20.0,2.0,4,2.0,0.0015659019777790521,2896,52.824,0.03368286319105991,0.015533357300600894,72,cwpb-2m,0,2.0,57.203,-89.0,4,2.0,7411126.0,52.0,-50.0,-49.0,39.0,7562869.0,3238.0,65.0,3238.0,,3,161.0,-50.0,50,0.07528880204447284,0.07191650475035208,0.004123121659607046,42,263.701,0.1472053067948249
2026-07-15T13:53:05.786000Z,8,-36,160.0,1.0,3,2.0,0.0021047222821612677,4344,3.521,0.04413331364151036,0.010149966617020185,58,cwpb-2m,0,2.0,101.46,-84.0,3,1.0,5462987.0,117.0,-45.0,-45.0,39.0,8680263.0,14359.0,117.0,14359.0,4.0,2,11.0,-33.0,74,0.07474825484875598,0.06306848051025174,0.00493872115844258,42,7.29,0.13781673535900774
2026-07-15T13:56:43.471000Z,8,-41,20.0,3.0,4,2.0,0.25445757517410433,376480,11.175,0.011386796632698272,0.008922100673936737,72,cwpb-2m,0,2.0,51.585,-85.0,4,2.0,5978236.0,39.0,-50.0,-51.0,35.0,6244183.0,4184.0,58.5,4184.0,,3,11.0,-44.0,43,0.057596805505210125,0.059802866290249064,0.2747468439012554,2897,299.139,0.11739967179545918
2026-07-15T13:58:15.956000Z,8,-35,20.0,2.0,4,2.0,0.0022203165998956,4344,55.556,0.014380938315364545,0.010331775460941914,72,cwpb-2m,0,2.0,57.203,-89.0,4,2.0,8352534.0,58.5,-48.0,-45.0,41.0,7835081.0,3397.0,65.0,3397.0,,3,161.0,-49.0,51,0.07531889950681322,0.0845959303828408,0.005058798726249932,42,257.195,0.15991482988965403
2026-07-15T13:58:50.305000Z,8,-35,160.0,1.0,3,2.0,0.0013876039517823464,2896,2.917,0.015341899276325508,0.004296132710184377,58,cwpb-2m,0,2.0,114.187,-82.0,4,1.0,6038295.0,117.0,-45.0,-43.0,37.0,8715816.0,19623.0,130.0,19623.0,4.0,2,161.0,-39.0,80,0.07617240526528621,0.07438380542192465,0.007206077734545054,63,3.428,0.15055621068721087
2026-07-15T14:02:19.387000Z,8,-43,20.0,3.0,4,2.0,0.4820079528355417,708072,9.282,0.02494757052134101,0.008396589800215706,72,cwpb-2m,0,2.0,57.203,-85.0,4,0.0,4912764.0,52.0,-46.0,-43.0,39.0,5796212.0,1926.0,65.0,1926.0,,3,11.0,-44.0,42,0.05612557353024779,0.05081400196670722,0.007861425981840597,84,481.085,0.10693957549695501
2026-07-15T14:03:51.866000Z,8,-33,20.0,2.0,4,2.0,0.002413540554938315,4344,32.539,0.023051247969280757,0.020514611473473374,72,cwpb-2m,0,2.0,57.203,-88.0,4,1.0,7721828.0,58.5,-45.0,-43.0,43.0,7379125.0,2582.0,65.0,2582.0,,3,161.0,-49.0,57,0.07235798571351719,0.07436573842098405,0.004657163195375546,42,233.593,0.14672372413450124
2026-07-15T14:04:34.662000Z,8,-39,160.0,1.0,3,2.0,0.0017913487306165422,4344,2.642,0.006781863831044158,0.0036859945560063683,65,cwpb-2m,0,2.0,101.46,-82.0,4,2.0,6688537.0,144.4,-46.0,-44.0,36.0,8560177.0,21066.0,117.0,21066.0,4.0,2,161.0,-39.0,81,0.09033507377878305,0.09788032327818418,0.008879639069114893,84,2.695,0.18821539705696722
2026-07-15T14:07:55.196000Z,8,-43,20.0,3.0,4,2.0,0.25529455748638186,222992,20.721,0.02808053955594939,0.02045092701967028,72,cwpb-2m,0,2.0,57.203,-83.0,3,2.0,5541255.0,58.5,-48.0,-49.0,36.0,3930187.0,2137.0,65.0,2137.0,,3,11.0,-44.0,42,0.03396734683640597,0.056486993313259834,0.3164013580652831,3446,319.907,0.0904543401496658
2026-07-15T14:09:28.911000Z,8,-32,20.0,2.0,4,2.0,0.12701102584088544,221544,18.59,0.018707231821985918,0.016326845051615226,72,cwpb-2m,0,2.0,57.203,-86.0,4,4.0,7646830.0,26.0,-44.0,-45.0,43.0,6873353.0,2152.0,65.0,2151.0,,3,161.0,-49.0,41,0.06792790495554675,0.04370864039277872,0.13533769893074163,1220,537.637,0.11163654534832547
2026-07-15T14:10:21.006000Z,8,-34,160.0,1.0,3,2.0,0.003249883174684452,8688,2.668,0.003436223108354256,0.002904832828308767,65,cwpb-2m,0,2.0,114.187,-79.0,4,1.0,5590377.0,144.4,-45.0,-46.0,34.0,8457418.0,14613.0,130.0,14612.0,4.0,2,11.0,-35.0,91,0.0945212860729326,0.09581781236450888,0.007412039830262711,84,4.373,0.19033909843744148
2026-07-15T14:13:30.953000Z,8,-40,20.0,3.0,3,2.0,0.37310839437337034,399648,28.668,0.03278491606360459,0.020210055980689232,72,cwpb-2m,0,2.0,45.234,-86.0,3,1.0,4921700.0,72.2,-48.0,-48.0,39.0,6318104.0,5875.0,52.0,5875.0,,2,11.0,-44.0,44,0.042832674536241726,0.0503826750349895,0.4172664796190825,4647,418.439,0.09321534957123123
2026-07-15T14:15:05.160000Z,8,-32,20.0,2.0,4,2.0,0.0024312157047993725,4344,57.012,0.009009009009009007,0.013401982435416774,72,cwpb-2m,0,2.0,57.203,-88.0,3,2.0,7756732.0,39.0,-45.0,-43.0,43.0,7406648.0,2939.0,65.0,2939.0,,3,161.0,-48.0,43,0.07235798571351719,0.0636600172661216,0.004127670466926131,42,462.585,0.13601800297963879
2026-07-15T14:16:06.359000Z,8,-39,160.0,1.0,4,2.0,0.003714692352476155,5792,5.631,0.01692906020774873,0.007290842791844282,65,cwpb-2m,0,2.0,114.187,-80.0,4,0.0,6257864.0,144.4,-45.0,-46.0,35.0,7924278.0,11840.0,130.0,11839.0,4.0,3,11.0,-32.0,100,0.05558955932212642,0.08693571456227607,0.006847204544943382,63,4.367,0.1425252738844025
2026-07-15T14:19:06.645000Z,8,-40,20.0,3.0,3,2.0,0.3281923393690547,419920,13.025,0.03999409245310885,0.026875866673514458,72,cwpb-2m,0,2.0,57.203,-86.0,3,8.0,5667739.0,58.5,-48.0,-49.0,39.0,5636397.0,2429.0,65.0,2429.0,,2,11.0,-44.0,44,0.051689440838009075,0.055330974122124524,0.08946096004158163,1211,294.63,0.10702041496013359
2026-07-15T14:20:40.863000Z,8,-33,20.0,2.0,4,2.0,0.002583368177496022,4344,37.759,0.02026288583665633,0.019059113553489805,72,cwpb-2m,0,2.0,57.203,-86.0,6,9.0,6609473.0,58.5,-47.0,-45.0,39.0,7277739.0,4611.0,65.0,4611.0,,3,161.0,-47.0,48,0.06788042189835793,0.05828219048085701,0.12539934567997654,1159,272.595,0.12616261237921494
2026-07-15T14:21:53.264000Z,8,-35,160.0,1.0,4,2.0,0.0030760119172023137,5792,4.703,0.00743563235366514,0.0038282574084535976,52,cwpb-2m,0,2.0,114.187,-80.0,3,0.0,5951100.0,78.0,-45.0,-45.0,35.0,8190292.0,17999.0,130.0,17999.0,4.0,3,11.0,-35.0,94,0.06783758485035252,0.0644583501899322,0.004455971324981996,42,6.314,0.13229593504028472
2026-07-15T14:24:42.527000Z,8,-41,20.0,3.0,4,2.0,0.2424639566246766,311320,8.608,0.02559346231477379,0.009408350880797082,72,cwpb-2m,0,2.0,57.203,-86.0,4,2.0,5114860.0,52.0,-47.0,-44.0,39.0,5358619.0,3441.0,65.0,3441.0,,3,11.0,-45.0,43,0.05020758192366497,0.04644770373137875,0.004541530694938611,42,333.262,0.09665528565504372
2026-07-15T14:26:16.765000Z,8,-38,20.0,2.0,4,2.0,0.003347656587251214,4344,57.027,0.049706099542165115,0.01852909455087053,72,cwpb-2m,0,2.0,57.203,-86.0,3,1.0,6559012.0,52.0,-49.0,-47.0,37.0,5813212.0,3892.0,65.0,3892.0,,3,161.0,-46.0,45,0.051684275509655125,0.05215887898331599,0.24199034461001134,2045,277.941,0.10384315449297112
2026-07-15T14:27:39.388000Z,8,-36,160.0,1.0,3,2.0,0.001565616985245555,4344,3.991,0.0428257765962684,0.023548353962302912,65,cwpb-2m,0,2.0,90.195,-74.0,3,0.0,4500770.0,104.0,-46.0,-47.0,28.0,8360281.0,18311.0,104.0,18311.0,4.0,2,11.0,-35.0,89,0.09688753282547993,0.05975700985849378,0.012695999246524469,84,3.371,0.1566445426839737
2026-07-15T14:30:18.901000Z,8,-43,20.0,3.0,4,2.0,0.004558793812548538,5792,161.618,0.06137941219908433,0.028149555749576297,72,cwpb-2m,0,2.0,51.585,-84.0,3,19.0,2982341.0,13.0,-50.0,-51.0,34.0,6960088.0,7794.0,58.5,7794.0,,3,11.0,-45.0,43,0.054648584753136,0.010751362488442948,0.0026958124480908198,21,177.725,0.06539994724157895
2026-07-15T14:31:52.911000Z,8,-35,20.0,2.0,3,2.0,0.004453077174467217,5792,38.638,0.031113080293408164,0.01810384674644343,72,cwpb-2m,0,2.0,57.203,-84.0,3,2.0,5052427.0,52.0,-47.0,-45.0,37.0,5858721.0,4754.0,65.0,4754.0,,2,161.0,-44.0,38,0.05167911121354105,0.02814556497612843,0.13304531624202706,1197,867.624,0.07982467618966949
2026-07-15T14:33:23.434000Z,8,-34,160.0,1.0,3,2.0,0.0020957705174572123,4344,2.796,0.005543248166198986,0.002779518257922038,58,cwpb-2m,0,2.0,101.46,-82.0,3,0.0,6132135.0,104.0,-45.0,-43.0,37.0,8349442.0,18431.0,117.0,18431.0,4.0,2,11.0,-37.0,89,0.07715522944064211,0.05723835844409728,0.005556578073277035,42,2.735,0.1343935878847394
2026-07-15T14:35:56.041000Z,8,-41,20.0,3.0,3,2.0,0.38506716504962396,424264,45.405,0.07268054940186087,0.025178185221326307,72,cwpb-2m,0,2.0,45.234,-81.0,3,4.0,6120934.0,39.0,-50.0,-51.0,31.0,5492660.0,4652.0,52.0,4652.0,,2,11.0,-46.0,45,0.0457866520904653,0.04023923364671896,0.23822333665621723,2372,532.131,0.08602588573718425
2026-07-15T14:37:29.866000Z,8,-37,20.0,2.0,4,2.0,0.143355402484111,220096,35.051,0.03398808644710285,0.014395768065327925,72,cwpb-2m,0,2.0,57.203,-85.0,3,1.0,5788852.0,39.0,-48.0,-48.0,37.0,6290592.0,2789.0,65.0,2789.0,,3,161.0,-46.0,50,0.06201493345624927,0.027016149112947082,0.11611427345094412,1210,521.317,0.08903108256919635
2026-07-15T14:39:07.903000Z,8,-36,160.0,1.0,3,2.0,0.0007172978944533601,1448,1.805,0.013855166642051888,0.004758358584561656,52,cwpb-2m,0,2.0,90.195,-78.0,3,0.0,5600053.0,117.0,-46.0,-44.0,32.0,7463533.0,15606.0,104.0,15606.0,4.0,2,11.0,-35.0,86,0.0728644499685942,0.06333719545077982,0.007210959786975887,63,5.57,0.13620164541937402
2026-07-15T14:41:34.645000Z,8,-39,20.0,3.0,3,2.0,0.45112549493250087,280912,43.72,0.025815979914340568,0.02188896307328848,72,cwpb-2m,0,2.0,57.203,-82.0,3,5.0,5309820.0,19.5,-47.0,-47.0,35.0,3989877.0,4526.0,65.0,4526.0,,2,11.0,-46.0,45,0.02510629983560441,0.02066105647644028,0.0019323575527060593,21,681.879,0.04576735631204469
2026-07-15T14:43:05.617000Z,8,-33,20.0,2.0,4,2.0,0.002783248069454429,4344,51.768,0.03471668389701177,0.014893944841045658,72,cwpb-2m,0,2.0,57.203,-87.0,3,15.0,5950619.0,52.0,-44.0,-44.0,43.0,6284587.0,2702.0,65.0,2702.0,,3,161.0,-46.0,45,0.06053838742157666,0.05663902170435414,0.002108454811546257,21,259.768,0.1171774091259308
2026-07-15T14:44:52.389000Z,8,-36,160.0,1.0,2,2.0,0.004363889406203423,7240,3.829,0.06726332890267317,0.013926352010682553,58,cwpb-2m,0,2.0,114.187,-82.0,3,0.0,5824876.0,104.0,-45.0,-45.0,37.0,7262034.0,16473.0,130.0,16473.0,4.0,1,11.0,-35.0,86,0.0627909112799693,0.06370498256502483,0.009111213450859796,84,1.862,0.12649589384499413
2026-07-15T14:47:10.446000Z,8,-40,20.0,3.0,3,2.0,0.19140040410183887,222992,40.737,0.04555506325998129,0.028126958040162294,72,cwpb-2m,0,2.0,57.203,-84.0,3,1.0,5765341.0,58.5,-49.0,-50.0,36.0,5690493.0,4589.0,65.0,4589.0,,2,11.0,-46.0,28,0.047263640867577075,0.047643777293476436,0.13391356557842615,1212,313.582,0.09490741816105351
2026-07-15T14:48:41.726000Z,8,-33,20.0,2.0,4,2.0,0.0025092356557069513,4344,32.86,0.03480726628267612,0.019980483796415188,72,cwpb-2m,0,2.0,57.203,-79.0,3,1.0,5489178.0,52.0,-45.0,-44.0,34.0,7089783.0,3006.0,65.0,3006.0,,3,161.0,-45.0,49,0.06939766362961228,0.04786364610121443,0.10614706649604025,1209,325.864,0.11726130973082671
2026-07-15T14:50:38.679000Z,8,-36,160.0,1.0,2,2.0,0.008496773543868586,8688,6.489,0.009239403337763992,0.004291510451440604,39,cwpb-2m,0,2.0,90.195,-81.0,3,0.0,5215857.0,78.0,-46.0,-44.0,35.0,5927596.0,11421.0,104.0,11421.0,4.0,1,11.0,-34.0,88,0.034951648658155414,0.031505961878095415,0.008342977367935314,63,10.447,0.06645761053625082
2026-07-15T14:52:46.935000Z,8,-41,20.0,3.0,3,2.0,0.546131987065144,684904,16.967,0.02573721262245852,0.017574854912433876,72,cwpb-2m,0,2.0,57.203,-86.0,5,5.0,3565959.0,52.0,-50.0,-51.0,36.0,6293249.0,5615.0,65.0,5615.0,,2,11.0,-46.0,28,0.051684275509655125,0.019611386622007336,0.3512299229259753,3498,1062.33,0.07129566213166247
2026-07-15T14:54:17.693000Z,8,-32,20.0,2.0,4,2.0,0.0024627782385701455,4344,40.07,0.017021611775710137,0.01222587437727903,72,cwpb-2m,0,2.0,57.203,-86.0,3,3.0,5997736.0,26.0,-44.0,-44.0,42.0,7203954.0,3026.0,65.0,3026.0,,3,161.0,-46.0,53,0.07088837600641246,0.05213013557085594,0.008423634516555194,84,486.468,0.1230185115772684
2026-07-15T14:56:24.736000Z,8,-41,160.0,1.0,3,2.0,0.001876969002310254,2896,4.58,0.030325407374587703,0.009665656617533769,72,cwpb-2m,0,2.0,68.226,-80.0,3,0.0,4119158.0,58.5,-46.0,-47.0,34.0,8094063.0,12407.0,78.0,12407.0,4.0,2,11.0,-38.0,80,0.055460848459111735,0.021613858105800136,0.007218548495825603,63,5.944,0.07707470656491187
2026-07-15T14:58:22.991000Z,8,-43,20.0,3.0,1,2.0,0.5668719431216118,716760,22.734,0.03861369566287599,0.01379898310307637,72,cwpb-2m,0,2.0,34.187,-85.0,4,2.0,3632143.0,26.0,-49.0,-50.0,36.0,6158449.0,3768.0,39.0,3768.0,,0,11.0,-46.0,34,0.051689440838009075,0.02778768905213619,0.13680250653411188,1199,79.043,0.07947712989014527
2026-07-15T14:59:53.718000Z,8,-33,20.0,2.0,4,2.0,0.0022592439299914434,4344,46.108,0.03584305617092502,0.021009706743361924,72,cwpb-2m,0,2.0,57.203,-78.0,3,5.0,7004851.0,58.5,-45.0,-44.0,33.0,7594939.0,2644.0,65.0,2644.0,,3,161.0,-44.0,59,0.07529632415477802,0.05185223031291313,0.0021100979879785523,21,451.883,0.12714855446769116
2026-07-15T15:02:10.554000Z,8,-38,160.0,1.0,3,2.0,0.004031919917037353,8688,4.262,0.004674838773199429,0.0025504596579528534,39,cwpb-2m,0,2.0,114.187,-83.0,3,1.0,5778572.0,78.0,-45.0,-46.0,38.0,8440539.0,17679.0,130.0,17679.0,4.0,2,11.0,-37.0,96,0.07770618268757798,0.062239752622918955,0.012238417734487247,84,4.432,0.13994593531049693
2026-07-15T15:03:58.975000Z,8,-38,20.0,3.0,1,2.0,0.37182540399443903,389512,51.926,0.02276768571850539,0.010717990858199375,72,cwpb-2m,0,2.0,45.234,-86.0,3,8.0,5378375.0,52.0,-48.0,-48.0,39.0,5719221.0,4561.0,52.0,4561.0,,0,11.0,-46.0,34,0.04135155267040727,0.04760585567191162,0.12511751835245957,1159,360.713,0.08895740834231888
2026-07-15T15:05:29.791000Z,8,-34,20.0,2.0,4,2.0,0.001709450410771524,2896,58.96,0.01770294885048983,0.01534076318627703,72,cwpb-2m,0,2.0,57.203,-82.0,3,9.0,7207879.0,39.0,-45.0,-43.0,37.0,7219347.0,3234.0,65.0,3234.0,,3,161.0,-45.0,54,0.07088129212752703,0.04701173763387615,0.12704101066859189,1207,359.62,0.11789302976140317
2026-07-15T15:07:56.331000Z,8,-40,160.0,1.0,3,2.0,0.002209995009832663,5792,4.413,0.03924580318022942,0.011354835396230292,58,cwpb-2m,0,2.0,90.195,-83.0,3,0.0,7567636.0,104.0,-46.0,-44.0,37.0,8719178.0,19236.0,104.0,19235.0,4.0,2,161.0,-35.0,92,0.09644683549916869,0.0922460445500355,0.011095279702421065,126,2.878,0.1886928800492042
2026-07-15T15:09:35.153000Z,8,-39,20.0,3.0,4,2.0,0.4115214751802215,635672,15.235,0.028718554620193966,0.011917723794360844,72,cwpb-2m,0,2.0,57.203,-86.0,3,4.0,6378986.0,26.0,-46.0,-47.0,39.0,6124169.0,1466.0,65.0,1466.0,,3,11.0,-47.0,36,0.06203352863869492,0.039636054950164326,0.006805537067170161,63,615.122,0.10166958358885925
2026-07-15T15:11:05.591000Z,8,-33,20.0,2.0,4,2.0,0.002167491091327765,4344,43.84,0.009548564958401022,0.012245904165168714,72,cwpb-2m,0,2.0,57.203,-88.0,3,15.0,6849007.0,58.5,-47.0,-46.0,42.0,7560586.0,1697.0,65.0,1697.0,,3,161.0,-46.0,51,0.07678039380297529,0.06720093305816499,0.008645537289148523,84,334.554,0.1439813268611403
2026-07-15T15:13:41.072000Z,8,-39,160.0,1.0,3,2.0,0.0008457813201418195,2896,3.471,0.02488652587013243,0.016430075496892814,65,cwpb-2m,0,2.0,114.187,-83.0,3,0.0,8864064.0,144.4,-42.0,-42.0,41.0,8311084.0,10172.0,130.0,10172.0,4.0,2,11.0,-39.0,103,0.1253873259361985,0.122998521931448,0.006704900727836576,84,2.675,0.2483858478676465
2026-07-15T15:15:11.109000Z,8,-38,20.0,3.0,4,2.0,0.5202884175051278,777576,32.794,0.03629153743907842,0.017006488281718107,72,cwpb-2m,0,2.0,57.203,-88.0,3,5.0,6554144.0,58.5,-49.0,-49.0,40.0,5964945.0,1870.0,65.0,1870.0,,3,11.0,-47.0,36,0.05907955108447135,0.06206279994642541,0.0022130816264187532,21,360.49,0.12114235103089677
2026-07-15T15:16:41.563000Z,8,-38,20.0,2.0,4,2.0,0.0023177237264463317,4344,19.933,0.02043814306109388,0.016686867649324637,72,cwpb-2m,0,2.0,57.203,-84.0,3,5.0,7632420.0,58.5,-48.0,-47.0,36.0,7299583.0,2339.0,65.0,2339.0,,3,161.0,-45.0,62,0.07235075569895748,0.07119627844832611,0.005898435575797873,63,330.284,0.1435470341472836
2026-07-15T15:19:25.413000Z,8,-37,160.0,1.0,4,2.0,0.0014245634459415183,4344,2.643,0.005553094077684242,0.0026768013969493093,58,cwpb-2m,0,2.0,101.46,-80.0,4,0.0,7616478.0,117.0,-46.0,-46.0,34.0,8952311.0,21844.0,117.0,21844.0,4.0,3,161.0,-35.0,97,0.1118870699098214,0.09100445240079004,0.006355449866812911,63,2.321,0.20289152231061144
2026-07-15T15:20:46.850000Z,8,-39,20.0,3.0,4,2.0,0.38180186973446456,622640,28.88,0.027923004972185295,0.02293153921216168,72,cwpb-2m,0,2.0,57.203,-83.0,3,2.0,5423744.0,72.2,-44.0,-45.0,39.0,6340162.0,1853.0,65.0,1853.0,,3,11.0,-45.0,45,0.0620273290056109,0.05955472161684554,0.10916715675105387,1244,423.84,0.12158205062245644
2026-07-15T15:22:17.667000Z,8,-36,20.0,2.0,4,2.0,0.00149153917438743,2896,30.109,0.01854969723822183,0.015592419495660216,72,cwpb-2m,0,2.0,57.203,-87.0,3,15.0,6718632.0,39.0,-47.0,-46.0,40.0,7487011.0,2229.0,65.0,2229.0,,3,11.0,-49.0,36,0.07529632415477802,0.05114188655529468,0.11371559724462914,1187,448.803,0.12643821071007272
2026-07-15T15:25:10.670000Z,8,-38,160.0,1.0,4,2.0,0.0016834664024118634,5792,2.886,0.00997193915226702,0.0054932977248215295,65,cwpb-2m,0,2.0,101.46,-82.0,3,0.0,7592112.0,144.4,-43.0,-43.0,39.0,8524641.0,15161.0,117.0,15161.0,4.0,3,11.0,-37.0,88,0.12651152402484137,0.104894562449101,0.0073984931371405245,63,2.395,0.23140608647394237
2026-07-15T15:26:22.519000Z,8,-39,20.0,3.0,4,2.0,0.002295518093936701,4344,58.417,0.03936789248264658,0.019366236967798264,72,cwpb-2m,0,2.0,57.203,-87.0,4,5.0,7041267.0,72.2,-48.0,-45.0,39.0,7932344.0,5094.0,65.0,5094.0,,3,11.0,-45.0,45,0.07531889950681322,0.06068106215262093,0.004220282528100832,42,281.486,0.13599996165943415
2026-07-15T15:27:53.615000Z,8,-34,20.0,2.0,3,2.0,0.004833185537279349,8688,18.543,0.027509476689804555,0.01730265523085614,72,cwpb-2m,0,2.0,57.203,-84.0,3,0.0,7783710.0,52.0,-46.0,-44.0,38.0,7016318.0,2127.0,65.0,2127.0,,2,161.0,-45.0,47,0.0694115348396122,0.07876817079089186,0.004789069907551398,42,196.669,0.14817970563050406
2026-07-15T15:30:55.383000Z,8,-34,160.0,1.0,3,2.0,0.0018706428801609342,5792,3.795,0.009857726579038054,0.004701864311026655,65,cwpb-2m,0,2.0,114.187,-83.0,4,0.0,7324455.0,117.0,-44.0,-43.0,39.0,8411796.0,16333.0,130.0,16333.0,4.0,2,11.0,-37.0,93,0.11433926108965553,0.11664909497604152,0.0048012495808970905,42,4.596,0.23098835606569706
2026-07-15T15:31:58.521000Z,8,-42,20.0,3.0,4,2.0,0.5600378759342085,855768,22.333,0.03612268005710628,0.014342355297622105,72,cwpb-2m,0,2.0,57.203,-85.0,3,10.0,6814675.0,58.5,-50.0,-50.0,34.0,6358435.0,3104.0,65.0,3104.0,,3,11.0,-45.0,45,0.05906184138690407,0.06372310945369952,0.10174665965611679,1180,285.015,0.12278495084060359
2026-07-15T15:33:29.438000Z,8,-35,20.0,2.0,4,2.0,0.01672374329471255,30408,34.641,0.0366740511002806,0.012124698269220894,72,cwpb-2m,0,2.0,57.203,-85.0,3,12.0,7349893.0,52.0,-47.0,-47.0,38.0,6997183.0,2098.0,65.0,2098.0,,3,161.0,-47.0,50,0.07089546130136562,0.0731111956285424,0.006192872149622862,63,291.273,0.14400665692990802
2026-07-15T15:36:41.648000Z,8,-36,160.0,1.0,4,2.0,0.001992185044688875,5792,2.881,0.0030384482843499234,0.0020702583329053463,58,cwpb-2m,0,2.0,114.187,-83.0,3,0.0,8563482.0,117.0,-45.0,-45.0,38.0,9016987.0,21056.0,130.0,21056.0,4.0,3,11.0,-34.0,100,0.10226830634651703,0.10349063611595055,0.0,0,7.685,0.20575894246246756
2026-07-15T15:37:34.141000Z,8,-47,20.0,3.0,4,2.0,0.48064224080600454,741376,23.884,0.010372175454142667,0.010835487534167623,72,cwpb-2m,0,2.0,57.203,-88.0,3,6.0,6923117.0,58.5,-51.0,-52.0,38.0,6192109.0,2428.0,65.0,2428.0,,3,11.0,-46.0,45,0.059073646672010385,0.06614710745149491,0.003765977119519564,42,315.694,0.1252207541235053
2026-07-15T15:39:05.475000Z,8,-35,20.0,2.0,4,2.0,0.0015245386141166392,2896,55.585,0.023256042928174073,0.012896101895126084,72,cwpb-2m,0,2.0,57.203,-86.0,3,18.0,6782568.0,52.0,-48.0,-51.0,38.0,7554001.0,2595.0,65.0,2595.0,,3,161.0,-45.0,58,0.07530384776830268,0.06661825110729759,0.004431405715127671,42,336.619,0.14192209887560026
2026-07-15T15:42:25.870000Z,8,-35,160.0,1.0,4,2.0,0.0008711008265749776,2896,4.136,0.007400187072318222,0.004393200143803606,65,cwpb-2m,0,2.0,114.187,-82.0,3,0.0,8409341.0,144.4,-46.0,-46.0,37.0,8725905.0,15226.0,130.0,15226.0,4.0,3,11.0,-34.0,99,0.12283545013520725,0.12058210836707478,0.005076770922154008,42,4.806,0.24341755850228203
2026-07-15T15:43:10.240000Z,8,-46,20.0,3.0,4,2.0,0.2707449974721,383720,18.541,0.0190144242603259,0.01317035591392327,72,cwpb-2m,0,2.0,57.203,-88.0,3,10.0,5843276.0,58.5,-55.0,-55.0,35.0,6515819.0,6644.0,65.0,6644.0,,3,11.0,-46.0,45,0.0546431231716096,0.05741002409404693,0.005769981001617022,63,252.463,0.11205314726565653
2026-07-15T15:44:41.167000Z,8,-35,20.0,2.0,3,2.0,0.002482206573623352,4344,73.337,0.02114901787032935,0.013240203379384727,72,cwpb-2m,0,2.0,57.203,-89.0,3,1.0,6803642.0,65.0,-44.0,-40.0,44.0,6805957.0,2747.0,65.0,2747.0,,2,161.0,-46.0,49,0.06792790495554675,0.06745468260090243,0.0,0,259.041,0.13538258755644916
2026-07-15T15:48:11.443000Z,8,-37,160.0,1.0,3,2.0,0.010883835098819187,24616,3.643,0.013268350317530646,0.006333008063273586,65,cwpb-2m,0,2.0,114.187,-82.0,3,0.0,7929649.0,130.0,-46.0,-46.0,36.0,8095784.0,16828.0,130.0,16817.0,4.0,2,11.0,-34.0,86,0.08241270900088057,0.11141609376746653,0.004937180733406957,42,6.541,0.1938288027683471
2026-07-15T15:48:46.100000Z,8,-47,20.0,3.0,4,2.0,0.3029417350999976,367792,12.079,0.02685176980258947,0.018357557393046068,72,cwpb-2m,0,2.0,51.585,-88.0,3,0.0,5095081.0,58.5,-56.0,-57.0,33.0,6093490.0,6534.0,58.5,6534.0,,3,11.0,-46.0,45,0.04726836534187412,0.04578817754625682,0.0049201424034670095,63,432.145,0.09305654288813094
2026-07-15T15:50:16.979000Z,8,-34,20.0,2.0,4,2.0,0.002481478380776038,4344,56.336,0.010220056121695466,0.01428277951825792,72,cwpb-2m,0,2.0,57.203,-88.0,3,5.0,7198315.0,58.5,-46.0,-45.0,42.0,7434046.0,3154.0,65.0,3154.0,,3,161.0,-45.0,57,0.07235798571351719,0.0701935153444024,0.0019709284503540824,21,277.648,0.14255150105791958
2026-07-15T15:53:56.742000Z,8,-36,160.0,1.0,3,2.0,0.0016813999987201913,4344,4.267,0.010117658642248808,0.00563299265574444,58,cwpb-2m,0,2.0,114.187,-84.0,3,0.0,9093382.0,144.4,-45.0,-46.0,38.0,9137476.0,24289.0,130.0,24289.0,4.0,2,11.0,-35.0,96,0.09494315597105034,0.11140765614328346,0.007393398213874735,84,2.237,0.20635081211433381
2026-07-15T15:54:21.781000Z,8,-45,20.0,3.0,4,2.0,0.23357417800781452,314216,13.572,0.013057647811746174,0.013090750346669407,72,cwpb-2m,0,2.0,51.585,-84.0,3,11.0,4856652.0,58.5,-52.0,-52.0,33.0,6665132.0,8072.0,58.5,8072.0,,3,11.0,-46.0,45,0.051689440838009075,0.044029460842531176,0.0042146640133473,42,394.389,0.09571890168054026
2026-07-15T15:55:52.761000Z,8,-35,20.0,2.0,4,2.0,0.04406193484445252,70952,51.313,0.042626889184266235,0.03483693698320579,72,cwpb-2m,0,2.0,57.203,-84.0,3,2.0,7272848.0,72.2,-50.0,-49.0,35.0,6292592.0,1584.0,65.0,1584.0,,3,161.0,-44.0,60,0.06203352863869492,0.06847018414329183,0.0,0,299.202,0.13050371278198675
2026-07-15T15:59:42.095000Z,8,-36,160.0,1.0,4,2.0,0.002467214037048352,5792,2.87,0.014477428247920051,0.007759745262184788,65,cwpb-2m,0,2.0,101.46,-85.0,3,0.0,6904137.0,144.4,-43.0,-41.0,42.0,9059191.0,16293.0,117.0,16293.0,4.0,3,11.0,-35.0,94,0.08576884934518052,0.08339849903220915,0.00867597418786021,84,3.147,0.16916734837738967
2026-07-15T15:59:58.262000Z,8,-49,20.0,3.0,4,2.0,0.7988729662011215,741376,23.048,0.021089942401417813,0.01674798418160341,72,cwpb-2m,0,2.0,57.203,-86.0,3,1.0,5537621.0,52.0,-51.0,-52.0,35.0,4730346.0,4174.0,65.0,4144.0,,3,11.0,-46.0,53,0.03692471942779459,0.05826758376510017,0.00663026020710364,63,454.074,0.09519230319289476
2026-07-15T16:01:28.617000Z,8,-39,20.0,2.0,4,2.0,0.002340013668586029,4344,46.304,0.012762270467188502,0.016619074521082636,72,cwpb-2m,0,2.0,57.203,-82.0,3,7.0,8117676.0,52.0,-49.0,-50.0,33.0,7432654.0,2636.0,65.0,2636.0,,3,161.0,-43.0,56,0.07381992564193923,0.06636468861305131,0.0019273622294332306,21,269.514,0.14018461425499054
2026-07-15T16:05:27.517000Z,8,-46,160.0,1.0,4,2.0,0.0019059123313211487,4344,1.548,0.0339211342490031,0.01759899337476247,52,cwpb-2m,0,2.0,90.195,-81.0,3,0.0,5466305.0,117.0,-45.0,-45.0,36.0,9047276.0,23336.0,104.0,23336.0,4.0,3,11.0,-37.0,85,0.07923521776712676,0.058418807620798534,0.005920951711678323,42,6.174,0.1376540253879253
2026-07-15T16:07:04.368000Z,8,-34,20.0,2.0,4,2.0,0.0014922635993361963,2896,44.052,0.014569979815881456,0.011751322479585024,72,cwpb-2m,0,2.0,57.203,-88.0,3,8.0,7670339.0,58.5,-48.0,-45.0,40.0,7730712.0,2501.0,65.0,2501.0,,3,161.0,-45.0,51,0.07678806647148763,0.06720759585144857,0.10842941758397266,1207,301.332,0.1439956623229362
2026-07-15T16:11:12.798000Z,8,-43,20.0,3.0,4,2.0,0.6302717965491229,208512,32.405,0.10525279377738393,0.030958861897180424,72,cwpb-2m,0,2.0,51.585,-82.0,3,2.0,3248698.0,19.5,-52.0,-49.0,31.0,2532905.0,3164.0,58.5,3164.0,,3,11.0,-45.0,38,0.014766935859901464,0.01908623488505588,0.251264720988344,2332,1285.182,0.03385317074495735
2026-07-15T16:11:14.809000Z,8,-40,160.0,1.0,3,2.0,0.004727769579276458,5792,1.937,0.06531777679318662,0.021049252734836425,58,cwpb-2m,0,2.0,101.46,-78.0,3,0.0,4097076.0,104.0,-45.0,-44.0,33.0,5994594.0,14034.0,117.0,14034.0,4.0,2,11.0,-35.0,84,0.0454211615061789,0.030149793080189,0.008079181617105163,42,8.407,0.0755709545863679
2026-07-15T16:12:40.847000Z,8,-36,20.0,2.0,4,2.0,0.0015707523356058998,2896,46.272,0.022858268104169743,0.015860510502799036,72,cwpb-2m,0,2.0,57.203,-85.0,3,6.0,7245285.0,19.5,-44.0,-42.0,41.0,7435565.0,2813.0,65.0,2813.0,,3,161.0,-44.0,58,0.07383467929950732,0.04461212232751225,0.0022733743845029424,21,552.005,0.11844680162701957
2026-07-15T16:16:49.279000Z,8,-45,20.0,3.0,4,2.0,0.34278233556859355,367792,52.211,0.016797124993846304,0.00914693646962149,72,cwpb-2m,0,2.0,51.585,-86.0,3,2.0,3818951.0,52.0,-52.0,-52.0,35.0,4885319.0,4927.0,58.5,4927.0,,3,11.0,-45.0,38,0.04135155267040727,0.03258637325991965,0.1217279262349673,1188,463.419,0.07393792593032691
2026-07-15T16:18:16.686000Z,8,-41,20.0,2.0,3,2.0,0.0016687619339934064,2896,41.243,0.009822281297691134,0.008917877869652303,72,cwpb-2m,0,2.0,57.203,-86.0,3,6.0,7024224.0,52.0,-55.0,-53.0,31.0,6928363.0,3178.0,65.0,3178.0,,2,161.0,-44.0,36,0.06792790495554675,0.06260605596394303,0.0032337548447004486,42,340.424,0.13053396091948977
2026-07-15T16:22:27.595000Z,8,-45,20.0,3.0,4,2.0,0.2578644094755465,249056,37.439,0.050669029685423125,0.02257305736736685,72,cwpb-2m,0,2.0,57.203,-86.0,3,1.0,3445783.0,39.0,-56.0,-57.0,30.0,5549105.0,6432.0,65.0,6432.0,,3,11.0,-44.0,41,0.038394033235743814,0.02003786711875304,0.24820842248402494,2301,812.917,0.05843190035449686
2026-07-15T16:22:42.786000Z,8,-39,160.0,1.0,3,2.0,0.4016765975914045,248192,6.0,0.007754639885787427,0.0044558574289969705,58,cwpb-2m,0,2.0,114.187,-81.0,3,0.0,6723959.0,144.4,-48.0,-47.0,33.0,3973269.0,5089.0,130.0,5063.0,4.0,2,11.0,-35.0,81,0.02442280124861097,0.09392343752395746,0.0061979705966045415,63,7.081,0.11834623877256843
2026-07-15T16:23:53.699000Z,8,-38,20.0,2.0,4,2.0,0.00676481272485334,7240,70.058,0.022245852409786836,0.01783832366082893,72,cwpb-2m,0,2.0,57.203,-84.0,3,2.0,5735821.0,26.0,-50.0,-50.0,34.0,4644031.0,2596.0,65.0,2596.0,,3,161.0,-44.0,42,0.04430080757970439,0.02385732749723308,0.006190884786423498,63,689.59,0.06815813507693746
2026-07-15T16:28:03.375000Z,8,-43,20.0,3.0,4,2.0,0.0054981434568044975,7240,29.236,0.07010092059272387,0.024673103589954292,72,cwpb-2m,0,2.0,57.203,-87.0,4,5.0,5653416.0,58.5,-52.0,-49.0,35.0,7561979.0,12153.0,65.0,12153.0,,3,11.0,-44.0,41,0.051694607198912425,0.045239301930707236,0.2286852383256926,2335,357.08,0.09693390912961966
2026-07-15T16:28:28.062000Z,8,-36,160.0,1.0,3,2.0,0.0022996582010186358,5792,6.032,0.006391965736228033,0.003550408299522367,58,cwpb-2m,0,2.0,114.187,-80.0,3,0.0,5240288.0,117.0,-47.0,-47.0,33.0,8277450.0,17428.0,130.0,17428.0,4.0,2,161.0,-33.0,77,0.09188800917006897,0.05641170909464771,0.007837920156458768,63,3.527,0.14829971826471666
2026-07-15T16:29:29.377000Z,8,-37,20.0,2.0,4,2.0,0.002305786817644745,4344,58.811,0.005848471422241914,0.013281290123773817,72,cwpb-2m,0,2.0,57.203,-84.0,4,1.0,6412309.0,52.0,-49.0,-47.0,35.0,7579255.0,3535.0,65.0,3535.0,,3,161.0,-45.0,38,0.07382730173363009,0.05947181755970764,0.1465535231742732,1183,343.283,0.1332991192933377
2026-07-15T16:33:39.002000Z,8,-42,20.0,3.0,4,2.0,0.1982806715668199,227336,28.903,0.037768916457441064,0.02115967336038211,72,cwpb-2m,0,2.0,45.234,-87.0,3,4.0,5348500.0,52.0,-54.0,-54.0,34.0,6784396.0,7662.0,52.0,7662.0,,3,11.0,-43.0,41,0.047263640867577075,0.040886874572298997,0.21461711135220626,2342,435.829,0.08815051543987606
2026-07-15T16:34:12.705000Z,8,-39,160.0,1.0,3,2.0,0.002206400822568784,5792,6.85,0.03159749913848274,0.010526937496790099,65,cwpb-2m,0,2.0,90.195,-80.0,3,0.0,7152650.0,104.0,-47.0,-47.0,33.0,9052302.0,21591.0,104.0,21591.0,4.0,2,11.0,-36.0,77,0.09641113608063204,0.07079607134030462,0.007215173765346021,63,3.522,0.16720720742093664
2026-07-15T16:35:05.241000Z,8,-40,20.0,2.0,4,2.0,0.001792521198406064,2896,42.088,0.04038202136562793,0.022825227261054903,72,cwpb-2m,0,2.0,57.203,-84.0,3,1.0,6423649.0,52.0,-52.0,-51.0,32.0,7421372.0,6217.0,65.0,6217.0,,3,161.0,-47.0,57,0.06496802552559447,0.05702840802524441,0.0,0,359.116,0.12199643355083889
2026-07-15T16:39:15.368000Z,8,-46,20.0,3.0,4,2.0,0.00822964727746844,10136,33.953,0.050942746024713235,0.026054131785732626,72,cwpb-2m,0,2.0,22.617,-89.0,4,15.0,5465759.0,52.0,-57.0,-54.0,32.0,7625884.0,11679.0,26.0,11679.0,,3,11.0,-43.0,41,0.04874550175880769,0.04145667212706387,0.11541372929893447,1208,487.457,0.09020217388587157
2026-07-15T16:39:57.822000Z,8,-35,160.0,1.0,3,2.0,0.0012039495754438043,2896,2.777,0.022915374390784223,0.007252837553284372,52,cwpb-2m,0,2.0,101.46,-81.0,4,1.0,6717305.0,117.0,-46.0,-45.0,35.0,8671050.0,22863.0,117.0,22863.0,4.0,2,11.0,-37.0,81,0.08639716647738338,0.07082716668424968,0.0045603518336030085,42,4.427,0.15722433316163306
2026-07-15T16:40:41.116000Z,8,-37,20.0,2.0,4,2.0,0.0016250463292454879,2896,36.071,0.01996750849209866,0.017924092239741157,72,cwpb-2m,0,2.0,57.203,-87.0,4,3.0,6814782.0,58.5,-52.0,-48.0,36.0,7293014.0,3695.0,65.0,3695.0,,3,11.0,-50.0,47,0.06939766362961228,0.07011702151947784,0.0035438424514805307,42,301.434,0.1395146851490901
2026-07-15T16:44:51.195000Z,8,-45,20.0,3.0,4,2.0,0.49890717610563656,534312,32.711,0.01949293555850933,0.010165887730470958,72,cwpb-2m,0,2.0,57.203,-86.0,3,4.0,6185860.0,52.0,-53.0,-53.0,34.0,5967323.0,6172.0,65.0,6171.0,,3,11.0,-43.0,41,0.0413474204077241,0.06472064927888588,0.11768062732049102,1203,303.571,0.10606806968660998
2026-07-15T16:45:42.711000Z,8,-39,160.0,1.0,4,2.0,0.002976313430894276,4344,4.394,0.00724659085314823,0.003604334651533049,52,cwpb-2m,0,2.0,90.195,-83.0,4,2.0,5442078.0,104.0,-48.0,-48.0,35.0,8289994.0,14927.0,104.0,14926.0,4.0,3,161.0,-34.0,103,0.05487653940067111,0.06538369489950752,0.004685263109919592,42,6.143,0.12026023430017863
2026-07-15T16:46:16.896000Z,8,-37,20.0,2.0,4,2.0,0.001680574359048007,2896,50.862,0.033070447496677015,0.01718761234656669,72,cwpb-2m,0,2.0,57.203,-89.0,3,7.0,7081592.0,58.5,-50.0,-48.0,40.0,7583621.0,4160.0,65.0,4160.0,,3,161.0,-44.0,54,0.07234352712910046,0.07236771732532545,0.00221703968914485,21,254.823,0.1447112444544259
2026-07-15T16:50:26.834000Z,8,-44,20.0,3.0,4,2.0,0.3927450349015931,609608,11.319,0.021814355338945504,0.00817226758883582,72,cwpb-2m,0,2.0,57.203,-84.0,3,4.0,6588266.0,72.2,-52.0,-53.0,33.0,6143527.0,2585.0,65.0,2585.0,,3,11.0,-44.0,42,0.05907955108447135,0.07507551077243813,0.3975129878687022,4618,284.616,0.13415506185690948
2026-07-15T16:51:52.815000Z,8,-37,20.0,2.0,4,2.0,0.019134038898659063,30408,27.21,0.04670900408605327,0.028886549227055632,72,cwpb-2m,0,2.0,57.203,-84.0,5,0.0,6367764.0,58.5,-50.0,-50.0,35.0,6342174.0,2555.0,65.0,2555.0,,3,161.0,-45.0,51,0.06203352863869492,0.06074101213419594,0.11633999307259445,1184,336.185,0.12277454077289086
2026-07-15T16:56:02.762000Z,8,-53,20.0,3.0,4,2.0,0.17835652200276475,169416,33.67,0.02008369024762468,0.007459812028144421,72,cwpb-2m,0,2.0,45.234,-87.0,3,3.0,4657791.0,58.5,-59.0,-61.0,28.0,5256915.0,6820.0,52.0,6820.0,,3,11.0,-44.0,42,0.03692471942779459,0.03415214893632952,0.119570410301563,1220,803.27,0.07107686836412411
2026-07-15T16:57:13.426000Z,8,-35,160.0,1.0,3,2.0,0.0021948763553035705,4344,3.898,0.06067050657214592,0.02410764727029942,65,cwpb-2m,0,2.0,101.46,-84.0,3,0.0,4888805.0,144.4,-46.0,-47.0,38.0,7475825.0,22110.0,117.0,22110.0,4.0,2,11.0,-34.0,88,0.07270540041384811,0.07721521461230399,0.011454633070092046,84,3.518,0.14992061502615212
2026-07-15T16:57:28.554000Z,8,-39,20.0,2.0,4,2.0,0.3031008963853228,309872,43.615,0.053089154728499,0.022407683221200764,72,cwpb-2m,0,2.0,57.203,-87.0,3,9.0,6760716.0,52.0,-53.0,-54.0,34.0,4826466.0,2517.0,65.0,2487.0,,3,161.0,-50.0,55,0.041343288970832844,0.06384332979722254,0.2523649460090245,2335,311.411,0.10518661876805538
2026-07-15T17:01:40.074000Z,8,-48,20.0,3.0,2,2.0,0.36607707137302714,386616,18.772,0.022984295771181017,0.012512968003697809,72,cwpb-2m,0,2.0,45.234,-88.0,3,6.0,5445804.0,39.0,-59.0,-59.0,30.0,5922543.0,7747.0,52.0,7747.0,,1,11.0,-43.0,43,0.039882683257206286,0.03652454560157154,0.16095547089241732,1187,712.456,0.07640722885877782
2026-07-15T17:02:58.519000Z,8,-37,160.0,1.0,4,2.0,0.003746667571408892,5792,5.161,0.04928863289519027,0.024004930409326695,65,cwpb-2m,0,2.0,114.187,-85.0,4,0.0,2779778.0,144.4,-46.0,-47.0,39.0,5729104.0,12647.0,130.0,12647.0,4.0,3,11.0,-34.0,89,0.05646940832646901,0.04218397515573227,0.0035548622428163705,21,15.154,0.09865338348220129
2026-07-15T17:03:04.045000Z,8,-36,20.0,2.0,4,2.0,0.0036998786674151325,4344,40.19,0.03028602372864668,0.023814904216527145,72,cwpb-2m,0,2.0,57.203,-87.0,3,7.0,6039192.0,58.5,-52.0,-51.0,35.0,4956568.0,2064.0,65.0,2064.0,,3,161.0,-47.0,43,0.047254194751684686,0.054951327374665404,0.5855872871516334,4742,310.282,0.10220552212635009
2026-07-15T17:07:16.159000Z,8,-45,20.0,3.0,2,2.0,0.0030819171390626668,4344,48.549,0.02653079308817014,0.013792306507113144,72,cwpb-2m,0,2.0,51.585,-90.0,3,1.0,4443950.0,58.5,-51.0,-46.0,39.0,6918660.0,7423.0,58.5,7423.0,,1,11.0,-43.0,43,0.05463220328288625,0.045427929435154654,0.0875669540235852,1160,590.463,0.1000601327180409
2026-07-15T17:08:40.100000Z,8,-37,20.0,2.0,4,2.0,0.005028150815687408,5792,57.845,0.014506965982375816,0.013118483899132045,72,cwpb-2m,0,2.0,57.203,-88.0,4,1.0,6026801.0,52.0,-51.0,-51.0,37.0,4915141.0,1991.0,65.0,1991.0,,3,161.0,-47.0,39,0.047244752410841105,0.05734686902976067,0.0021624291276551933,21,316.183,0.10459162144060177
2026-07-15T17:08:44.362000Z,8,-40,160.0,1.0,4,2.0,0.003952811924757272,4344,10.72,0.00817013735046522,0.003989522880180782,58,cwpb-2m,0,2.0,101.46,-84.0,4,0.0,2259178.0,144.4,-46.0,-46.0,38.0,4387007.0,10546.0,117.0,10545.0,4.0,3,11.0,-36.0,97,0.03893301807030484,0.013592064247902361,0.13780983691599813,1235,8.57,0.0525250823182072
2026-07-15T17:12:51.944000Z,8,-46,20.0,3.0,4,2.0,0.23176619962945078,320008,14.08,0.023405700782749967,0.009982538133634637,72,cwpb-2m,0,2.0,57.203,-87.0,3,2.0,6268063.0,72.2,-50.0,-47.0,37.0,5919563.0,4286.0,65.0,4286.0,,3,11.0,-44.0,37,0.05317159597602421,0.0675020724713912,0.12160363985321879,1185,319.302,0.12067366844741541
2026-07-15T17:14:15.859000Z,8,-36,20.0,2.0,4,2.0,0.00225839732692712,4344,32.238,0.014544380446019788,0.01268245082430281,72,cwpb-2m,0,2.0,57.203,-84.0,3,2.0,5969292.0,72.2,-49.0,-47.0,35.0,7671336.0,3477.0,65.0,3477.0,,3,161.0,-50.0,34,0.07678806647148763,0.06284511704142143,0.0038537859725010955,42,299.0,0.13963318351290904
2026-07-15T17:14:30.134000Z,8,-42,160.0,1.0,4,2.0,0.00414743390602546,2896,4.811,0.00786294491212524,0.0041230547994453295,65,cwpb-2m,0,2.0,90.195,-82.0,3,0.0,7014795.0,78.0,-47.0,-49.0,35.0,3869161.0,9601.0,104.0,9576.0,4.0,3,11.0,-35.0,90,0.02841442628865675,0.09861348283588962,0.002339648396712622,21,2.366,0.12702790912454637
2026-07-15T17:18:27.640000Z,8,-44,20.0,3.0,4,2.0,0.34562629124392313,456120,47.901,0.02862600305223256,0.016261619844897542,72,cwpb-2m,0,2.0,45.234,-85.0,3,0.0,6075003.0,58.5,-53.0,-53.0,33.0,6387408.0,6860.0,52.0,6860.0,,3,11.0,-44.0,37,0.05317159597602421,0.0616345969202328,0.02223424717869988,222,332.506,0.11480619289625701
2026-07-15T17:19:51.790000Z,8,-38,20.0,2.0,3,2.0,0.0014893276459569487,2896,66.327,0.010109781913060601,0.011224898567099791,72,cwpb-2m,0,2.0,57.203,-88.0,3,9.0,6933810.0,58.5,-52.0,-49.0,36.0,7806746.0,3081.0,65.0,3081.0,,2,161.0,-48.0,34,0.07679574067361349,0.06528916107152702,0.004225655703383543,42,272.654,0.1420849017451405
2026-07-15T17:20:16.277000Z,8,-35,160.0,1.0,3,2.0,0.0011148086392310209,2896,3.944,0.019443706001083052,0.006341738996456269,65,cwpb-2m,0,2.0,101.46,-85.0,3,0.0,7915587.0,104.0,-46.0,-46.0,39.0,9205318.0,23831.0,117.0,23831.0,4.0,2,11.0,-34.0,85,0.09310304065219391,0.08744419630878546,0.0057977259843630165,63,2.584,0.18054723696097935
2026-07-15T17:24:03.373000Z,8,-48,20.0,3.0,4,2.0,0.41121829658913,545896,29.375,0.017486338797814208,0.01246982692208926,72,cwpb-2m,0,2.0,57.203,-84.0,3,1.0,5156398.0,52.0,-54.0,-54.0,30.0,6613612.0,7750.0,65.0,7750.0,,3,11.0,-44.0,37,0.051689440838009075,0.04921727964829825,0.3424381174620988,3502,344.331,0.10090672048630733
2026-07-15T17:25:27.690000Z,8,-37,20.0,2.0,4,2.0,0.001556847225626652,2896,41.022,0.025934130852163645,0.02066149658466437,72,cwpb-2m,0,2.0,57.203,-88.0,4,8.0,7494833.0,52.0,-47.0,-45.0,41.0,7505997.0,2539.0,65.0,2539.0,,3,161.0,-48.0,43,0.07382730173363009,0.0724853961978161,0.0017074925385238916,21,220.76,0.1463126979314462
2026-07-15T17:26:02.314000Z,8,-37,160.0,1.0,3,2.0,0.0022248562498558212,4344,4.802,0.012667749716930046,0.005027476760310205,58,cwpb-2m,0,2.0,68.226,-84.0,4,0.0,7481381.0,78.0,-47.0,-48.0,37.0,9234934.0,17395.0,78.0,17395.0,4.0,2,11.0,-32.0,87,0.0724154954374208,0.05860129915409655,0.010448172418769663,84,2.91,0.13101679459151735
2026-07-15T17:29:39.361000Z,8,-46,20.0,3.0,4,2.0,0.11334659394436071,144800,53.764,0.029951262738147987,0.02934107133685995,72,cwpb-2m,0,2.0,51.585,-86.0,4,7.0,6262714.0,52.0,-57.0,-57.0,30.0,7317142.0,9261.0,58.5,9261.0,,3,11.0,-45.0,34,0.05317159597602421,0.052268380931758535,0.00531915307314451,63,400.677,0.10543997690778274
2026-07-15T17:31:03.306000Z,8,-36,20.0,2.0,4,2.0,0.003734212065853062,5792,31.611,0.024537980603554374,0.016536901032304454,72,cwpb-2m,0,2.0,57.203,-89.0,4,8.0,7203161.0,58.5,-51.0,-52.0,39.0,6683033.0,3003.0,65.0,3003.0,,3,161.0,-50.0,54,0.06347879388063396,0.07509203630859757,0.004019862390851111,42,197.308,0.13857083018923153
2026-07-15T17:31:47.761000Z,8,-35,160.0,1.0,3,2.0,0.001659286521571907,4344,2.899,0.02448087431693989,0.01243438960505367,65,cwpb-2m,0,2.0,114.187,-83.0,3,2.0,6436820.0,117.0,-47.0,-46.0,36.0,8498686.0,18071.0,130.0,18071.0,4.0,2,11.0,-35.0,89,0.09216590948856078,0.09306871431902587,0.007021819320294437,63,2.885,0.18523462380758665
2026-07-15T17:35:15.056000Z,8,-46,20.0,3.0,4,2.0,0.10984276559973659,102808,24.372,0.09871313936887707,0.027579990755482515,72,cwpb-2m,0,2.0,45.234,-87.0,3,12.0,5355419.0,72.2,-56.0,-53.0,31.0,6278888.0,9559.0,52.0,9553.0,,3,11.0,-45.0,34,0.038401708204906376,0.03609255782449866,0.142293601944844,1183,416.844,0.07449426602940504
2026-07-15T17:36:38.966000Z,8,-37,20.0,2.0,4,2.0,0.0023222578050195145,4344,35.247,0.013605080490326393,0.013928919932206872,72,cwpb-2m,0,2.0,57.203,-87.0,3,0.0,6888148.0,72.2,-51.0,-53.0,37.0,7547535.0,3181.0,65.0,3181.0,,3,161.0,-48.0,42,0.07382730173363009,0.05934789335165506,0.11807902383006738,1205,376.293,0.13317519508528514
2026-07-15T17:37:32.114000Z,8,-38,160.0,1.0,3,2.0,0.001284386989767435,2896,2.627,0.003639048884950523,0.002753325458373992,65,cwpb-2m,0,2.0,101.46,-83.0,3,0.0,6950185.0,104.0,-47.0,-49.0,36.0,9069693.0,22488.0,117.0,22487.0,4.0,2,11.0,-32.0,86,0.08162184163907565,0.06479146759441082,0.007018306814040537,63,2.12,0.14641330923348647
2026-07-15T17:40:50.798000Z,8,-46,20.0,3.0,4,2.0,0.43172339729613174,511144,18.137,0.03804657116132526,0.02218632838580453,72,cwpb-2m,0,2.0,57.203,-88.0,3,1.0,5088183.0,72.2,-55.0,-55.0,34.0,6396381.0,6709.0,65.0,6709.0,,3,11.0,-43.0,40,0.0457866520904653,0.04633287060308717,0.3034658287375312,3449,572.887,0.09211952269355247
2026-07-15T17:42:14.717000Z,8,-35,20.0,2.0,4,2.0,0.0016217162939979896,2896,59.293,0.017348496037020624,0.01896666837861435,72,cwpb-2m,0,2.0,57.203,-87.0,3,7.0,7243813.0,58.5,-48.0,-44.0,39.0,7063653.0,3542.0,65.0,3542.0,,3,7.0,-49.0,56,0.06940459854153688,0.06996520303016973,0.10848295977095626,1182,266.072,0.13936980157170661
2026-07-15T17:43:16.986000Z,8,-35,160.0,1.0,2,2.0,0.0016178281581433211,4344,2.507,0.014839757790577461,0.004256586718709877,65,cwpb-2m,0,2.0,114.187,-81.0,3,0.0,5557157.0,117.0,-45.0,-45.0,36.0,8926322.0,20670.0,130.0,20670.0,4.0,1,11.0,-33.0,96,0.09838561505442935,0.05367067422277051,0.008877851290885377,63,2.216,0.15205628927719986
2026-07-15T17:46:26.779000Z,8,-48,20.0,3.0,4,2.0,0.49344656473105925,587888,18.243,0.03115443312164624,0.014720353346001747,72,cwpb-2m,0,2.0,51.585,-85.0,3,1.0,5878469.0,58.5,-55.0,-55.0,31.0,6575774.0,6881.0,58.5,6881.0,,3,11.0,-43.0,40,0.04726836534187412,0.049956100516850205,0.25435952510639803,2543,369.06,0.09722446585872432
2026-07-15T17:47:51.569000Z,8,-41,20.0,2.0,4,2.0,0.13630631529814002,123080,22.067,0.039700684290848234,0.025164090185403935,72,cwpb-2m,0,2.0,57.203,-83.0,4,15.0,3934319.0,39.0,-53.0,-54.0,30.0,3930970.0,2119.0,65.0,2119.0,,3,11.0,-46.0,41,0.03544773065068282,0.032374783925416234,0.11852945851798724,1208,925.898,0.06782251457609906
2026-07-15T17:49:02.435000Z,8,-36,160.0,1.0,3,2.0,0.001886724903642809,5792,2.734,0.017110224979077437,0.007828565559036516,65,cwpb-2m,0,2.0,114.187,-84.0,5,0.0,7674708.0,144.4,-46.0,-47.0,38.0,9097450.0,21165.0,130.0,21165.0,4.0,2,11.0,-33.0,89,0.1113197998756912,0.10580523553366906,0.007012566650343121,63,2.745,0.21712503540936026
2026-07-15T17:52:03.580000Z,8,-45,20.0,3.0,3,2.0,0.009810286410510346,11584,24.185,0.014827942696795157,0.013163165733655181,72,cwpb-2m,0,2.0,51.585,-83.0,4,11.0,5470706.0,52.0,-52.0,-50.0,31.0,7592870.0,11056.0,58.5,11051.0,,2,11.0,-45.0,28,0.04726836534187412,0.05259178890098058,0.006174290560119672,63,301.365,0.0998601542428547
2026-07-15T17:53:27.310000Z,8,-36,20.0,2.0,4,2.0,0.0030102770996657253,4344,34.235,0.02152119332447202,0.012429253762005033,72,cwpb-2m,0,2.0,57.203,-86.0,3,1.0,6758300.0,72.2,-50.0,-49.0,37.0,6253719.0,2973.0,65.0,2971.0,,3,161.0,-50.0,45,0.0590500408191944,0.068785595064303,0.0017052285976073428,21,310.444,0.1278356358834974
2026-07-15T17:54:47.939000Z,8,-39,160.0,1.0,3,2.0,0.0017345186448044943,4344,1.762,0.013421946536700634,0.006685326896410046,58,cwpb-2m,0,2.0,114.187,-83.0,4,0.0,7337636.0,104.0,-46.0,-46.0,37.0,9070042.0,23240.0,130.0,23225.0,4.0,2,11.0,-35.0,85,0.09090260621691645,0.09549106993790701,0.005801103850577032,63,2.608,0.18639367615482347
2026-07-15T17:57:39.765000Z,8,-48,20.0,3.0,3,2.0,0.008412674596830589,7240,44.38,0.13319549057253974,0.04329002105695651,72,cwpb-2m,0,2.0,57.203,-85.0,4,0.0,5220093.0,52.0,-50.0,-47.0,35.0,5328747.0,5633.0,65.0,5633.0,,2,11.0,-45.0,28,0.03545127400640559,0.04608607612133966,0.010257040962399988,105,759.776,0.08153735012774524
2026-07-15T17:59:03.066000Z,8,-35,20.0,2.0,4,2.0,0.0025698106522521976,4344,63.83,0.023137891990351007,0.015556468594319759,72,cwpb-2m,0,2.0,57.203,-87.0,3,11.0,7036241.0,58.5,-48.0,-46.0,39.0,7026766.0,3364.0,65.0,3364.0,,3,161.0,-50.0,43,0.06645121136955659,0.05753128410908933,0.004783392356578917,42,368.636,0.12398249547864593
2026-07-15T18:00:32.157000Z,8,-37,160.0,1.0,3,2.0,0.002838403254697268,4344,3.162,0.0058209028700831975,0.0024862616198448977,58,cwpb-2m,0,2.0,101.46,-82.0,3,0.0,6384018.0,117.0,-47.0,-47.0,35.0,6974309.0,16584.0,117.0,16579.0,4.0,2,11.0,-35.0,95,0.056240333126803495,0.048527373032145736,0.013880575507775385,105,3.133,0.10476770615894923
2026-07-15T18:03:17.100000Z,8,-47,20.0,3.0,4,2.0,0.5854255341023584,338832,22.157,0.03635110520356423,0.02206871757999076,72,cwpb-2m,0,2.0,45.234,-89.0,3,0.0,3081361.0,39.0,-54.0,-55.0,35.0,4307379.0,4756.0,52.0,4756.0,,3,11.0,-45.0,27,0.023612939522626022,0.01833680787872594,0.0020617673866067028,21,941.657,0.04194974740135196
2026-07-15T18:04:38.910000Z,8,-36,20.0,2.0,4,2.0,0.0037984363457428563,5792,42.161,0.030512479692807563,0.01954445072158595,72,cwpb-2m,0,2.0,57.203,-87.0,3,6.0,6942215.0,39.0,-48.0,-48.0,39.0,6798600.0,3397.0,65.0,3397.0,,3,161.0,-48.0,37,0.06349147949092186,0.06419163941924026,0.004430260846272573,42,347.705,0.12768311891016212
2026-07-15T18:06:16.250000Z,8,-39,160.0,1.0,3,2.0,0.0019214304360317333,4344,5.935,0.011460640968837688,0.005491243387602075,65,cwpb-2m,0,2.0,114.187,-83.0,3,0.0,6563123.0,144.4,-47.0,-48.0,36.0,7868761.0,18680.0,130.0,18680.0,4.0,2,11.0,-34.0,95,0.08325402620977423,0.11491068367506445,0.0019766839809770053,21,2.564,0.1981647098848387
2026-07-15T18:08:53.079000Z,8,-43,20.0,3.0,4,2.0,0.004501432664927188,5792,36.4,0.04603160537586768,0.02677006830671255,72,cwpb-2m,0,2.0,45.234,-87.0,3,4.0,5720137.0,52.0,-53.0,-51.0,34.0,6769809.0,8922.0,52.0,8922.0,,3,11.0,-45.0,27,0.05020758192366497,0.052099145695355564,0.09993312995819202,1211,412.618,0.10230672761902054
2026-07-15T18:10:14.571000Z,8,-35,20.0,2.0,3,2.0,0.0032543451447196096,5792,52.943,0.025071629006055238,0.019063222227928715,72,cwpb-2m,0,2.0,57.203,-86.0,3,2.0,6769317.0,58.5,-49.0,-50.0,37.0,7530011.0,3252.0,65.0,3252.0,,2,161.0,-51.0,21,0.0723290743217627,0.06266828243841271,0.003852343039307854,42,271.033,0.13499735676017544
2026-07-15T18:12:02.025000Z,8,-38,160.0,1.0,1,2.0,0.0006347482318736058,1448,2.974,0.0053738984886525865,0.0022453905808638487,58,cwpb-2m,0,2.0,114.187,-84.0,3,0.0,5290778.0,117.0,-47.0,-47.0,37.0,8512740.0,20953.0,130.0,20952.0,4.0,0,11.0,-35.0,88,0.08413625269748447,0.06717185333561766,0.0063423256522628585,42,3.237,0.15130810603310213
2026-07-15T18:14:28.930000Z,8,-45,20.0,3.0,4,2.0,0.28306971151986476,338832,37.161,0.06470733028110078,0.022803143135945766,72,cwpb-2m,0,2.0,57.203,-86.0,3,1.0,5665675.0,52.0,-53.0,-54.0,34.0,6264531.0,6711.0,65.0,6711.0,,3,11.0,-47.0,50,0.04874550175880769,0.05543512752082116,0.3593851615279412,3500,267.961,0.10418062927962884
2026-07-15T18:15:50.456000Z,8,-35,20.0,2.0,3,2.0,0.0022262470701091734,4344,52.743,0.01928223305272486,0.010325098864978685,72,cwpb-2m,0,2.0,57.203,-88.0,3,14.0,7020375.0,39.0,-48.0,-49.0,40.0,7852700.0,3153.0,65.0,3151.0,,2,11.0,-40.0,29,0.07671906760984193,0.06307285620146762,0.0055398238198322396,42,334.611,0.13979192381130956
2026-07-15T18:17:46.384000Z,8,-36,160.0,1.0,3,2.0,0.0006602474212238188,1448,2.466,0.0028828828828828834,0.00345077294437882,52,cwpb-2m,0,2.0,90.195,-84.0,3,0.0,5765563.0,104.0,-48.0,-46.0,36.0,8752779.0,20031.0,104.0,20031.0,4.0,2,161.0,-35.0,85,0.08045201651859354,0.06452937754233898,0.0031725317718798145,21,2.195,0.14498139406093252
2026-07-15T18:20:04.823000Z,8,-43,20.0,3.0,4,2.0,0.7289210944393821,532864,18.443,0.03822576675035692,0.015427045349494121,72,cwpb-2m,0,2.0,45.234,-83.0,3,0.0,4385022.0,52.0,-53.0,-54.0,31.0,6152500.0,6960.0,52.0,6960.0,,3,11.0,-47.0,50,0.031010565305793075,0.03247461664218614,0.22412849038613117,2007,516.724,0.06348518194797922
2026-07-15T18:21:26.311000Z,8,-38,20.0,2.0,4,2.0,0.004498129232739527,7240,55.62,0.03745384728991287,0.020938832109290744,72,cwpb-2m,0,2.0,57.203,-86.0,3,6.0,5398609.0,52.0,-50.0,-48.0,36.0,7063318.0,4893.0,65.0,4893.0,,3,161.0,-52.0,41,0.06495504490111384,0.049014753315212975,0.0043230410879762276,42,395.937,0.11396979821632681
2026-07-15T18:23:30.720000Z,8,-38,160.0,1.0,3,2.0,0.0020160609142518657,5792,3.627,0.01073992024811697,0.005307893790765755,52,cwpb-2m,0,2.0,101.46,-82.0,3,0.0,7431728.0,117.0,-46.0,-47.0,36.0,8646047.0,19210.0,117.0,19210.0,4.0,2,11.0,-36.0,78,0.10526432662494813,0.08972012197072358,0.013295076074408406,126,1.957,0.1949844485956717
2026-07-15T18:25:40.524000Z,8,-41,20.0,3.0,4,2.0,0.2065735816102206,224440,27.265,0.04268399547088071,0.014799958913255612,72,cwpb-2m,0,2.0,57.203,-88.0,3,0.0,6324718.0,58.5,-51.0,-52.0,38.0,5033755.0,4848.0,65.0,4848.0,,3,11.0,-47.0,50,0.04135568575912994,0.07182607006038151,0.17212873435900677,1231,314.117,0.11318175581951145
2026-07-15T18:27:02.332000Z,8,-36,20.0,2.0,4,2.0,0.002349064240149929,4344,42.401,0.02941761433564712,0.016260592676287815,72,cwpb-2m,0,2.0,57.203,-88.0,4,3.0,7139208.0,52.0,-52.0,-49.0,36.0,7473140.0,3932.0,65.0,3932.0,,3,161.0,-49.0,47,0.07235075569895748,0.06386881964603403,0.008236671167900915,84,319.211,0.13621957534499152
2026-07-15T18:29:15.024000Z,8,-35,160.0,1.0,3,2.0,0.000985251089489099,2896,3.217,0.021082065672229606,0.008730933182681937,58,cwpb-2m,0,2.0,114.187,-78.0,3,0.0,5443787.0,144.4,-47.0,-48.0,31.0,7792945.0,14008.0,130.0,14002.0,4.0,2,11.0,-39.0,81,0.10866416155805231,0.06974872306525592,0.014393338012660423,126,2.876,0.17841288462330823
2026-07-15T18:31:18.404000Z,8,-49,20.0,3.0,4,2.0,0.3761807835752612,422816,17.558,0.033704524196327475,0.015647373016280622,72,cwpb-2m,0,2.0,45.234,-84.0,3,9.0,6379564.0,39.0,-55.0,-55.0,29.0,5438169.0,6211.0,52.0,6211.0,,3,161.0,-55.0,33,0.044305235004007786,0.036491801213643045,0.11076748864720092,1182,496.084,0.08079703621765083
2026-07-15T18:32:38.369000Z,8,-36,20.0,2.0,4,2.0,0.002430386112979268,4344,67.101,0.018470929946339785,0.012901237738174722,72,cwpb-2m,0,2.0,57.203,-87.0,4,3.0,6913030.0,58.5,-50.0,-47.0,37.0,7218804.0,3170.0,65.0,3170.0,,3,161.0,-51.0,34,0.06940459854153688,0.06807445363991257,0.00781173623064568,63,351.146,0.13747905218144946
2026-07-15T18:35:00.096000Z,8,-36,160.0,1.0,4,2.0,0.0004962575801254267,1448,2.746,0.0072249298478806664,0.003917621077499872,58,cwpb-2m,0,2.0,114.187,-80.0,3,0.0,7274437.0,117.0,-48.0,-48.0,32.0,8543305.0,19203.0,130.0,19203.0,4.0,3,11.0,-35.0,89,0.10779755561092452,0.08978704140383305,0.013982248813458487,126,2.723,0.19758459701475756
2026-07-15T18:36:55.130000Z,8,-45,20.0,3.0,4,2.0,0.43469787857291925,550240,21.647,0.04003150691675282,0.02509424271994248,72,cwpb-2m,0,2.0,57.203,-83.0,3,8.0,5413977.0,52.0,-51.0,-52.0,32.0,6163701.0,6224.0,65.0,6224.0,,3,161.0,-55.0,33,0.04872601914419585,0.04352178845788038,0.1973525429716602,2297,515.346,0.09224780760207624
2026-07-15T18:38:14.048000Z,8,-36,20.0,2.0,4,2.0,0.0023199885504365456,4344,49.223,0.021641313444592136,0.01899748343690617,72,cwpb-2m,0,2.0,57.203,-86.0,4,10.0,7296470.0,72.2,-49.0,-47.0,37.0,7541889.0,3635.0,65.0,3635.0,,3,11.0,-44.0,37,0.07236521717321272,0.07070185984799053,0.13514459404330717,1188,295.273,0.14306707702120325
2026-07-15T18:40:46.452000Z,8,-36,160.0,1.0,2,2.0,0.0033117696393371644,8688,3.025,0.007551814109191158,0.0031944943762518617,58,cwpb-2m,0,2.0,101.46,-83.0,3,0.0,6120153.0,78.0,-47.0,-48.0,36.0,8070351.0,15216.0,117.0,15216.0,4.0,1,11.0,-37.0,84,0.09248654283950657,0.04558104533393761,0.014198354777317916,84,3.62,0.13806758817344417
2026-07-15T18:42:31.380000Z,8,-40,20.0,3.0,2,2.0,0.28380746334004875,347520,15.227,0.025047998818490628,0.016799342612089777,72,cwpb-2m,0,2.0,57.203,-85.0,4,8.0,5529278.0,58.5,-48.0,-50.0,37.0,5205265.0,3163.0,65.0,3163.0,,1,11.0,-42.0,34,0.04725891733760831,0.048472255947042776,0.3944563461860877,3565,395.781,0.09573117328465108
2026-07-15T18:43:49.855000Z,8,-34,20.0,2.0,4,2.0,0.004447011030980234,5792,33.747,0.024004332201053517,0.02003492373273073,72,cwpb-2m,0,2.0,57.203,-85.0,3,11.0,6614127.0,52.0,-47.0,-45.0,38.0,5667007.0,2555.0,65.0,2555.0,,3,161.0,-49.0,42,0.05316096909564528,0.06893924634304338,0.0023340224557378093,21,268.231,0.12210021543868865
2026-07-15T18:46:31.872000Z,8,-34,160.0,1.0,4,2.0,0.001575787871765089,4344,2.645,0.09327622704671885,0.01972934107133686,58,cwpb-2m,0,2.0,114.187,-81.0,4,0.0,6474001.0,117.0,-47.0,-45.0,34.0,7747850.0,16667.0,130.0,16667.0,4.0,3,11.0,-39.0,90,0.09930967745237732,0.09771799760373016,0.010326425979950447,105,2.657,0.19702767505610747
2026-07-15T18:48:07.423000Z,8,-44,20.0,3.0,2,2.0,0.014892051170354682,10136,69.532,0.04875695367498647,0.028170099121770844,72,cwpb-2m,0,2.0,57.203,-85.0,3,8.0,5266188.0,52.0,-53.0,-50.0,32.0,5200256.0,7734.0,65.0,7734.0,,1,11.0,-42.0,34,0.029539775542235674,0.05045071537345269,0.0018078503284691119,21,320.701,0.07999049091568837
2026-07-15T18:49:26.373000Z,8,-34,20.0,2.0,4,2.0,0.0029358289066465475,4344,41.839,0.05304977108255796,0.022931539212161678,72,cwpb-2m,0,2.0,57.203,-86.0,3,1.0,4899487.0,52.0,-52.0,-53.0,34.0,6196296.0,4050.0,65.0,4050.0,,3,11.0,-52.0,41,0.05759104985361571,0.04490745404044238,0.004664024383220048,42,458.635,0.1024985038940581
2026-07-15T18:52:17.655000Z,8,-37,160.0,1.0,4,2.0,0.0035319830482257657,8688,3.882,0.021913060601585193,0.011954701864311027,58,cwpb-2m,0,2.0,114.187,-83.0,3,0.0,5486385.0,144.4,-46.0,-44.0,37.0,7301054.0,11721.0,130.0,11721.0,4.0,3,161.0,-36.0,89,0.09067415378256113,0.09101831627468834,0.12585450140994126,1219,3.349,0.18169247005724948
2026-07-15T18:53:43.538000Z,8,-45,20.0,3.0,4,2.0,0.32987648794587676,298288,22.636,0.023699108945010584,0.012618252786194854,72,cwpb-2m,0,2.0,51.585,-86.0,4,5.0,4244395.0,65.0,-55.0,-55.0,31.0,5162807.0,5930.0,58.5,5930.0,,3,11.0,-44.0,36,0.03544418800320623,0.038494919513348914,0.00384751707622363,42,417.366,0.07393910751655514
2026-07-15T18:55:02.112000Z,8,-38,20.0,2.0,4,2.0,0.001670790383566713,2896,50.072,0.014197804361738788,0.01646551281392841,72,cwpb-2m,0,2.0,57.203,-90.0,4,1.0,5667719.0,39.0,-50.0,-47.0,41.0,6657185.0,923.0,65.0,923.0,,3,161.0,-50.0,36,0.06940459854153688,0.052787590653093,0.11471261655622289,1168,389.035,0.12219218919462987
2026-07-15T18:58:01.962000Z,8,-36,160.0,1.0,3,2.0,0.0017383168730755341,5792,2.814,0.009428444838280904,0.003546299625083458,65,cwpb-2m,0,2.0,114.187,-83.0,3,0.0,7044146.0,144.4,-45.0,-46.0,38.0,7834308.0,7820.0,130.0,7820.0,4.0,2,11.0,-39.0,91,0.12235114052837597,0.1279883895104281,0.008082037460730863,84,1.665,0.25033953003880405
2026-07-15T18:59:20.157000Z,8,-45,20.0,3.0,4,2.0,0.009103575290024358,7240,75.318,0.0481268153399301,0.03066098300035951,72,cwpb-2m,0,2.0,51.585,-81.0,3,12.0,4380729.0,58.5,-52.0,-48.0,30.0,5845022.0,5128.0,58.5,5128.0,,3,11.0,-44.0,36,0.032493753096459244,0.03154266491040468,0.00216283823955423,21,462.52,0.06403641800686392
2026-07-15T19:00:37.738000Z,8,-39,20.0,2.0,4,2.0,0.004261558427310491,4344,53.418,0.0767193422931128,0.0239638436649376,72,cwpb-2m,0,2.0,57.203,-86.0,3,12.0,6000939.0,58.5,-50.0,-48.0,36.0,4557494.0,2286.0,65.0,2286.0,,3,161.0,-49.0,37,0.039870726821733954,0.05043277154721366,0.13123913794084166,1183,457.046,0.0903034983689476
2026-07-15T19:03:46.427000Z,8,-37,160.0,1.0,2,2.0,0.0015540954558278342,4344,2.381,0.008963717816176832,0.0039037543012685532,65,cwpb-2m,0,2.0,114.187,-84.0,4,0.0,6435256.0,117.0,-47.0,-47.0,37.0,8352512.0,16734.0,130.0,16734.0,4.0,1,161.0,-32.0,88,0.10219563928533985,0.08505704237442474,0.007570610197846605,84,3.185,0.1872526816597646
2026-07-15T19:04:56.178000Z,8,-42,20.0,3.0,4,2.0,0.6550134586425989,1078760,35.667,0.01934327770393345,0.013593035796826048,72,cwpb-2m,0,2.0,51.585,-88.0,4,11.0,7134697.0,58.5,-53.0,-54.0,35.0,7354732.0,3841.0,58.5,3841.0,,3,161.0,-53.0,28,0.06498750619291849,0.06375470246780646,0.12539736700466264,1163,279.274,0.12874220866072494
2026-07-15T19:06:13.569000Z,8,-38,20.0,2.0,3,2.0,0.0014872920479725247,2896,70.289,0.013843351548269585,0.014575522572030201,72,cwpb-2m,0,2.0,57.203,-86.0,4,1.0,7286562.0,52.0,-50.0,-47.0,37.0,7598033.0,2521.0,65.0,2521.0,,2,161.0,-47.0,33,0.07528880204447284,0.06778914381690594,0.00192775945990096,21,263.948,0.14307794586137879
2026-07-15T19:09:32.555000Z,8,-37,160.0,1.0,3,2.0,0.002632338292098371,5792,2.906,0.02360655737704918,0.006423912485234451,65,cwpb-2m,0,2.0,90.195,-76.0,3,0.0,5804854.0,104.0,-46.0,-46.0,30.0,9018687.0,23427.0,104.0,23427.0,4.0,2,161.0,-34.0,83,0.0796289580586146,0.043543452728763754,0.006840755154006466,42,2.874,0.12317241078737835
2026-07-15T19:10:32.579000Z,8,-43,20.0,3.0,4,2.0,0.003007965661110877,4344,31.559,0.06817702948850488,0.022267988290277856,72,cwpb-2m,0,2.0,57.203,-81.0,3,1.0,5741381.0,58.5,-51.0,-48.0,30.0,7970968.0,10574.0,65.0,10574.0,,3,161.0,-53.0,28,0.056119964338409864,0.038225698313615906,0.005648035383010116,63,478.278,0.09434566265202576
2026-07-15T19:11:49.292000Z,8,-36,20.0,2.0,3,2.0,0.002243009354426443,4344,52.025,0.02678087923989563,0.01654255045965795,72,cwpb-2m,0,2.0,57.203,-85.0,3,2.0,8186986.0,58.5,-51.0,-52.0,34.0,8215411.0,3510.0,65.0,3510.0,,2,161.0,-42.0,33,0.07973348587232049,0.08449954078275126,0.004220715342077951,42,211.93,0.16423302665507175
2026-07-15T19:15:17.059000Z,8,-36,160.0,1.0,2,2.0,0.001747205965825576,4344,3.619,0.004249495397036381,0.002403574546761851,39,cwpb-2m,0,2.0,90.195,-81.0,4,0.0,7921541.0,78.0,-45.0,-43.0,36.0,9519917.0,12225.0,104.0,12225.0,4.0,1,161.0,-36.0,79,0.09107962971648513,0.08234210723575605,0.011685487222178157,105,2.774,0.17342173695224117
2026-07-15T19:16:07.936000Z,8,-41,20.0,3.0,3,2.0,0.5804403701844335,697936,43.95,0.03152857775808596,0.023398387345282733,72,cwpb-2m,0,2.0,57.203,-80.0,4,2.0,5244475.0,52.0,-51.0,-50.0,30.0,6669073.0,5557.0,65.0,5557.0,,2,11.0,-43.0,38,0.048730888337674846,0.04795384737833436,0.20469220310261882,2332,433.396,0.0966847357160092
2026-07-15T19:17:25.374000Z,8,-35,20.0,2.0,4,2.0,0.002135645576418356,4344,16.559,0.015355683552404862,0.018022700426274973,72,cwpb-2m,0,2.0,57.203,-87.0,3,2.0,7452893.0,58.5,-52.0,-52.0,36.0,8204398.0,3927.0,65.0,3926.0,,3,161.0,-49.0,35,0.07824912118045559,0.07760917852914961,0.0,0,291.477,0.15585829970960519
2026-07-15T19:21:02.504000Z,8,-36,160.0,1.0,3,2.0,0.0015353353765995728,4344,2.932,0.005799241864815635,0.0033470289147963642,52,cwpb-2m,0,2.0,90.195,-80.0,4,0.0,7946288.0,104.0,-46.0,-46.0,34.0,9917118.0,21543.0,104.0,21543.0,4.0,2,161.0,-34.0,79,0.10517890970799046,0.09296642049884843,0.002344446472538717,21,2.256,0.1981453302068389
2026-07-15T19:21:43.889000Z,8,-40,20.0,3.0,3,2.0,0.001877913770038776,2896,64.601,0.03570127504553733,0.021740023624878025,72,cwpb-2m,0,2.0,57.203,-83.0,3,11.0,5697689.0,58.5,-49.0,-46.0,34.0,7789165.0,4608.0,65.0,4608.0,,2,11.0,-43.0,38,0.06203352863869492,0.0520836645704461,0.005647002079793317,63,374.809,0.11411719320914102
2026-07-15T19:23:00.693000Z,8,-36,20.0,2.0,4,2.0,0.0021420684328634495,4344,25.53,0.013646433318564462,0.014221149401674286,72,cwpb-2m,0,2.0,57.203,-87.0,3,1.0,6993903.0,52.0,-53.0,-51.0,34.0,8149580.0,3012.0,65.0,3012.0,,3,11.0,-43.0,35,0.08123438274114811,0.06311349920775187,0.004320862501840848,42,308.036,0.14434788194889997
2026-07-15T19:26:47.565000Z,8,-42,160.0,1.0,3,2.0,0.0017697412476614317,4344,2.734,0.01416432826268892,0.0047570746237994965,58,cwpb-2m,0,2.0,90.195,-80.0,3,0.0,6861557.0,78.0,-48.0,-46.0,32.0,10101845.0,22111.0,104.0,22111.0,4.0,2,11.0,-36.0,98,0.08787619756930803,0.07489162757544601,0.00911484566741976,84,1.801,0.16276782514475405
2026-07-15T19:27:20.291000Z,8,-46,20.0,3.0,4,2.0,0.25160465345040767,244712,20.271,0.04288879042977403,0.023971547429510562,72,cwpb-2m,0,2.0,45.234,-87.0,3,4.0,6102799.0,52.0,-55.0,-56.0,33.0,7085150.0,8488.0,52.0,8488.0,,3,11.0,-43.0,41,0.04135568575912994,0.04735319721482214,0.1179340656869169,1206,365.167,0.08870888297395207
2026-07-15T19:28:36.533000Z,8,-35,20.0,2.0,4,2.0,0.0023567663717150677,4344,34.28,0.019120760104366658,0.014899080684094295,72,cwpb-2m,0,2.0,57.203,-87.0,3,8.0,6984537.0,72.2,-54.0,-52.0,33.0,8133312.0,5277.0,65.0,5277.0,,3,8.0,-51.0,38,0.07382730173363009,0.0653929903705176,0.003624808536131841,42,310.465,0.13922029210414769
2026-07-15T19:32:31.920000Z,8,-39,160.0,1.0,3,2.0,0.0020716645027765474,4344,2.906,0.005641707281051543,0.0033994145138924554,52,cwpb-2m,0,2.0,90.195,-79.0,3,0.0,6213202.0,117.0,-47.0,-48.0,32.0,8861760.0,19970.0,104.0,19970.0,4.0,2,161.0,-35.0,85,0.07710425203291102,0.06560683956275762,0.005740898219720693,42,2.809,0.14271109159566864
2026-07-15T19:32:56.291000Z,8,-42,20.0,3.0,4,2.0,0.278872375510452,280912,15.366,0.022261605868163246,0.009179805865132762,72,cwpb-2m,0,2.0,57.203,-82.0,3,2.0,6286949.0,52.0,-53.0,-53.0,30.0,5687883.0,5968.0,65.0,5968.0,,3,11.0,-43.0,41,0.03987869698201816,0.04433842907697975,0.0033408571579645473,42,358.818,0.08421712605899791
2026-07-15T19:34:12.292000Z,8,-40,20.0,2.0,4,2.0,0.002167491091327765,4344,25.588,0.016531285383744397,0.01372399979456628,72,cwpb-2m,0,2.0,57.203,-87.0,3,16.0,7347900.0,52.0,-47.0,-46.0,40.0,8301131.0,4978.0,65.0,4978.0,,3,11.0,-48.0,41,0.07678806647148763,0.07239641758997953,0.0020654510357295997,21,292.576,0.14918448406146717
2026-07-15T19:38:16.334000Z,8,-41,160.0,1.0,4,2.0,0.0013668072983356518,4344,2.697,0.01912076010436666,0.006380771403625906,58,cwpb-2m,0,2.0,68.226,-78.0,3,0.0,5503706.0,104.0,-47.0,-45.0,30.0,9345582.0,22260.0,78.0,22260.0,4.0,3,161.0,-34.0,79,0.11638583743450746,0.06430258577902796,0.01430952934464052,105,1.931,0.18068842321353543
2026-07-15T19:38:32.211000Z,8,-54,20.0,3.0,4,2.0,0.40903407717144435,144800,22.239,0.08237089548564958,0.02624415797853218,72,cwpb-2m,0,2.0,57.203,-83.0,3,5.0,5951908.0,39.0,-51.0,-52.0,32.0,3261103.0,3278.0,65.0,3276.0,,3,11.0,-43.0,41,0.016245252834802857,0.05155933910049897,0.11889627658212036,1189,365.753,0.06780459193530183
2026-07-15T19:39:47.942000Z,8,-38,20.0,2.0,4,2.0,0.002486460463549085,4344,54.597,0.031388765814995334,0.018576344306917982,72,cwpb-2m,0,2.0,57.203,-87.0,3,7.0,6840502.0,52.0,-52.0,-50.0,36.0,8250122.0,7703.0,65.0,7703.0,,3,11.0,-49.0,43,0.06793469367281194,0.061475839289964716,0.11246161574226761,1229,269.403,0.12941053296277666
2026-07-15T19:44:02.209000Z,8,-43,160.0,1.0,3,2.0,0.0014929887283180979,2896,3.517,0.06487274159405307,0.017310358995429098,58,cwpb-2m,0,2.0,45.93,-86.0,4,0.0,4828213.0,144.4,-48.0,-50.0,38.0,8837698.0,17551.0,52.0,17551.0,4.0,2,11.0,-38.0,68,0.07115248584479052,0.047491730351431685,0.0032964365594589954,21,4.548,0.1186442161962222
2026-07-15T19:44:08.114000Z,8,-48,20.0,3.0,1,2.0,0.5377639875330211,346072,45.92,0.11551223354502042,0.03706024343896051,72,cwpb-2m,0,2.0,51.585,-87.0,4,10.0,5369855.0,58.5,-53.0,-54.0,35.0,3868230.0,3617.0,58.5,3617.0,,0,11.0,-44.0,26,0.026585797988012107,0.0529605787853226,0.8766530643239389,11688,306.622,0.0795463767733347
2026-07-15T19:45:23.655000Z,8,-39,20.0,2.0,4,2.0,0.0026485161288791652,4344,37.407,0.020739427952542706,0.016012531457038674,72,cwpb-2m,0,2.0,57.203,-86.0,4,15.0,6931932.0,52.0,-53.0,-54.0,33.0,7761530.0,6963.0,65.0,6962.0,,3,11.0,-49.0,44,0.0634978241975763,0.06774206802258864,0.16099798889446648,1223,267.064,0.13123989222016494
2026-07-15T19:49:43.689000Z,8,-40,20.0,3.0,1,2.0,0.2226328395754739,198376,65.723,0.023299364938709204,0.02028041703045555,72,cwpb-2m,0,2.0,57.203,-80.0,3,1.0,5379570.0,52.0,-50.0,-51.0,31.0,4287007.0,2272.0,65.0,2272.0,,0,11.0,-44.0,26,0.038401708204906376,0.053899217719234754,0.2628481156614218,3479,356.844,0.09230092592414113
2026-07-15T19:49:47.183000Z,8,-38,160.0,1.0,3,2.0,0.0028622529565007484,4344,5.669,0.006230492787869838,0.0027137794668994917,52,cwpb-2m,0,2.0,114.187,-81.0,3,0.0,3777282.0,104.0,-45.0,-44.0,35.0,6048805.0,16764.0,130.0,16764.0,4.0,2,11.0,-37.0,82,0.05432849427322335,0.02528728529631175,0.0117219652623595,105,3.382,0.0796157795695351
2026-07-15T19:50:59.319000Z,8,-37,20.0,2.0,4,2.0,0.0028411823918707687,4344,50.324,0.030138335056367843,0.017264136407991373,72,cwpb-2m,0,2.0,57.203,-82.0,3,1.0,6833500.0,58.5,-51.0,-48.0,31.0,7983353.0,9396.0,65.0,9396.0,,3,11.0,-48.0,37,0.0634978241975763,0.06576419742338897,0.0018116064706453895,21,337.098,0.12926202162096528
2026-07-15T19:55:19.571000Z,8,-43,20.0,3.0,3,2.0,0.34742267385555564,482184,28.996,0.041490670998867725,0.027908171126290387,72,cwpb-2m,0,2.0,51.585,-86.0,4,0.0,3279124.0,52.0,-50.0,-51.0,36.0,6896214.0,5771.0,58.5,5771.0,,2,11.0,-45.0,34,0.05612557353024779,0.026728401859104838,0.1444448115401944,1237,632.919,0.08285397538935263
2026-07-15T19:55:33.836000Z,8,-35,160.0,1.0,2,2.0,0.004023751826872341,5792,5.164,0.012222714517796485,0.0063592008628216325,65,cwpb-2m,0,2.0,101.46,-83.0,3,0.0,7040118.0,104.0,-48.0,-48.0,35.0,6184115.0,15493.0,117.0,15450.0,4.0,1,11.0,-35.0,87,0.05120350687216185,0.07179391615915764,0.005379784465037084,42,2.622,0.1229974230313195
2026-07-15T19:56:35.079000Z,8,-38,20.0,2.0,4,2.0,0.002111586040113864,4344,22.552,0.01660020676414119,0.01657850136099841,72,cwpb-2m,0,2.0,57.203,-87.0,3,17.0,7428492.0,52.0,-51.0,-49.0,36.0,8353478.0,3534.0,65.0,3534.0,,3,11.0,-50.0,43,0.08122626417401427,0.06818242263854844,0.0018481171485456656,21,321.385,0.1494086868125627
2026-07-15T20:00:55.212000Z,8,-42,20.0,3.0,3,2.0,0.3934336720979922,609608,20.646,0.01056269384138237,0.010824302809306149,72,cwpb-2m,0,2.0,57.203,-84.0,5,8.0,6567184.0,58.5,-53.0,-53.0,32.0,7307955.0,7997.0,65.0,7997.0,,2,11.0,-45.0,34,0.059073646672010385,0.06477220924644522,0.004021669353053109,42,326.263,0.12384585591845561
2026-07-15T20:01:19.262000Z,8,-34,160.0,1.0,3,2.0,0.0009163845471688234,2896,3.062,0.010369713976271353,0.00492527348364234,65,cwpb-2m,0,2.0,101.46,-82.0,4,0.0,8181112.0,117.0,-45.0,-45.0,37.0,9644648.0,21576.0,117.0,21576.0,4.0,2,161.0,-36.0,69,0.11623417811581382,0.11241405119174386,0.006668505923509899,63,2.349,0.22864822930755768
2026-07-15T20:02:10.759000Z,8,-40,20.0,2.0,2,2.0,0.0013543582634848177,2896,68.184,0.009018854920494264,0.018668789481793437,72,cwpb-2m,0,2.0,57.203,-85.0,3,3.0,8020358.0,58.5,-53.0,-54.0,34.0,8163868.0,2348.0,65.0,2348.0,,1,161.0,-50.0,26,0.0826948408154482,0.07593845212728693,0.008045277946137276,63,271.118,0.15863329294273515
2026-07-15T20:06:30.938000Z,8,-42,20.0,3.0,4,2.0,0.21935172305793085,334488,14.707,0.013085216363904889,0.009914745005392635,72,cwpb-2m,0,2.0,51.585,-87.0,3,18.0,6607315.0,52.0,-52.0,-52.0,35.0,7355648.0,6980.0,58.5,6980.0,,3,11.0,-44.0,39,0.06054443702559601,0.06714930003452516,0.1352332327557065,1189,294.595,0.12769373706012116
2026-07-15T20:07:03.775000Z,8,-39,160.0,1.0,1,2.0,0.001408632451766391,4344,2.723,0.009056269384138237,0.004698782805197473,58,cwpb-2m,0,2.0,101.46,-80.0,3,0.0,8075549.0,78.0,-46.0,-45.0,34.0,9799460.0,22728.0,117.0,22724.0,4.0,0,161.0,-32.0,67,0.1132187921931408,0.11256924272394249,0.004563486999637819,42,2.793,0.22578803491708327
2026-07-15T20:07:46.545000Z,8,-38,20.0,2.0,4,2.0,0.002040213349662483,4344,40.994,0.017149608625018464,0.012074880591649122,72,cwpb-2m,0,2.0,57.203,-89.0,3,3.0,7720865.0,52.0,-52.0,-53.0,38.0,8201764.0,1643.0,65.0,1643.0,,3,161.0,-49.0,33,0.0841631239763383,0.07080158048728806,0.004659588691356109,42,292.351,0.15496470446362637
2026-07-15T20:12:07.080000Z,8,-46,20.0,3.0,4,2.0,0.3887211147846331,516936,25.499,0.012470831487224927,0.00911458065841508,72,cwpb-2m,0,2.0,45.234,-86.0,3,1.0,5833860.0,39.0,-57.0,-57.0,30.0,7052895.0,8178.0,52.0,8178.0,,3,11.0,-44.0,39,0.051684275509655125,0.051177401754291425,0.2635396347681964,2315,386.812,0.10286167726394654
2026-07-15T20:12:47.763000Z,8,-37,160.0,1.0,1,2.0,0.0006980093460685329,2896,2.696,0.0059233003495298584,0.00245133788711417,58,cwpb-2m,0,2.0,114.187,-81.0,3,0.0,8259655.0,117.0,-48.0,-47.0,33.0,9761221.0,12956.0,130.0,12956.0,4.0,0,11.0,-35.0,69,0.15226147664475648,0.1366396786934791,0.002068898230355999,21,1.966,0.28890115533823557
2026-07-15T20:13:22.291000Z,8,-38,20.0,2.0,4,2.0,0.001975747299540126,4344,48.186,0.01113572588982425,0.017716090596271376,72,cwpb-2m,0,2.0,57.203,-87.0,4,2.0,7619579.0,52.0,-53.0,-50.0,35.0,8264757.0,1080.0,65.0,1080.0,,3,11.0,-49.0,45,0.0841799465076148,0.06659457421295796,0.12456488011556986,1182,282.725,0.15077452072057276
2026-07-15T20:17:42.596000Z,8,-46,20.0,3.0,4,2.0,0.35403612843804877,490872,22.361,0.017882144439521488,0.01545323814904217,72,cwpb-2m,0,2.0,51.585,-84.0,3,1.0,6690141.0,58.5,-53.0,-54.0,31.0,7526338.0,9363.0,58.5,9363.0,,3,11.0,-44.0,38,0.056119964338409864,0.0711468757967462,0.12497139067850126,1188,231.904,0.12726684013515605
2026-07-15T20:18:33.191000Z,8,-36,160.0,1.0,3,2.0,0.0008425071053162236,2896,2.402,0.011992320189041498,0.006044373683940219,52,cwpb-2m,0,2.0,101.46,-81.0,3,0.0,9189619.0,104.0,-46.0,-47.0,34.0,9660209.0,17205.0,117.0,17205.0,4.0,2,161.0,-36.0,91,0.12614655267460298,0.10103903821083873,0.005562135252126405,63,2.722,0.2271855908854417
2026-07-15T20:18:58.658000Z,8,-40,20.0,2.0,4,2.0,0.0016276289199800222,2896,57.679,0.018982917343573078,0.015715679728827488,72,cwpb-2m,0,2.0,51.585,-88.0,3,1.0,7690092.0,26.0,-52.0,-51.0,36.0,8040981.0,6819.0,58.5,6819.0,,3,11.0,-49.0,39,0.06792111759493967,0.06057745935624089,0.15303198624762937,1200,349.839,0.12849857695118055
2026-07-15T20:23:18.394000Z,8,-44,20.0,3.0,4,2.0,0.32582626997796543,357656,15.191,0.01896519470289962,0.014765035180524883,72,cwpb-2m,0,2.0,45.234,-88.0,3,0.0,6528209.0,52.0,-56.0,-57.0,33.0,6094384.0,5938.0,52.0,5938.0,,3,11.0,-44.0,38,0.04428753061439579,0.06062039852789293,0.005053456674549813,42,372.735,0.10490792914228872
2026-07-15T20:24:18.958000Z,8,-41,160.0,1.0,3,2.0,0.0008243046883787009,2896,2.413,0.016962536306798604,0.009952236659647682,65,cwpb-2m,0,2.0,114.187,-85.0,3,0.0,7660024.0,144.4,-48.0,-48.0,37.0,8943359.0,13596.0,130.0,13596.0,4.0,2,11.0,-34.0,83,0.12936667018291442,0.07719438652294006,0.005387390192367486,42,1.87,0.20656105670585448
2026-07-15T20:24:34.678000Z,8,-40,20.0,2.0,4,2.0,0.14801642740277765,160728,21.14,0.012484615763304289,0.017163987468542963,72,cwpb-2m,0,2.0,57.203,-89.0,3,5.0,6972880.0,52.0,-52.0,-53.0,37.0,5752683.0,6138.0,65.0,6111.0,,3,11.0,-50.0,51,0.04430080757970439,0.04882152538719039,0.14341725163870855,1227,381.638,0.09312233296689479
2026-07-15T20:28:55.297000Z,8,-47,20.0,3.0,3,2.0,0.30926573704906585,308424,36.574,0.04947570521341013,0.021622926403369113,72,cwpb-2m,0,2.0,45.234,-85.0,4,9.0,6679501.0,58.5,-60.0,-62.0,26.0,7331262.0,8322.0,52.0,8322.0,,2,11.0,-44.0,35,0.03987869698201816,0.018691492014147857,0.10581616348706058,1204,726.709,0.05857018899616602
2026-07-15T20:30:03.922000Z,8,-39,160.0,1.0,3,2.0,0.0014821822325953343,4344,2.05,0.039104022054841724,0.016371013301833496,65,cwpb-2m,0,2.0,90.195,-85.0,3,0.0,4673195.0,144.4,-47.0,-48.0,38.0,8285224.0,13386.0,104.0,13386.0,4.0,2,11.0,-36.0,95,0.10508851676962917,0.034475161382698426,0.013981932129076951,63,10.415,0.1395636781523276
2026-07-15T20:34:31.286000Z,8,-44,20.0,3.0,3,2.0,0.0031495623124590194,4344,36.904,0.02140698075124305,0.027697087976991424,72,cwpb-2m,0,2.0,51.585,-85.0,3,4.0,6979190.0,52.0,-54.0,-50.0,31.0,7712928.0,9085.0,58.5,9085.0,,2,11.0,-44.0,35,0.05317159597602421,0.05353820208228624,0.010698037732657576,84,493.395,0.10670979805831045
2026-07-15T20:35:46.530000Z,8,-35,20.0,2.0,4,2.0,0.007376455820865209,5792,43.375,0.03424408014571949,0.028817215345899032,72,cwpb-2m,0,2.0,57.203,-86.0,3,10.0,5934487.0,72.2,-49.0,-49.0,38.0,4779988.0,5203.0,65.0,5203.0,,3,11.0,-48.0,40,0.031007466728124634,0.061115258924039,0.0039410264639305245,42,313.75,0.09212272565216363
2026-07-15T20:35:49.330000Z,8,-36,160.0,1.0,3,2.0,0.0030324142447993967,4344,3.114,0.3559308817013735,0.08200571790526083,65,cwpb-2m,0,2.0,114.187,-87.0,3,0.0,4182399.0,78.0,-46.0,-47.0,42.0,4872863.0,11111.0,130.0,11110.0,4.0,2,11.0,-37.0,86,0.0520512695560193,0.017551663418162698,0.006216069229931988,63,18.869,0.06960293297418199
2026-07-15T20:40:06.932000Z,8,-44,20.0,3.0,3,2.0,0.002604147928089618,4344,75.725,0.025723428346379165,0.01600688202968517,72,cwpb-2m,0,2.0,57.203,-87.0,3,6.0,6630927.0,52.0,-51.0,-49.0,36.0,8339492.0,9482.0,65.0,9482.0,,2,11.0,-44.0,35,0.0649940023450769,0.06670258714100925,0.0040241073957225535,42,308.538,0.13169658948608615
2026-07-15T20:41:22.322000Z,8,-34,20.0,2.0,4,2.0,0.002254822554335658,4344,51.923,0.014256879830650323,0.013204252478044272,72,cwpb-2m,0,2.0,57.203,-86.0,3,6.0,5523613.0,72.2,-49.0,-49.0,39.0,8013819.0,964.0,65.0,964.0,,3,11.0,-49.0,44,0.07530384776830268,0.059666221553047016,0.0066383881472246095,63,348.036,0.1349700693213497
2026-07-15T20:41:37.833000Z,8,-34,160.0,1.0,4,2.0,0.00697144498972598,8688,6.419,0.006265938069216758,0.0037137281084690054,58,cwpb-2m,0,2.0,114.187,-83.0,3,0.0,8357822.0,117.0,-46.0,-46.0,37.0,4577203.0,6472.0,130.0,6436.0,4.0,3,11.0,-38.0,92,0.03690491339760796,0.14228054339621807,0.0034214581212721083,42,2.114,0.17918545679382603
2026-07-15T20:45:42.635000Z,8,-43,20.0,3.0,4,2.0,0.40846981172187646,525624,24.066,0.013043863535666814,0.015102460068820297,72,cwpb-2m,0,2.0,57.203,-85.0,3,2.0,6018028.0,72.2,-51.0,-51.0,35.0,7639152.0,7217.0,65.0,7217.0,,3,11.0,-43.0,51,0.051684275509655125,0.05666132053179681,0.0021086276569626233,21,271.638,0.10834559604145194
2026-07-15T20:47:23.305000Z,8,-34,160.0,1.0,3,2.0,0.0007049238940858332,2896,2.477,0.008558066262984295,0.004490267577422834,58,cwpb-2m,0,2.0,114.187,-83.0,4,0.0,8949572.0,117.0,-46.0,-45.0,37.0,9841119.0,14146.0,130.0,14146.0,4.0,2,11.0,-37.0,72,0.15094489476182096,0.15155964776959457,0.004442407456394904,42,1.985,0.30250454253141557
2026-07-16T12:01:36.058000Z,8,-34,160.0,1.0,4,2.0,0.0014073167244529965,4344,1.626,0.003975779057746271,0.002307020697447486,58,cwpb-2m,0,2.0,114.187,-83.0,3,0.0,10643550.0,117.0,-46.0,-47.0,37.0,10971583.0,17318.0,130.0,17318.0,4.0,3,11.0,-38.0,83,0.11518467367953925,0.0863053579600552,0.01001775727745548,105,2.174,0.20149003163959445
2026-07-16T12:03:45.077000Z,8,-39,160.0,1.0,4,2.0,0.0009349698455937592,2896,1.87,0.027982080441096832,0.012647013507267218,39,cwpb-2m,0,2.0,114.187,-79.0,3,0.0,5699251.0,78.0,-49.0,-48.0,30.0,8046160.0,14275.0,130.0,14275.0,4.0,3,11.0,-35.0,79,0.11425892388804136,0.07431617102682499,0.00480629597299174,42,7.364,0.18857509491486635
2026-07-16T12:05:10.203000Z,8,-38,20.0,2.0,4,2.0,0.0031745361761659125,5792,49.473,0.02185792349726776,0.017559447383287966,72,cwpb-2m,0,2.0,57.203,-84.0,4,6.0,8527330.0,52.0,-47.0,-45.0,37.0,7794026.0,2217.0,65.0,2217.0,,3,8.0,-48.0,29,0.07368740757456566,0.062376597020877216,0.0019287351746899294,21,294.834,0.13606400459544288
2026-07-16T12:06:27.344000Z,8,-46,20.0,3.0,4,2.0,0.0024168164044744544,4344,59.132,0.04661448333579481,0.01891428277951826,72,cwpb-2m,0,2.0,57.203,-87.0,3,7.0,7788410.0,58.5,-49.0,-46.0,37.0,7532435.0,2462.0,65.0,2462.0,,3,11.0,-43.0,47,0.07089546130136562,0.06225968798035875,0.004311627955153764,42,308.658,0.13315514928172437
2026-07-16T12:09:32.640000Z,8,-28,160.0,1.0,4,2.0,0.004472523938263182,5792,3.55,0.04340077782700733,0.02057932309588619,58,cwpb-2m,0,2.0,90.195,-79.0,3,0.0,3772575.0,78.0,-40.0,-40.0,39.0,6100325.0,7208.0,104.0,7208.0,4.0,3,11.0,-33.0,91,0.04641890686596413,0.017252303550644214,0.00207691673012847,21,7.049,0.06367121041660834
2026-07-16T12:10:46.130000Z,8,-30,20.0,2.0,4,2.0,0.0014339262596508241,2896,53.697,0.026776940875301528,0.01652817009912177,72,cwpb-2m,0,2.0,57.203,-87.0,3,6.0,6977876.0,58.5,-44.0,-41.0,43.0,7686431.0,1851.0,65.0,1851.0,,3,161.0,-47.0,44,0.07826476005747776,0.07249974121982239,0.003478720534675644,42,250.611,0.15076450127730015
2026-07-16T12:12:02.992000Z,8,-37,20.0,3.0,4,2.0,0.003588244120859501,5792,30.055,0.016294983508098267,0.01628832622875045,72,cwpb-2m,0,2.0,57.203,-85.0,3,9.0,7606153.0,58.5,-41.0,-39.0,43.0,6697042.0,2194.0,65.0,2194.0,,3,11.0,-43.0,47,0.06498101133921143,0.07412602483615652,0.10907400015982495,1191,258.917,0.13910703617536796
2026-07-16T12:15:16.955000Z,8,-38,160.0,1.0,4,2.0,0.0013041740318696325,2896,2.585,0.007413971348397578,0.006291921318884495,58,cwpb-2m,0,2.0,90.195,-79.0,3,0.0,5772064.0,58.5,-39.0,-38.0,40.0,8638295.0,9542.0,104.0,9542.0,4.0,3,161.0,-37.0,100,0.08152198865852132,0.05287663404818304,0.00859336656592619,63,7.9,0.13439862270670436
2026-07-16T12:16:21.771000Z,8,-31,20.0,2.0,4,2.0,0.002282477575433127,4344,38.978,0.03689656869984738,0.02021108314929896,72,cwpb-2m,0,2.0,57.203,-85.0,3,11.0,7017424.0,58.5,-43.0,-41.0,41.0,7472539.0,2683.0,65.0,2683.0,,3,161.0,-49.0,45,0.07383467929950732,0.07260517727080974,0.004656741627727905,42,285.943,0.14643985657031705
2026-07-16T12:17:38.695000Z,8,-37,20.0,3.0,4,2.0,0.0027575822759729742,4344,50.818,0.012340865455619552,0.01063273586359201,72,cwpb-2m,0,2.0,57.203,-90.0,3,15.0,5579169.0,58.5,-42.0,-39.0,49.0,6495110.0,3592.0,65.0,3592.0,,3,161.0,-41.0,45,0.06055653986158313,0.0526451365083018,0.13116204292292158,1217,290.191,0.11320167636988493
2026-07-16T12:21:02.393000Z,8,-30,160.0,1.0,4,2.0,0.0014212068783576756,2896,4.389,0.0027056564761482795,0.003259719582969545,58,cwpb-2m,0,2.0,114.187,-83.0,3,0.0,5715372.0,117.0,-40.0,-40.0,43.0,8603326.0,10752.0,130.0,10752.0,4.0,3,11.0,-37.0,94,0.07670087673481396,0.05411754875518701,0.007397429269076903,63,3.4,0.13081842549000097
2026-07-16T12:21:57.511000Z,8,-30,20.0,2.0,3,2.0,0.0016778750561385906,2896,62.029,0.02859055777088564,0.021098556828103337,72,cwpb-2m,0,2.0,57.203,-84.0,3,2.0,7614315.0,72.2,-46.0,-46.0,40.0,6696831.0,1661.0,65.0,1661.0,,2,11.0,-51.0,40,0.06792111759493967,0.0812432102846047,0.004542633519231519,42,282.442,0.14916432787954437
2026-07-16T12:23:14.669000Z,8,-41,20.0,3.0,4,2.0,0.0022736019542046247,4344,25.891,0.03043371240092552,0.016067484977659082,72,cwpb-2m,0,2.0,57.203,-86.0,3,13.0,6135896.0,58.5,-43.0,-40.0,43.0,7494607.0,1884.0,65.0,1884.0,,3,161.0,-41.0,45,0.07531889950681322,0.0627040818789363,0.0023290560008564433,21,322.993,0.13802298138574953
2026-07-16T12:26:47.747000Z,8,-28,160.0,1.0,4,2.0,0.0020197333497416503,2896,2.741,0.015095751489194113,0.006524575008987726,52,cwpb-2m,0,2.0,114.187,-81.0,3,0.0,5665050.0,117.0,-39.0,-39.0,42.0,6564223.0,7230.0,130.0,7230.0,4.0,3,161.0,-35.0,95,0.05336510954211994,0.07136016815789054,0.008890188831472079,84,2.917,0.12472527770001048
2026-07-16T12:27:33.284000Z,8,-30,20.0,2.0,4,2.0,0.0036986466109249646,5792,26.892,0.028454684192389113,0.018139797647783885,72,cwpb-2m,0,2.0,57.203,-85.0,4,1.0,7210073.0,58.5,-44.0,-42.0,41.0,6360323.0,2047.0,65.0,2047.0,,3,161.0,-50.0,38,0.06202113061158615,0.07597466318295629,0.004215268365275797,42,238.264,0.13799579379454244
2026-07-16T12:28:51.228000Z,8,-39,20.0,3.0,4,2.0,0.002266826429475782,4344,35.112,0.02540048244966278,0.015012582815469161,72,cwpb-2m,0,2.0,57.203,-89.0,3,5.0,6989045.0,72.2,-42.0,-40.0,47.0,7866831.0,3309.0,65.0,3309.0,,3,161.0,-39.0,48,0.07531889950681322,0.06331923454600462,0.0023284235062422886,21,331.683,0.13863813405281783
2026-07-16T12:32:32.435000Z,8,-37,160.0,1.0,3,2.0,0.0013998764632650314,2896,3.185,0.00954265741150987,0.004853885265266294,52,cwpb-2m,0,2.0,90.195,-83.0,3,0.0,5547314.0,104.0,-40.0,-39.0,43.0,8853042.0,8971.0,104.0,8971.0,4.0,2,161.0,-37.0,96,0.07703503545032375,0.06654569436773573,0.009864421072729251,84,2.194,0.14358072981805947
2026-07-16T12:33:10.057000Z,8,-30,20.0,2.0,4,2.0,0.0025802202999778466,4344,49.077,0.03266873430807857,0.019706229777618003,72,cwpb-2m,0,2.0,57.203,-88.0,4,3.0,6856825.0,58.5,-44.0,-43.0,44.0,6626321.0,1612.0,65.0,1612.0,,3,161.0,-49.0,44,0.06645121136955659,0.07431021633013365,0.001887860144840995,21,223.806,0.14076142769969024
2026-07-16T12:34:26.660000Z,8,-38,20.0,3.0,4,2.0,0.002275913546549558,4344,41.636,0.02361049574164329,0.020651224898567102,72,cwpb-2m,0,2.0,57.203,-86.0,3,1.0,6913767.0,58.5,-42.0,-39.0,44.0,7588553.0,2280.0,65.0,2280.0,,3,161.0,-39.0,48,0.07533395726361188,0.07034300605849271,0.002217087462965375,21,302.995,0.14567696332210459
2026-07-16T12:38:46.095000Z,8,-29,20.0,2.0,4,2.0,0.0024950915915473225,4344,32.635,0.01982572736671097,0.0194504647937959,72,cwpb-2m,0,2.0,57.203,-86.0,3,2.0,6818861.0,52.0,-42.0,-41.0,44.0,6757727.0,2797.0,65.0,2797.0,,3,161.0,-50.0,36,0.06792111759493967,0.05654922539566709,0.003854941097558421,42,451.404,0.12447034299060676
2026-07-16T12:40:02.323000Z,8,-38,20.0,3.0,4,2.0,0.2922498846030367,431504,7.941,0.0348525574755083,0.011959837707359663,72,cwpb-2m,0,2.0,57.203,-89.0,3,3.0,6387118.0,72.2,-39.0,-38.0,50.0,5891122.0,2274.0,65.0,2274.0,,3,161.0,-42.0,40,0.05758529535223146,0.06756856974006376,0.007183270506900227,63,347.21,0.1251538650922952
2026-07-16T12:44:05.516000Z,8,-31,160.0,1.0,3,2.0,0.003321220796053167,7240,4.041,0.071953921134249,0.02084125109136665,65,cwpb-2m,0,2.0,114.187,-83.0,3,0.0,6561291.0,117.0,-41.0,-41.0,42.0,6022081.0,8182.0,130.0,8182.0,4.0,2,11.0,-38.0,83,0.08228181507235566,0.09294699462170415,0.00726061626193633,84,2.288,0.1752288096940598
2026-07-16T12:44:22.044000Z,8,-33,20.0,2.0,4,2.0,0.14676079453931143,176656,39.655,0.030857086594791514,0.025473781521236714,72,cwpb-2m,0,2.0,57.203,-85.0,3,5.0,6630601.0,52.0,-46.0,-43.0,40.0,5533823.0,3018.0,65.0,2992.0,,3,11.0,-38.0,46,0.04725891733760831,0.059353709472573506,0.004429974721484329,42,251.731,0.10661262681018181
2026-07-16T12:45:38.236000Z,8,-41,20.0,3.0,4,2.0,0.39844758949544706,582096,33.405,0.02901393196475164,0.011532535565713112,72,cwpb-2m,0,2.0,57.203,-83.0,4,5.0,6682812.0,72.2,-44.0,-45.0,38.0,6073457.0,2708.0,65.0,2708.0,,3,161.0,-42.0,40,0.05760256230735957,0.06759454025615655,0.20729103436071034,2006,363.869,0.12519710256351613
2026-07-16T12:49:50.745000Z,8,-30,160.0,1.0,3,2.0,0.0015325423716540446,4344,1.807,0.08632895190272238,0.020743670073442556,65,cwpb-2m,0,2.0,114.187,-85.0,3,0.0,2517029.0,130.0,-41.0,-42.0,44.0,7025635.0,8846.0,130.0,8844.0,4.0,2,161.0,-40.0,98,0.10284440261786817,0.0021958615537098387,0.11645977298225918,1231,11.645,0.10504026417157801
2026-07-16T12:49:57.787000Z,8,-34,20.0,2.0,3,2.0,0.0031771499606257324,4344,21.774,0.017053118692462954,0.018961532535565716,72,cwpb-2m,0,2.0,57.203,-88.0,3,10.0,5477727.0,52.0,-46.0,-47.0,42.0,5825311.0,2197.0,65.0,2197.0,,2,11.0,-49.0,39,0.0559187774517157,0.046701077172147214,0.4113864600100413,4679,290.879,0.10261985462386292
2026-07-16T12:51:14.109000Z,8,-42,20.0,3.0,4,2.0,0.3438188888981212,495216,24.939,0.02498498498498499,0.01172358892712239,72,cwpb-2m,0,2.0,57.203,-81.0,3,2.0,5314259.0,58.5,-51.0,-51.0,32.0,5604682.0,2253.0,65.0,2253.0,,3,11.0,-47.0,36,0.054648584753136,0.04685269118605481,0.11838046866761291,1180,400.197,0.10150127593919081
2026-07-16T12:55:33.659000Z,8,-35,20.0,2.0,4,2.0,0.005033660009671243,4344,43.105,0.020184118544774282,0.01977813158029891,72,cwpb-2m,0,2.0,57.203,-82.0,3,8.0,5051439.0,52.0,-48.0,-47.0,34.0,3734293.0,1828.0,65.0,1828.0,,3,11.0,-54.0,38,0.03397074187357103,0.04247786307190092,0.23079624475043622,2355,437.654,0.07644860494547195
2026-07-16T12:55:36.993000Z,8,-30,160.0,1.0,4,2.0,0.004748563423665839,7240,1.874,0.3546867523260966,0.0843450944139147,58,cwpb-2m,0,2.0,114.187,-87.0,3,0.0,2921630.0,117.0,-41.0,-41.0,46.0,3975778.0,3236.0,130.0,3236.0,4.0,3,11.0,-39.0,87,0.05473265542482163,0.014999976476585474,0.00762606877533052,63,19.019,0.0697326319014071
2026-07-16T12:56:50.273000Z,8,-41,20.0,3.0,4,2.0,0.001530255725840518,2896,18.622,0.03112489538719046,0.015697190693852395,72,cwpb-2m,0,2.0,57.203,-88.0,3,4.0,5953765.0,26.0,-52.0,-51.0,36.0,7368277.0,2537.0,65.0,2537.0,,3,11.0,-47.0,36,0.07384205834001298,0.04550005156960222,0.005060042682953462,42,374.855,0.11934210990961519
2026-07-16T13:01:10.237000Z,8,-35,20.0,2.0,4,2.0,0.0024920757790121,4344,18.478,0.006793678924826464,0.014960710800677929,72,cwpb-2m,0,2.0,57.203,-86.0,4,5.0,5643687.0,52.0,-46.0,-45.0,40.0,7230058.0,3178.0,65.0,3178.0,,3,11.0,-51.0,30,0.06937686720658871,0.04126348715879379,0.0043168741249406005,42,673.531,0.1106403543653825
2026-07-16T13:01:22.697000Z,8,-31,160.0,1.0,4,2.0,0.0036769582186278716,4344,11.423,0.007681780140796534,0.0033275127112115457,65,cwpb-2m,0,2.0,114.187,-81.0,4,0.0,4984144.0,117.0,-41.0,-42.0,40.0,3787594.0,4143.0,130.0,4143.0,4.0,3,11.0,-37.0,95,0.04331511580785539,0.06399501538354893,0.7349968846064219,9199,9.333,0.10731013119140431
2026-07-16T13:02:26.123000Z,8,-42,20.0,3.0,4,2.0,0.0045135216530029125,7240,42.692,0.011346428395608723,0.011924400390324072,72,cwpb-2m,0,2.0,57.203,-84.0,3,5.0,5692613.0,52.0,-51.0,-48.0,33.0,7049986.0,6021.0,65.0,6021.0,,3,11.0,-47.0,36,0.06201493345624927,0.03609613843539394,0.002391418229217045,21,353.482,0.09811107189164321
2026-07-16T13:06:47.185000Z,8,-38,20.0,2.0,4,2.0,0.003640641332006335,5792,45.894,0.022460493280165413,0.013370653792820092,72,cwpb-2m,0,2.0,57.203,-87.0,4,6.0,6455307.0,26.0,-49.0,-50.0,38.0,6692831.0,3811.0,65.0,3811.0,,3,11.0,-48.0,38,0.06201493345624927,0.049634909626764555,0.10426263479095846,1162,382.867,0.11164984308301382
2026-07-16T13:07:06.919000Z,8,-32,160.0,1.0,4,2.0,0.2203547216731886,472048,4.646,0.013746861615714073,0.005490216218992348,65,cwpb-2m,0,2.0,114.187,-75.0,4,0.0,7625818.0,104.0,-42.0,-41.0,33.0,6184632.0,10266.0,130.0,10225.0,4.0,3,11.0,-37.0,96,0.07838792208289155,0.10419855758765939,0.006825854349436153,63,2.623,0.18258647967055094
2026-07-16T13:08:03.970000Z,8,-46,20.0,3.0,4,2.0,0.31726360689098815,328696,18.95,0.02586127110717275,0.014060397514251964,72,cwpb-2m,0,2.0,57.203,-86.0,3,5.0,6257703.0,19.5,-57.0,-57.0,29.0,5442582.0,7858.0,65.0,7858.0,,3,11.0,-46.0,37,0.03987471150360701,0.01927658890215623,0.10627185863874793,1185,1128.533,0.05915130040576324
2026-07-16T13:12:51.713000Z,8,-40,160.0,1.0,3,2.0,0.0013715448668860457,4344,4.911,0.009308324718160784,0.004662318319552154,39,cwpb-2m,0,2.0,114.187,-82.0,3,0.0,6446884.0,117.0,-41.0,-40.0,41.0,7955461.0,10306.0,130.0,10306.0,4.0,2,11.0,-37.0,67,0.11715189373978452,0.07615652815247755,0.011376675500766742,105,1.887,0.19330842189226205
2026-07-16T13:13:40.429000Z,8,-45,20.0,3.0,4,2.0,0.2862508363742824,276568,28.666,0.055970068429084835,0.022344512351702536,72,cwpb-2m,0,2.0,57.203,-87.0,3,1.0,5372129.0,52.0,-51.0,-49.0,37.0,4431519.0,3960.0,65.0,3960.0,,3,11.0,-46.0,37,0.03692102917000649,0.04315139319022144,0.31370528822652816,2390,496.014,0.08007242236022794
2026-07-16T13:18:00.122000Z,8,-38,20.0,2.0,4,2.0,0.004137050783800333,5792,35.698,0.02626101511347413,0.015154332083611523,72,cwpb-2m,0,2.0,57.203,-87.0,3,13.0,6822085.0,39.0,-49.0,-51.0,38.0,5903301.0,2409.0,65.0,2409.0,,3,11.0,-51.0,39,0.05599684515059125,0.0320672279668322,0.10430853728126316,1161,808.487,0.08806407311742345
2026-07-16T13:18:37.825000Z,8,-33,160.0,1.0,3,2.0,0.0025640452213156343,5792,5.034,0.007906266922660365,0.005147141903343434,65,cwpb-2m,0,2.0,114.187,-79.0,3,0.0,6205630.0,144.4,-42.0,-42.0,37.0,6483413.0,9319.0,130.0,9319.0,4.0,2,11.0,-38.0,85,0.0816681935109739,0.08394855456087669,0.011091412389917885,105,4.898,0.1656167480718506
2026-07-16T13:19:16.953000Z,8,-46,20.0,3.0,3,2.0,0.3204118042627624,347520,12.771,0.02619800127996849,0.009752452365055725,72,cwpb-2m,0,2.0,57.203,-83.0,3,1.0,5753986.0,52.0,-53.0,-48.0,30.0,4922499.0,4954.0,65.0,4954.0,,2,11.0,-46.0,44,0.04281555687232476,0.03463678881155778,0.13080992889828152,1181,515.606,0.07745234568388254
2026-07-16T13:23:36.490000Z,8,-34,20.0,2.0,4,2.0,0.0017109623174427922,2896,62.754,0.019849357554275582,0.01588516254943249,72,cwpb-2m,0,2.0,57.203,-83.0,4,7.0,6369892.0,52.0,-47.0,-49.0,36.0,6764290.0,2380.0,65.0,2380.0,,3,8.0,-52.0,43,0.06643793307774531,0.035822494381093924,0.11792229746434456,1206,632.315,0.10226042745883923
2026-07-16T13:24:23.598000Z,8,-31,160.0,1.0,4,2.0,0.002218678446835367,5792,3.642,0.006395904100822134,0.003731703559139233,39,cwpb-2m,0,2.0,114.187,-79.0,3,0.0,7162006.0,144.4,-42.0,-41.0,37.0,6982246.0,9405.0,130.0,9405.0,4.0,3,11.0,-38.0,92,0.09332386418888321,0.087852825386329,0.004045388086336295,42,4.072,0.1811766895752122
2026-07-16T13:24:53.338000Z,8,-42,20.0,3.0,3,2.0,0.2568581043776822,325800,10.52,0.036370797026534736,0.021175080889528016,72,cwpb-2m,0,2.0,57.203,-85.0,4,5.0,5645752.0,52.0,-52.0,-52.0,33.0,5552132.0,3627.0,65.0,3627.0,,2,11.0,-46.0,44,0.051694607198912425,0.0480873969831278,0.11530372220991239,1259,357.895,0.09978200418204022
2026-07-16T13:29:12.785000Z,8,-36,20.0,2.0,4,2.0,0.002407829136229435,4344,35.831,0.029616501747649283,0.016306301679420678,72,cwpb-2m,0,2.0,57.203,-86.0,4,8.0,6748809.0,52.0,-46.0,-46.0,40.0,7172468.0,3094.0,65.0,3094.0,,3,8.0,-52.0,33,0.06940459854153688,0.05591130152036855,0.0024604437882639624,21,391.407,0.12531590006190543
2026-07-16T13:30:08.458000Z,8,-30,160.0,1.0,3,2.0,0.0007556173855926337,2896,2.738,0.012925712597843746,0.0057696060808381695,65,cwpb-2m,0,2.0,114.187,-82.0,3,0.0,7998680.0,117.0,-41.0,-41.0,41.0,8590192.0,8311.0,130.0,8311.0,4.0,2,11.0,-38.0,82,0.1401175814503036,0.10007445318144269,0.007203218913946061,63,3.64,0.24019203463174627
2026-07-16T13:30:29.258000Z,8,-38,20.0,3.0,4,2.0,0.32971914220954124,432952,14.928,0.33390341160832965,0.06264495917004777,72,cwpb-2m,0,2.0,57.203,-85.0,3,11.0,7332825.0,58.5,-49.0,-49.0,37.0,5521399.0,2237.0,65.0,2208.0,,3,161.0,-43.0,42,0.051699774592674816,0.05648765541849671,0.14406860687781342,1164,439.484,0.10818743001117152
2026-07-16T13:34:48.477000Z,8,-35,20.0,2.0,4,2.0,0.002517297771845992,4344,43.107,0.017295328115000244,0.012560731344050127,72,cwpb-2m,0,2.0,57.203,-84.0,3,7.0,6567674.0,52.0,-53.0,-51.0,31.0,6811735.0,2992.0,65.0,2992.0,,3,8.0,-52.0,43,0.06643793307774531,0.03575667509140901,0.003696433486997584,42,611.979,0.10219460816915432
2026-07-16T13:35:54.135000Z,8,-30,160.0,1.0,3,2.0,0.0007829132527995222,2896,3.099,0.0188450745827795,0.009023676236454215,65,cwpb-2m,0,2.0,114.187,-84.0,3,0.0,4752220.0,144.4,-42.0,-43.0,42.0,8582412.0,10475.0,130.0,10475.0,4.0,2,11.0,-38.0,97,0.13492678005937514,0.046102238792050554,0.0201024535762249,105,2.866,0.1810290188514257
2026-07-16T13:36:05.029000Z,8,-43,20.0,3.0,4,2.0,0.7193612809436127,860112,20.072,0.03259587456308767,0.022904319244003903,72,cwpb-2m,0,2.0,57.203,-84.0,3,26.0,4352141.0,52.0,-56.0,-57.0,29.0,5531330.0,3385.0,65.0,3352.0,,3,161.0,-43.0,42,0.04873575850440856,0.030581148185943208,0.421315208173096,4576,435.952,0.07931690669035177
2026-07-16T13:40:24.832000Z,8,-39,20.0,2.0,4,2.0,0.0018256014235132506,2896,19.723,0.03242652488554128,0.018202968517282113,72,cwpb-2m,0,2.0,57.203,-83.0,3,2.0,6667244.0,39.0,-51.0,-50.0,32.0,6805047.0,4484.0,65.0,4484.0,,3,8.0,-50.0,36,0.062008737539228954,0.0349546234303442,0.001645187449332961,21,555.909,0.09696336096957316
2026-07-16T13:41:40.768000Z,8,-40,20.0,3.0,4,2.0,0.005968409069519734,5792,51.829,0.019553980209717922,0.01373838015510246,72,cwpb-2m,0,2.0,57.203,-86.0,3,1.0,5515589.0,52.0,-48.0,-47.0,39.0,4206309.0,1877.0,65.0,1877.0,,3,161.0,-48.0,39,0.039870726821733954,0.05171291139726377,0.0022120824280580085,21,324.457,0.09158363821899773
2026-07-16T13:41:42.821000Z,8,-30,160.0,1.0,3,2.0,0.002644064583982957,5792,1.725,0.07329577821381099,0.0181455754712136,52,cwpb-2m,0,2.0,114.187,-87.0,3,0.0,3723283.0,104.0,-40.0,-40.0,47.0,5673321.0,6758.0,130.0,6758.0,4.0,2,11.0,-39.0,94,0.07610006989268564,0.021225247832946496,0.009499727123030372,63,16.693,0.09732531772563213
2026-07-16T13:46:01.043000Z,8,-35,20.0,2.0,4,2.0,0.0025495731469344883,4344,41.752,0.014054054054054054,0.017596939037543016,72,cwpb-2m,0,2.0,57.203,-89.0,3,3.0,5644279.0,39.0,-47.0,-44.0,42.0,6798473.0,2177.0,65.0,2177.0,,3,161.0,-52.0,36,0.0679143315905841,0.045701986188882104,0.0021609303739280068,21,492.795,0.11361631777946621
2026-07-16T13:47:16.630000Z,8,-46,20.0,3.0,4,2.0,0.002385251237523021,4344,46.64,0.021284891448825873,0.015115299676441889,72,cwpb-2m,0,2.0,57.203,-83.0,3,15.0,4743882.0,58.5,-46.0,-44.0,37.0,7074641.0,1759.0,65.0,1759.0,,3,161.0,-48.0,39,0.07090254801281119,0.039001037924789025,0.13509848602516747,1223,473.414,0.10990358593760022
2026-07-16T13:51:36.832000Z,8,-35,20.0,2.0,4,2.0,0.0025241100940329576,4344,61.607,0.025126766110372664,0.018401725643264342,72,cwpb-2m,0,2.0,57.203,-87.0,3,8.0,5773585.0,52.0,-47.0,-46.0,40.0,6685429.0,2054.0,65.0,2054.0,,3,11.0,-51.0,35,0.06643793307774531,0.04868091622541811,0.0033440060417912823,42,399.331,0.11511884930316343
2026-07-16T13:52:52.748000Z,8,-44,20.0,3.0,3,2.0,0.0015324556731644019,2896,39.001,0.02384679761728942,0.015155872836526117,72,cwpb-2m,0,2.0,57.203,-85.0,3,1.0,5997272.0,58.5,-45.0,-41.0,40.0,7353733.0,2429.0,65.0,2429.0,,2,161.0,-47.0,43,0.07384943885558919,0.056105380222462475,0.011625017274968279,105,368.388,0.12995481907805168
2026-07-16T13:53:11.695000Z,8,-37,160.0,1.0,4,2.0,0.17627046669198296,361136,3.55,0.02275980898931719,0.0060361563350624006,65,cwpb-2m,0,2.0,114.187,-80.0,3,0.0,7471670.0,144.4,-40.0,-40.0,40.0,5341768.0,3814.0,130.0,3798.0,4.0,3,11.0,-36.0,96,0.07646805874017466,0.09972715771849756,0.0021705035101962757,21,2.346,0.17619521645867223
2026-07-16T13:57:12.907000Z,8,-36,20.0,2.0,4,2.0,0.0027789044555304415,4344,30.39,0.014032393048786495,0.012672179138205536,72,cwpb-2m,0,2.0,57.203,-84.0,3,1.0,6821455.0,26.0,-47.0,-47.0,37.0,6398738.0,2161.0,65.0,2161.0,,3,8.0,-51.0,36,0.06203352863869492,0.05101113798969255,0.1160322967652813,1183,402.263,0.11304466662838747
2026-07-16T13:58:57.653000Z,8,-32,160.0,1.0,4,2.0,0.001567706396429799,5792,2.788,0.01983754246049328,0.006225668943557085,65,cwpb-2m,0,2.0,114.187,-80.0,3,0.0,8080865.0,144.4,-41.0,-41.0,39.0,8254611.0,7040.0,130.0,7039.0,4.0,3,11.0,-40.0,82,0.13516514352303036,0.10683911604734957,0.008868158756579406,84,1.891,0.2420042595703799
2026-07-16T14:02:49.449000Z,8,-35,20.0,2.0,4,2.0,0.00295286886907889,4344,47.963,0.06584945601339043,0.025181038467464435,72,cwpb-2m,0,2.0,57.203,-84.0,3,6.0,6772050.0,52.0,-46.0,-46.0,38.0,6337707.0,3223.0,65.0,3223.0,,3,11.0,-51.0,46,0.05893229397807935,0.050864568783143355,0.0036935804815420117,42,350.551,0.1097968627612227
2026-07-16T14:04:04.470000Z,8,-45,20.0,3.0,4,2.0,0.2622389188919819,225888,17.558,0.12165608231182001,0.03599198808484413,72,cwpb-2m,0,2.0,57.203,-83.0,3,2.0,6167256.0,58.5,-43.0,-39.0,40.0,3615897.0,1273.0,65.0,1273.0,,3,11.0,-52.0,43,0.03396734683640597,0.06254395294245316,0.2156553618784713,2305,309.154,0.09651129977885912
2026-07-16T14:04:41.742000Z,8,-31,160.0,1.0,3,2.0,0.0007206507297953546,2896,2.32,0.005486141879584502,0.0034322839094037285,65,cwpb-2m,0,2.0,114.187,-78.0,4,0.0,7407510.0,117.0,-40.0,-40.0,38.0,8724473.0,7258.0,130.0,7258.0,4.0,2,161.0,-39.0,76,0.14677164202859436,0.08981282824772417,0.009841445669258916,105,2.522,0.23658447027631851
2026-07-16T14:08:24.879000Z,8,-38,20.0,2.0,4,2.0,0.0036810518724349995,5792,44.136,0.008920395805641705,0.01360998407888655,72,cwpb-2m,0,2.0,57.203,-85.0,3,1.0,6517425.0,52.0,-50.0,-49.0,35.0,6712470.0,3557.0,65.0,3557.0,,3,8.0,-52.0,41,0.0634978241975763,0.04657471615676942,0.002162201910136266,21,329.266,0.11007254035434572
2026-07-16T14:09:40.232000Z,8,-39,20.0,3.0,4,2.0,0.23706350159731557,341728,23.028,0.015972037611381874,0.008541934158492118,72,cwpb-2m,0,2.0,57.203,-85.0,3,4.0,6341688.0,58.5,-48.0,-48.0,39.0,5699958.0,2217.0,65.0,2217.0,,3,11.0,-52.0,43,0.056119964338409864,0.0575027976344859,0.1640509246516929,1211,363.131,0.11362276197289577
2026-07-16T14:10:26.373000Z,8,-32,160.0,1.0,3,2.0,0.0018789873875403804,5792,2.486,0.012100625215379314,0.005490216218992348,39,cwpb-2m,0,2.0,114.187,-81.0,4,0.0,7627168.0,144.4,-41.0,-42.0,40.0,7279083.0,7712.0,130.0,7712.0,4.0,2,11.0,-37.0,94,0.11256255549976532,0.10483517224898124,0.004230781606720433,42,3.258,0.21739772774874655
2026-07-16T14:14:00.763000Z,8,-38,20.0,2.0,4,2.0,0.00252435407324654,4344,35.901,0.02547137301235661,0.01617533768168045,72,cwpb-2m,0,2.0,57.203,-89.0,3,14.0,6395892.0,72.2,-52.0,-47.0,37.0,6913546.0,3337.0,65.0,3337.0,,3,8.0,-52.0,42,0.06645121136955659,0.04980781882935585,0.14474490027759646,1204,386.056,0.11625903019891244
2026-07-16T14:15:16.127000Z,8,-41,20.0,3.0,4,2.0,0.27982386298463685,376480,14.134,0.03558312410771427,0.02014277643675209,72,cwpb-2m,0,2.0,57.203,-87.0,3,11.0,5412902.0,39.0,-50.0,-49.0,38.0,5692799.0,2373.0,65.0,2373.0,,3,11.0,-52.0,43,0.05465951119215492,0.0461319420410464,0.00981899870151589,84,436.452,0.10079145323320132
2026-07-16T14:16:11.685000Z,8,-31,160.0,1.0,4,2.0,0.0011904471686107474,4344,4.633,0.006291537439078423,0.003611011247496277,65,cwpb-2m,0,2.0,114.187,-77.0,3,0.0,7542750.0,144.4,-41.0,-42.0,36.0,7964432.0,7016.0,130.0,7016.0,4.0,3,161.0,-39.0,98,0.13383347699220255,0.09873279293181843,0.007395302450560708,63,2.584,0.23256626992402096
2026-07-16T14:19:36.498000Z,8,-34,20.0,2.0,4,2.0,0.0035559976901132512,5792,39.067,0.016816816816816814,0.014950439114580659,72,cwpb-2m,0,2.0,57.203,-88.0,3,8.0,7176978.0,52.0,-48.0,-49.0,40.0,6836524.0,2918.0,65.0,2918.0,,3,11.0,-52.0,46,0.06645785250601167,0.06390676151909107,0.12588472735267517,1164,281.984,0.13036461402510274
2026-07-16T14:20:52.019000Z,8,-42,20.0,3.0,4,2.0,0.3381180295061108,495216,21.176,0.014611332644119528,0.013271018437676545,72,cwpb-2m,0,2.0,57.203,-82.0,3,11.0,5663282.0,39.0,-54.0,-54.0,30.0,6121303.0,2935.0,65.0,2935.0,,3,11.0,-50.0,39,0.05907955108447135,0.0439873056475379,0.1302275271000283,1207,404.408,0.10306685673200924
2026-07-16T14:21:56.644000Z,8,-29,160.0,1.0,3,2.0,0.0011724192091471853,4344,4.251,0.010800964899325555,0.00497868625134816,65,cwpb-2m,0,2.0,114.187,-83.0,3,0.0,9115708.0,144.4,-40.0,-40.0,43.0,8300167.0,6917.0,130.0,6917.0,4.0,2,11.0,-37.0,88,0.1366480383256459,0.11612500611492621,0.009844129250492432,84,3.813,0.25277304444057214
2026-07-16T14:25:13.550000Z,8,-37,20.0,2.0,4,2.0,0.0031543809132374917,4344,80.517,0.021936690789149803,0.020065738791022542,72,cwpb-2m,0,2.0,57.203,-86.0,3,4.0,6609169.0,26.0,-49.0,-49.0,37.0,6013656.0,4821.0,65.0,4821.0,,3,11.0,-47.0,47,0.05316096909564528,0.016588092496028543,0.13793341909488965,1178,1266.859,0.06974906159167382
2026-07-16T14:26:29.163000Z,8,-43,20.0,3.0,4,2.0,0.30034917401366745,398200,21.691,0.037095456111849556,0.023964870833547324,72,cwpb-2m,0,2.0,57.203,-87.0,3,7.0,6135918.0,26.0,-55.0,-55.0,33.0,5758074.0,3832.0,65.0,3832.0,,3,11.0,-50.0,39,0.053176911009608384,0.03460586924209695,0.22955301093912378,2280,577.798,0.08778278025170533
2026-07-16T14:27:40.458000Z,8,-31,160.0,1.0,3,2.0,0.000752287178083739,2896,4.718,0.011511839708561018,0.0069755020286580045,65,cwpb-2m,0,2.0,114.187,-74.0,4,0.0,9062520.0,117.0,-42.0,-42.0,32.0,8631303.0,8575.0,130.0,8575.0,4.0,2,11.0,-38.0,95,0.14134867303431758,0.10767515460490737,0.0040434008446842045,42,4.249,0.24902382763922495
2026-07-16T14:30:49.462000Z,8,-34,20.0,2.0,4,2.0,0.0038344077276229738,5792,60.966,0.040401713188598434,0.016893328539879824,72,cwpb-2m,0,2.0,57.203,-88.0,3,2.0,6953186.0,52.0,-46.0,-44.0,42.0,6212370.0,2923.0,65.0,2923.0,,3,11.0,-48.0,46,0.05906774343960586,0.06918443631225396,0.006045027196519901,63,270.589,0.12825217975185982
2026-07-16T14:32:04.503000Z,8,-43,20.0,3.0,3,2.0,0.0032103401863481417,5792,28.331,0.01389258110569586,0.01450105284782497,72,cwpb-2m,0,2.0,57.203,-85.0,3,7.0,9027447.0,58.5,-48.0,-42.0,38.0,7123171.0,2302.0,65.0,2302.0,,2,11.0,-44.0,39,0.06941847252425384,0.07075255377214205,0.0033422137079970175,42,314.276,0.14017102629639588
2026-07-16T14:33:24.862000Z,8,-32,160.0,1.0,4,2.0,0.0007494268027606796,2896,2.377,0.012069118298626494,0.004247855785527194,65,cwpb-2m,0,2.0,114.187,-77.0,3,0.0,8427972.0,144.4,-41.0,-41.0,36.0,8751849.0,9054.0,130.0,9054.0,4.0,3,11.0,-40.0,97,0.14229139181784878,0.10607250254381832,0.005911086860498349,42,2.608,0.24836389436166711
2026-07-16T14:36:25.568000Z,8,-34,20.0,2.0,4,2.0,0.0017374268479258867,2896,50.726,0.028750061536946776,0.021847876328899393,72,cwpb-2m,0,2.0,57.203,-88.0,4,10.0,5909610.0,58.5,-47.0,-45.0,41.0,6387757.0,1931.0,65.0,1931.0,,3,11.0,-50.0,40,0.06349147949092186,0.05340602204554349,0.0036888132042820257,42,401.353,0.11689750153646536
2026-07-16T14:37:40.267000Z,8,-38,20.0,3.0,3,2.0,0.0041714122407695625,5792,30.924,0.0407620735489588,0.024189820759077604,72,cwpb-2m,0,2.0,57.203,-81.0,4,24.0,7117167.0,58.5,-45.0,-44.0,36.0,5818015.0,2650.0,65.0,2650.0,,2,11.0,-44.0,39,0.054648584753136,0.06839939136611742,0.1114902580245452,1165,267.829,0.12304797611925342
2026-07-16T14:39:09.963000Z,8,-31,160.0,1.0,4,2.0,0.00038078890895385165,1448,4.479,0.00541328213459361,0.0031677879923989525,65,cwpb-2m,0,2.0,114.187,-78.0,3,0.0,8543970.0,144.4,-42.0,-42.0,36.0,8550297.0,9059.0,130.0,9059.0,4.0,3,11.0,-41.0,94,0.13965482085569444,0.0982376203749467,0.0018161473186089467,21,6.55,0.23789244123064113
2026-07-16T14:42:01.291000Z,8,-34,20.0,2.0,4,2.0,0.004406001679513448,7240,31.209,0.02348446807463201,0.021141184325407018,72,cwpb-2m,0,2.0,57.203,-88.0,4,6.0,6205955.0,39.0,-46.0,-45.0,42.0,6610404.0,2547.0,65.0,2547.0,,3,11.0,-50.0,45,0.06497451778356644,0.04592171127684112,0.10812546999919322,1206,452.803,0.11089622906040757
2026-07-16T14:43:16.072000Z,8,-38,20.0,3.0,4,2.0,0.4085025267490951,570512,23.465,0.02139910402205484,0.0253058394535463,72,cwpb-2m,0,2.0,51.585,-83.0,4,1.0,5949688.0,52.0,-47.0,-47.0,36.0,5929774.0,2792.0,58.5,2792.0,,3,11.0,-42.0,29,0.05613118384347552,0.0566000409598914,0.12273616277561475,1166,341.114,0.11273122480336692
2026-07-16T14:44:54.292000Z,8,-31,160.0,1.0,5,2.0,0.0012792363433745343,4344,2.785,0.009981785063752276,0.0047373016280622465,65,cwpb-2m,0,2.0,114.187,-75.0,3,0.0,8060647.0,117.0,-42.0,-42.0,34.0,8109304.0,9314.0,130.0,9314.0,4.0,4,11.0,-39.0,90,0.12458813737273741,0.10313649211826577,0.00422799991345117,42,3.646,0.2277246294910032
2026-07-16T14:47:38.182000Z,8,-33,20.0,2.0,4,2.0,0.0025557275616970975,4344,36.875,0.025264608871166244,0.02006060294797391,72,cwpb-2m,0,2.0,57.203,-84.0,4,6.0,7093322.0,19.5,-45.0,-46.0,39.0,7115906.0,2521.0,65.0,2521.0,,3,11.0,-47.0,45,0.07088129212752703,0.04851558633078566,0.006327049988346882,63,403.097,0.11939687845831269
2026-07-16T14:48:51.702000Z,8,-40,20.0,3.0,4,2.0,0.5631114114198023,880384,24.594,0.029951262738147987,0.0184941708181398,72,cwpb-2m,0,2.0,57.203,-84.0,3,1.0,6432672.0,52.0,-48.0,-48.0,37.0,6202475.0,2426.0,65.0,2426.0,,3,11.0,-42.0,29,0.06055653986158313,0.053513993665193535,0.006491789885408179,63,358.122,0.11407053352677667
2026-07-16T14:50:39.785000Z,8,-33,160.0,1.0,4,2.0,0.000781238704413905,2896,5.12,0.013353025156303844,0.007030969133583278,65,cwpb-2m,0,2.0,114.187,-80.0,4,0.0,7912297.0,117.0,-42.0,-41.0,39.0,8506917.0,8462.0,130.0,8462.0,4.0,3,11.0,-38.0,96,0.1356911915982362,0.08549357516751975,0.00650615770164628,63,3.124,0.22118476676575594
2026-07-16T14:53:15.110000Z,8,-36,20.0,2.0,4,2.0,0.0016302197325006285,2896,84.254,0.008457637965834687,0.010849468440244467,72,cwpb-2m,0,2.0,57.203,-86.0,3,1.0,6477744.0,39.0,-49.0,-48.0,37.0,7277766.0,3371.0,65.0,3371.0,,3,11.0,-51.0,42,0.07085297076417571,0.04622813913137843,0.12124545327098155,1180,467.969,0.11708110989555415
2026-07-16T14:54:27.561000Z,8,-39,20.0,3.0,4,2.0,0.28901832057331345,444536,32.455,0.022153300841825433,0.016367931796004317,72,cwpb-2m,0,2.0,57.203,-84.0,3,0.0,6542475.0,52.0,-48.0,-48.0,37.0,6114959.0,1841.0,65.0,1841.0,,3,11.0,-43.0,48,0.06203352863869492,0.05853404793144834,0.13151315154077983,1187,278.131,0.12056757657014326
2026-07-16T14:56:24.548000Z,8,-39,160.0,1.0,3,2.0,0.0010566030795072531,2896,1.604,0.012065179934032394,0.005942170407272354,65,cwpb-2m,0,2.0,114.187,-80.0,3,0.0,4965542.0,117.0,-42.0,-43.0,38.0,6717771.0,7967.0,130.0,7967.0,4.0,2,11.0,-40.0,79,0.10062495133146966,0.042796095624666956,0.26057098415945384,2342,2.39,0.1434210469561366
2026-07-16T14:58:51.289000Z,8,-35,20.0,2.0,4,2.0,0.0020684434758918395,2896,29.005,0.021621621621621616,0.01830414462534025,72,cwpb-2m,0,2.0,57.203,-84.0,3,4.0,6443522.0,52.0,-47.0,-46.0,37.0,5870296.0,2208.0,65.0,2208.0,,3,11.0,-38.0,30,0.05607513113342611,0.04278945630240135,0.1283334868243467,1189,437.679,0.09886458743582746
2026-07-16T15:00:03.258000Z,8,-35,20.0,3.0,4,2.0,0.30991450516825475,419920,15.976,0.052104563579973416,0.02584470351919379,72,cwpb-2m,0,2.0,57.203,-86.0,4,1.0,5884579.0,58.5,-44.0,-45.0,43.0,5179835.0,1043.0,65.0,1043.0,,3,11.0,-43.0,48,0.053176911009608384,0.057835502079542814,0.206490085172811,2299,324.635,0.11101241308915119
2026-07-16T15:02:09.435000Z,8,-27,160.0,1.0,3,2.0,0.001506260847893875,4344,2.972,0.009942401417811256,0.0057793641826305794,65,cwpb-2m,0,2.0,114.187,-77.0,5,0.0,6516745.0,117.0,-39.0,-40.0,38.0,7909819.0,10947.0,130.0,10947.0,4.0,2,161.0,-37.0,91,0.1021565733278686,0.08780601708705245,0.0,0,4.997,0.18996259041492103
2026-07-16T15:04:26.943000Z,8,-28,20.0,2.0,4,2.0,0.002493503412493975,4344,45.647,0.02272436370797026,0.015464023419444304,72,cwpb-2m,0,2.0,57.203,-85.0,3,8.0,7408039.0,52.0,-40.0,-39.0,45.0,7018236.0,2864.0,65.0,2864.0,,3,161.0,-49.0,40,0.06936993783511382,0.06479063995612373,0.004227739317232724,42,260.186,0.13416057779123755
2026-07-16T15:05:39.400000Z,8,-34,20.0,3.0,4,2.0,0.0024999480571984045,4344,56.592,0.016826662728302078,0.01359714447126496,72,cwpb-2m,0,2.0,57.203,-84.0,4,11.0,6138645.0,52.0,-48.0,-45.0,36.0,6815735.0,2141.0,65.0,2141.0,,3,11.0,-44.0,50,0.06794148374714205,0.05518050612398451,0.0037777304581826745,42,438.668,0.12312198987112656
2026-07-16T15:07:53.888000Z,8,-30,160.0,1.0,4,2.0,0.0011114936081211965,4344,4.794,0.012195145965637769,0.0052092856042319355,65,cwpb-2m,0,2.0,114.187,-79.0,4,0.0,7824393.0,144.4,-41.0,-40.0,38.0,8742669.0,7842.0,130.0,7842.0,4.0,3,11.0,-37.0,86,0.14302603849081205,0.10966705152561133,0.0,0,8.184,0.25269309001642337
2026-07-16T15:10:02.996000Z,8,-36,20.0,2.0,4,2.0,0.002476792182948523,4344,32.212,0.011435041598976027,0.012209439679523397,72,cwpb-2m,0,2.0,57.203,-87.0,4,13.0,7204305.0,52.0,-47.0,-46.0,40.0,7493116.0,3582.0,65.0,3582.0,,3,8.0,-53.0,45,0.07234352712910046,0.05972232939476868,0.00648142984863412,63,312.102,0.13206585652386915
2026-07-16T15:11:15.094000Z,8,-41,20.0,3.0,4,2.0,0.0023814087103638565,4344,64.372,0.025481218923841874,0.015967336038210676,72,cwpb-2m,0,2.0,57.203,-87.0,3,6.0,5867878.0,52.0,-49.0,-45.0,38.0,7220819.0,2492.0,65.0,2492.0,,3,11.0,-44.0,50,0.07236521717321272,0.055716048775149636,0.0019255226614858362,21,289.7,0.12808126594836236
2026-07-16T15:13:38.657000Z,8,-29,160.0,1.0,3,2.0,0.0008481022246052287,2896,2.533,0.010340176241815586,0.004083508807970829,65,cwpb-2m,0,2.0,114.187,-78.0,3,0.0,7819606.0,104.0,-40.0,-40.0,38.0,8509438.0,11168.0,130.0,11168.0,4.0,2,11.0,-36.0,90,0.12528992817752632,0.08140847818846587,0.00467515064836234,42,3.545,0.20669840636599218
2026-07-16T15:15:39.035000Z,8,-35,20.0,2.0,4,2.0,0.0032743381222849343,5792,33.199,0.030049721853000547,0.020507421293205284,72,cwpb-2m,0,2.0,57.203,-87.0,3,18.0,6177676.0,52.0,-48.0,-48.0,40.0,7211375.0,2714.0,65.0,2714.0,,3,11.0,-50.0,39,0.0694115348396122,0.05256173001418031,0.004431214862562306,42,387.1,0.1219732648537925
2026-07-16T15:16:50.697000Z,8,-39,20.0,3.0,4,2.0,0.431403200652297,692144,15.399,0.022751932260128987,0.015960145857942584,72,cwpb-2m,0,2.0,57.203,-86.0,3,2.0,6552519.0,52.0,-48.0,-49.0,39.0,6472790.0,2566.0,65.0,2566.0,,3,11.0,-44.0,48,0.0634978241975763,0.06577724846475103,0.00384946041207102,42,303.472,0.12927507266232732
2026-07-16T15:19:24.078000Z,8,-33,160.0,1.0,3,2.0,0.0009093012933620306,2896,1.776,0.015790872840053167,0.008829027784910893,58,cwpb-2m,0,2.0,114.187,-79.0,3,0.0,7654301.0,117.0,-41.0,-40.0,38.0,8418903.0,11669.0,130.0,11669.0,4.0,2,11.0,-37.0,97,0.11657140819953585,0.10194571429262951,0.0052201104968967165,42,4.442,0.21851712249216537
2026-07-16T15:21:14.506000Z,8,-36,20.0,2.0,4,2.0,0.0025968112751873704,4344,53.924,0.03520897947127455,0.017518360638898875,72,cwpb-2m,0,2.0,57.203,-85.0,4,5.0,6998712.0,52.0,-46.0,-43.0,39.0,6966561.0,2883.0,65.0,2883.0,,3,11.0,-51.0,39,0.06790754694207354,0.06117440412134142,0.13033829091542773,1208,300.028,0.12908195106341497
2026-07-16T15:22:27.182000Z,8,-40,20.0,3.0,4,2.0,0.23950912797817497,359104,15.072,0.022198592034657613,0.017408967181962918,72,cwpb-2m,0,2.0,57.203,-83.0,4,0.0,6603692.0,58.5,-48.0,-49.0,36.0,6297890.0,2199.0,65.0,2199.0,,3,11.0,-44.0,48,0.06203352863869492,0.0640710380992595,0.0036103718820209908,42,339.067,0.12610456673795442
2026-07-16T15:25:08.687000Z,8,-31,160.0,1.0,3,2.0,0.0008390828730319682,2896,2.278,0.007545906562300004,0.004118946125006419,65,cwpb-2m,0,2.0,114.187,-78.0,3,0.0,5292132.0,144.4,-42.0,-41.0,36.0,8515133.0,11980.0,130.0,11980.0,4.0,2,11.0,-36.0,98,0.12573741027151772,0.047343683594447426,0.01897317722479041,126,2.19,0.17308109386596515
2026-07-16T15:26:50.259000Z,8,-35,20.0,2.0,4,2.0,0.002481106088185645,4344,28.262,0.015066213754738348,0.012602845257048946,72,cwpb-2m,0,2.0,57.203,-87.0,3,1.0,6189364.0,52.0,-46.0,-45.0,41.0,7030097.0,3345.0,65.0,3345.0,,3,11.0,-53.0,39,0.0679143315905841,0.05030096555043858,0.004027967110765332,42,412.448,0.11821529714102269
2026-07-16T15:28:02.807000Z,8,-37,20.0,3.0,4,2.0,0.4712042173779329,764544,13.438,0.014040269777974698,0.012706075702326536,72,cwpb-2m,0,2.0,57.203,-85.0,3,1.0,7219120.0,58.5,-46.0,-45.0,39.0,6289802.0,1784.0,65.0,1784.0,,3,11.0,-44.0,48,0.06350417017241117,0.07351596500124155,0.12072001923944765,1203,292.604,0.13702013517365272
2026-07-16T15:30:52.988000Z,8,-31,160.0,1.0,4,2.0,0.0012423585744684442,4344,3.107,0.006606606606606607,0.00298135688973345,58,cwpb-2m,0,2.0,114.187,-80.0,3,0.0,8190538.0,144.4,-41.0,-42.0,39.0,8756339.0,13079.0,130.0,13079.0,4.0,3,11.0,-36.0,100,0.1288760559607858,0.10723124318856016,0.009092493020244728,84,1.874,0.23610729914934597
2026-07-16T15:32:29.740000Z,8,-38,20.0,2.0,4,2.0,0.002276971840739327,4344,30.212,0.013140353468222319,0.013562220738534232,72,cwpb-2m,0,2.0,57.203,-81.0,3,2.0,8408366.0,6.5,-47.0,-45.0,34.0,7457912.0,3071.0,65.0,3071.0,,3,161.0,-53.0,28,0.07234352712910046,0.07169069704866173,0.11615215039315671,1186,292.108,0.14403422417776218
2026-07-16T15:33:39.053000Z,8,-36,20.0,3.0,4,2.0,0.3763425436919217,590784,25.098,0.01344557672426525,0.00850290175132248,72,cwpb-2m,0,2.0,57.203,-88.0,4,12.0,8038339.0,39.0,-51.0,-51.0,38.0,6077432.0,2397.0,65.0,2397.0,,3,11.0,-44.0,48,0.06055653986158313,0.059914921373331945,0.2561731598222546,2374,307.037,0.12047146123491508
2026-07-16T15:36:37.543000Z,8,-31,160.0,1.0,3,2.0,0.0012250338408238213,3480,3.862,0.011364151036282185,0.004838991320425248,65,cwpb-2m,0,2.0,114.187,-80.0,3,0.0,6360806.0,144.4,-41.0,-42.0,38.0,7783316.0,13386.0,130.0,13386.0,4.0,2,11.0,-37.0,95,0.1050118334046064,0.08275201400522594,0.00702405638270305,63,3.484,0.18776384740983235
2026-07-16T15:38:05.499000Z,8,-35,20.0,2.0,4,2.0,0.0015134069788114868,2896,69.042,0.013252596859154238,0.012521185352575627,72,cwpb-2m,0,2.0,57.203,-89.0,3,0.0,7231055.0,52.0,-47.0,-47.0,42.0,7288287.0,2460.0,65.0,2460.0,,3,11.0,-53.0,48,0.07383467929950732,0.0687992565528957,0.00699746398135392,63,310.879,0.14263393585240303
2026-07-16T15:39:14.838000Z,8,-39,20.0,3.0,3,2.0,0.00239927577463728,4344,32.796,0.022139516565746076,0.018857274921678394,72,cwpb-2m,0,2.0,57.203,-86.0,4,11.0,7664562.0,58.5,-47.0,-44.0,39.0,7082652.0,2693.0,65.0,2693.0,,2,11.0,-44.0,50,0.07089546130136562,0.07530101921453543,0.0034056030946439,42,273.01,0.14619648051590106
2026-07-16T15:42:21.845000Z,8,-31,160.0,1.0,5,2.0,0.001169915715197224,4344,1.916,0.010686752326096588,0.003988495711571055,65,cwpb-2m,0,2.0,114.187,-82.0,3,0.0,8522670.0,144.4,-42.0,-40.0,40.0,8805037.0,13525.0,130.0,13525.0,4.0,4,11.0,-37.0,102,0.1363151307575779,0.12035890297889319,0.004445766663519606,42,1.697,0.2566740337364711
2026-07-16T15:43:41.799000Z,8,-35,20.0,2.0,4,2.0,0.0023328371625808667,4344,26.671,0.013067493723231427,0.013582764110728776,72,cwpb-2m,0,2.0,57.203,-86.0,5,8.0,7402417.0,52.0,-47.0,-46.0,39.0,7287983.0,3124.0,65.0,3124.0,,3,11.0,-50.0,42,0.07087420966428488,0.07077355690506472,0.0018882412577554022,21,259.337,0.1416477665693496
2026-07-16T15:44:50.456000Z,8,-41,20.0,3.0,3,2.0,0.0023879411148584376,4344,31.782,0.014664500566139911,0.011767757177340661,72,cwpb-2m,0,2.0,57.203,-88.0,3,25.0,6919934.0,58.5,-48.0,-49.0,41.0,7389443.0,1766.0,65.0,1766.0,,2,11.0,-44.0,50,0.07532642763270098,0.07202364027237565,0.0061744140681623235,63,283.497,0.14735006790507663
2026-07-16T15:48:06.998000Z,8,-31,160.0,1.0,3,2.0,0.0009373356351635003,2896,3.471,0.0050450450450450456,0.004649992296235427,58,cwpb-2m,0,2.0,114.187,-79.0,3,0.0,8667727.0,117.0,-40.0,-41.0,39.0,7726303.0,9941.0,130.0,9941.0,4.0,2,11.0,-37.0,95,0.11379075845588557,0.10855848777189088,0.0018152181135448226,21,4.167,0.22234924622777646
2026-07-16T15:49:17.286000Z,8,-33,20.0,2.0,4,2.0,0.0015635114154430047,2896,63.17,0.0274031408457638,0.016739766832725593,72,cwpb-2m,0,2.0,57.203,-87.0,3,9.0,7524033.0,52.0,-42.0,-41.0,45.0,7394989.0,1680.0,65.0,1680.0,,3,11.0,-50.0,42,0.07530384776830268,0.07307171272463142,0.004662967500287071,42,274.61,0.1483755604929341
2026-07-16T15:58:08.557000Z,8,-42,160.0,1.0,1,10.0,0.0024111345839791997,2896,5.803,0.007030374636932012,0.003204201119613785,39,cwpb-10m,1,2.0,68.226,-81.0,3,0.0,8707765.0,104.0,-54.0,-55.0,27.0,10951575.0,23460.0,78.0,23447.0,4.0,0,7.0,-39.0,100,0.044100910207331236,0.022753979292261455,0.009524349965487,63,4.935,0.06685488949959269
2026-07-16T15:59:31.403000Z,8,-59,20.0,3.0,4,10.0,0.11023734775356175,18824,135.059,0.09362280313099985,0.026683786143495456,72,cwpb-10m,0,2.0,5.242,-82.0,4,4.0,3773145.0,6.5,-64.0,-63.0,18.0,8462453.0,6124.0,6.0,6094.0,,3,11.0,-50.0,50,0.008124250293134613,0.0061255455584298055,0.004129658547987488,42,843.439,0.014249795851564419
2026-07-16T16:01:47.947000Z,8,-52,20.0,2.0,3,10.0,0.0176037943635562,10136,108.541,0.037926451041205136,0.026280108879872633,72,cwpb-10m,1,2.0,16.703,-85.0,3,10.0,9901825.0,19.5,-60.0,-61.0,26.0,7818823.0,10302.0,19.5,10300.0,,2,3.0,-46.0,49,0.025101282589434226,0.014264559695007574,0.0,0,1804.197,0.0393658422844418
2026-07-16T16:04:14.795000Z,8,-45,160.0,1.0,2,10.0,0.00733103393498293,6008,2.566,0.008749076945798257,0.004624313080992245,26,cwpb-10m,1,2.0,45.93,-83.0,4,0.0,7421731.0,78.0,-54.0,-54.0,30.0,9015881.0,18294.0,52.0,18293.0,4.0,1,7.0,-40.0,102,0.03064624347385238,0.0339978964365685,0.014817301462287836,105,4.129,0.06464413991042088
2026-07-16T16:07:08.614000Z,8,-52,20.0,3.0,4,10.0,0.011480558327421638,8688,38.064,0.015308423177275633,0.014427096707924606,72,cwpb-10m,0,2.0,5.742,-87.0,4,12.0,5435984.0,26.0,-57.0,-55.0,30.0,16150257.0,14274.0,6.5,14268.0,,3,11.0,-50.0,50,0.03102606748800953,0.023725129515574005,0.004785728540575574,42,890.83,0.05475119700358354
2026-07-16T16:08:20.195000Z,8,-45,160.0,1.0,1,10.0,0.006728839149332004,5792,2.283,0.01739181804755575,0.005206204098402754,26,cwpb-10m,1,2.0,22.546,-81.0,4,0.0,5203679.0,52.0,-54.0,-53.0,27.0,8808103.0,16595.0,26.0,16594.0,4.0,0,7.0,-42.0,105,0.030153819552576514,0.020472833097419898,0.00833531726611495,63,10.667,0.05062665264999641
2026-07-16T16:09:42.592000Z,8,-45,20.0,2.0,3,10.0,0.01159319453047964,5792,62.027,0.03284596071481317,0.02189409891633712,72,cwpb-10m,1,2.0,51.585,-85.0,4,17.0,7761011.0,19.5,-58.0,-57.0,27.0,6519058.0,9765.0,58.5,9764.0,,2,11.0,-41.0,42,0.022148190520089022,0.017234557088461836,0.11096307554503448,1209,1112.425,0.03938274760855086
2026-07-16T16:12:45.537000Z,8,-50,20.0,3.0,4,10.0,0.010305415649298055,5792,40.511,0.017309112391079604,0.018725283755328438,72,cwpb-10m,1,2.0,45.234,-87.0,3,2.0,5085608.0,26.0,-56.0,-52.0,31.0,6294578.0,10817.0,52.0,10817.0,,3,11.0,-50.0,50,0.025111319087870627,0.024391866056489988,0.004323404399270285,42,660.283,0.04950318514436061
2026-07-16T16:14:05.603000Z,8,-47,160.0,1.0,1,10.0,0.006758441752723085,5792,5.665,0.020857578890365776,0.009268399157721742,26,cwpb-10m,1,2.0,68.226,-82.0,4,0.0,5893059.0,52.0,-54.0,-53.0,27.0,9802444.0,17236.0,78.0,17235.0,4.0,0,7.0,-41.0,92,0.031187471094180692,0.01833915872343787,0.008687512118196801,84,1.656,0.04952662981761856
2026-07-16T16:18:21.904000Z,8,-52,20.0,3.0,1,10.0,0.0326466891964395,7240,47.143,0.050745827795008136,0.028144419906527655,72,cwpb-10m,1,2.0,16.703,-90.0,4,1.0,1830426.0,19.5,-63.0,-63.0,27.0,5805872.0,3026.0,19.5,3026.0,,0,3.0,-49.0,53,0.00960138671006818,0.006607144322935263,0.005219978077361522,42,167.23,0.016208531033003442
2026-07-16T16:19:52.097000Z,8,-44,160.0,1.0,2,10.0,0.0071989235109723385,7240,4.932,0.010761581253384531,0.004881105233424067,52,cwpb-10m,1,2.0,11.273,-85.0,4,1.0,6964712.0,58.5,-56.0,-57.0,29.0,9527341.0,17249.0,13.0,17247.0,4.0,1,11.0,-38.0,112,0.03709210315514065,0.03282974189938088,0.024158817648143295,126,2.504,0.06992184505452154
2026-07-16T16:24:04.358000Z,8,-56,20.0,3.0,1,10.0,0.1971839394185735,70952,66.833,0.033907349972923745,0.017190180268091007,72,cwpb-10m,1,2.0,34.187,-87.0,4,3.0,3147062.0,19.5,-63.0,-64.0,24.0,5892921.0,7448.0,39.0,7448.0,,0,3.0,-49.0,53,0.014771364169335662,0.006823044366848958,0.2120785984471019,2313,1345.614,0.02159440853618462
2026-07-16T16:24:08.589000Z,8,-48,20.0,2.0,4,10.0,0.02472488510924266,4344,30.02,0.04625609215773151,0.02046633454881619,72,cwpb-10m,1,2.0,34.187,-89.0,5,16.0,5899104.0,19.5,-61.0,-62.0,28.0,4430954.0,3984.0,39.0,3982.0,,3,3.0,-44.0,61,0.007383467929950732,0.010201925843929744,0.10463947089518068,1164,937.572,0.01758539377388048
2026-07-16T16:25:37.799000Z,8,-43,160.0,1.0,4,10.0,0.005602541301642049,5792,4.046,0.006807463200905824,0.0032699912690668173,39,cwpb-10m,1,2.0,68.226,-84.0,5,6.0,5423948.0,78.0,-53.0,-54.0,30.0,9075473.0,19365.0,78.0,19364.0,4.0,3,7.0,-38.0,103,0.037725432514189285,0.026358595188751537,0.010183439193728338,84,3.175,0.06408402770294082
2026-07-16T16:28:43.875000Z,8,-46,20.0,2.0,3,10.0,0.008256018163413932,4344,111.109,0.05316792202038104,0.030799650762672697,72,cwpb-10m,1,2.0,5.242,-87.0,4,14.0,7263254.0,6.5,-63.0,-62.0,24.0,7029785.0,9279.0,6.0,9279.0,,2,3.0,-44.0,52,0.020671644485416422,0.011575204751912675,0.12029256502130559,1227,1908.725,0.032246849237329095
2026-07-16T16:31:00.427000Z,8,-48,20.0,2.0,2,10.0,0.033133724226109044,13032,42.877,0.10812779993107863,0.05003851882286478,72,cwpb-10m,1,2.0,34.187,-87.0,5,1.0,6849528.0,19.5,-61.0,-59.0,26.0,6968510.0,8394.0,39.0,8394.0,,1,3.0,-47.0,47,0.01624038364122663,0.020407035049753483,0.3392483962594738,3452,1223.541,0.036647418690980114
2026-07-16T16:37:14.517000Z,8,-49,20.0,2.0,3,10.0,0.01808800918166724,10136,79.637,0.053030079259587456,0.03144163114375225,72,cwpb-10m,1,2.0,5.742,-89.0,5,4.0,8416562.0,26.0,-61.0,-60.0,28.0,11983816.0,14263.0,6.5,14260.0,,2,7.0,-45.0,50,0.023622376205420553,0.01138819629089832,0.11801522173971912,1203,1585.746,0.03501057249631887
2026-07-16T16:38:35.632000Z,8,-52,20.0,3.0,4,10.0,0.008233460225961347,4344,45.162,0.05974745237040319,0.03987126153424752,72,cwpb-10m,1,2.0,22.617,-87.0,4,4.0,8058954.0,19.5,-59.0,-57.0,28.0,6929021.0,10052.0,26.0,10048.0,,3,11.0,-41.0,60,0.02215704625400349,0.017010195854626486,0.0021111804225676465,21,1203.246,0.03916724210862998
2026-07-16T16:39:58.754000Z,8,-48,160.0,1.0,1,10.0,0.0032447830945877398,4344,2.987,0.04359769605671245,0.012171434440963486,52,cwpb-10m,1,2.0,45.93,-81.0,5,10.0,7261009.0,39.0,-52.0,-52.0,29.0,11031964.0,27523.0,52.0,27520.0,4.0,0,11.0,-41.0,101,0.049510548748799475,0.03389149107150966,0.018498449819100014,105,5.371,0.08340203982030914
2026-07-16T16:42:50.477000Z,8,-54,20.0,2.0,1,10.0,0.04212432104378718,11584,63.054,0.030640476542115883,0.02357351959324123,72,cwpb-10m,1,2.0,16.703,-88.0,4,21.0,3682928.0,19.5,-59.0,-59.0,29.0,7972096.0,4756.0,19.5,4752.0,,0,11.0,-39.0,34,0.011813548687921172,0.006742610371993845,0.0016549255745256497,21,69.519,0.018556159059915017
2026-07-16T16:44:20.344000Z,8,-52,20.0,3.0,1,10.0,0.24889740780391023,102808,52.45,0.1800226455964161,0.06359714447126497,72,cwpb-10m,1,2.0,16.703,-83.0,3,9.0,6839797.0,13.0,-59.0,-59.0,25.0,5714066.0,8199.0,19.5,8195.0,,0,11.0,-45.0,37,0.016248500586269223,0.015009788137291322,0.002532262998543824,21,1419.306,0.03125828872356055
2026-07-16T16:45:43.369000Z,8,-41,160.0,1.0,2,10.0,0.0011184182890843462,1448,3.124,0.01188795352729779,0.0043896050536695605,39,cwpb-10m,1,2.0,45.93,-82.0,4,1.0,5060124.0,78.0,-51.0,-49.0,31.0,7797172.0,16805.0,52.0,16805.0,4.0,1,7.0,-38.0,101,0.04793721672772868,0.0190455782701318,0.004820821267135257,42,3.603,0.06698279499786047
2026-07-16T16:48:30.230000Z,8,-54,20.0,2.0,4,10.0,0.10650922582791533,20272,54.844,0.10137350465219318,0.030008730933182688,72,cwpb-10m,1,2.0,11.304,-82.0,3,19.0,6607038.0,6.5,-64.0,-65.0,18.0,6938025.0,5137.0,13.0,5137.0,,3,11.0,-44.0,36,0.00810319042198591,0.009896225374730793,0.24746171298465383,2346,2040.084,0.017999415796716704
2026-07-16T16:50:04.390000Z,8,-52,20.0,3.0,1,10.0,0.06790451323536748,11584,54.91,0.06057401663959042,0.0331770325098865,72,cwpb-10m,1,2.0,11.304,-83.0,3,15.0,3233928.0,6.5,-58.0,-59.0,26.0,4383340.0,3128.0,13.0,3126.0,,0,11.0,-45.0,37,0.0073849438855589184,0.005218596326843214,0.0,0,1990.776,0.012603540212402132
2026-07-16T16:51:29.779000Z,8,-43,160.0,1.0,3,10.0,0.0024811145530732404,2896,2.665,0.019553980209717912,0.011201787273380927,39,cwpb-10m,1,2.0,45.93,-78.0,4,3.0,5275518.0,52.0,-53.0,-53.0,25.0,8047448.0,14107.0,52.0,14107.0,4.0,2,11.0,-37.0,96,0.04185971131870494,0.036404809394798884,0.007641360936809992,63,2.779,0.07826452071350382
2026-07-16T16:54:07.161000Z,8,-52,20.0,2.0,4,10.0,0.0432289603936256,8688,263.106,0.03369664746713926,0.01839556263160598,72,cwpb-10m,1,2.0,5.242,-87.0,5,76.0,3292341.0,6.5,-65.0,-65.0,23.0,6486859.0,4827.0,6.0,4821.0,,3,7.0,-44.0,54,0.00885927620803561,0.005164754372330329,0.22067755195647262,2289,366.078,0.01402403058036594
2026-07-16T16:55:41.796000Z,8,-54,20.0,3.0,2,10.0,0.2697435489311065,97016,32.485,0.035132181361689566,0.019685172821118587,72,cwpb-10m,1,2.0,11.304,-89.0,5,6.0,3444602.0,13.0,-59.0,-60.0,30.0,5039870.0,5084.0,13.0,5084.0,,1,11.0,-42.0,49,0.014771364169335662,0.009100561626915252,0.0,0,573.534,0.023871925796250915
2026-07-16T16:57:15.372000Z,8,-42,160.0,1.0,4,10.0,0.00410615395166912,5792,2.764,0.01000147688672279,0.006287299060140723,52,cwpb-10m,1,2.0,68.226,-80.0,3,6.0,4131319.0,117.0,-52.0,-53.0,28.0,8750240.0,21283.0,78.0,21283.0,4.0,3,11.0,-38.0,95,0.050479574963482564,0.026479845641044015,0.011146264159882378,84,8.541,0.07695942060452658
2026-07-16T16:59:43.125000Z,8,-50,20.0,2.0,3,10.0,0.02810109260766495,7240,81.868,0.060099443706001086,0.026141441117559443,72,cwpb-10m,1,2.0,16.703,-85.0,4,31.0,5103317.0,13.0,-63.0,-63.0,23.0,6928471.0,6393.0,19.5,6368.0,,2,3.0,-45.0,52,0.0110752018949261,0.005828377209101342,0.004578718254364924,42,117.773,0.01690357910402744
2026-07-16T17:01:22.788000Z,8,-51,20.0,3.0,2,10.0,0.14878321972554334,37648,132.594,0.05968591542362034,0.0257819321041549,72,cwpb-10m,1,2.0,5.242,-83.0,6,4.0,5088210.0,13.0,-59.0,-58.0,25.0,5156605.0,6104.0,6.0,6096.0,,1,11.0,-42.0,49,0.010338921439782486,0.007115590430165363,0.005216934281200399,42,2276.2,0.01745451186994785
2026-07-16T17:03:00.620000Z,8,-47,160.0,1.0,1,10.0,0.002648839175965194,2896,3.87,0.029577118101708266,0.010214678239433003,39,cwpb-10m,1,2.0,51.585,-80.0,4,4.0,4099547.0,52.0,-52.0,-52.0,28.0,7301443.0,11166.0,58.5,11163.0,4.0,0,11.0,-36.0,84,0.04037317100457768,0.02269155324060504,0.013087460299917862,105,5.371,0.06306472424518272
2026-07-16T17:05:20.705000Z,8,-51,20.0,2.0,2,10.0,0.01966641857089868,5792,79.356,0.11348397577905775,0.04227825997637512,72,cwpb-10m,1,2.0,11.304,-80.0,5,47.0,3087484.0,6.5,-63.0,-63.0,17.0,7048688.0,4775.0,13.0,4774.0,,1,3.0,-45.0,51,0.011813548687921172,0.003612112699282417,0.001813938010504647,21,1581.691,0.015425661387203589
2026-07-16T17:07:02.413000Z,8,-52,20.0,3.0,1,10.0,0.01664926070113088,4344,47.891,0.08078964210111751,0.024134867238457196,72,cwpb-10m,1,2.0,5.742,-86.0,5,4.0,4197158.0,19.5,-58.0,-59.0,27.0,6426338.0,4403.0,6.5,4403.0,,0,11.0,-43.0,46,0.010340988603921202,0.007086125276473761,0.2738988768525924,3449,1375.875,0.017427113880394963
2026-07-16T17:08:49.432000Z,8,-43,160.0,1.0,1,10.0,0.007380625140133863,5792,4.445,0.019223157583813322,0.007435159981510966,58,cwpb-10m,1,2.0,45.93,-84.0,3,4.0,3067238.0,52.0,-52.0,-52.0,32.0,6014805.0,11513.0,52.0,11513.0,4.0,0,11.0,-40.0,106,0.025341798566030502,0.00812123565778256,0.14097347515561054,1197,3.701,0.03346303422381306
2026-07-16T17:11:01.789000Z,8,-51,20.0,2.0,4,10.0,0.03371561882147412,4344,111.121,0.11568453699601242,0.07865828953600512,72,cwpb-10m,1,2.0,5.742,-80.0,3,44.0,2026521.0,6.5,-62.0,-63.0,18.0,5074828.0,2832.0,6.5,2831.0,,3,7.0,-43.0,58,0.00553760094746305,0.004033703535642854,0.3025852474223,2287,3641.782,0.009571304483105905
2026-07-16T17:12:42.085000Z,8,-51,20.0,3.0,1,10.0,0.013294668761425684,2896,59.333,0.09093486929552505,0.04707051512505778,72,cwpb-10m,1,2.0,5.742,-85.0,4,8.0,3831589.0,13.0,-60.0,-61.0,25.0,6076068.0,3739.0,6.5,3737.0,,0,11.0,-43.0,46,0.009599467584201686,0.006135801051289103,0.19391451943362192,2342,1101.19,0.01573526863549079
2026-07-16T17:14:35.067000Z,8,-50,160.0,1.0,2,10.0,0.0034975486391326323,4344,3.851,0.005214394722591444,0.002781572595141493,39,cwpb-10m,1,2.0,45.93,-80.0,5,0.0,5187623.0,78.0,-51.0,-53.0,28.0,8905389.0,13034.0,52.0,13034.0,4.0,1,7.0,-39.0,99,0.04627737348233577,0.041988937844100856,0.0,0,6.272,0.08826631132643663
2026-07-16T17:16:40.877000Z,8,-50,20.0,2.0,3,10.0,0.012255666224529817,4344,109.21,0.02678087923989563,0.021395922140619382,72,cwpb-10m,1,2.0,16.703,-86.0,5,13.0,6435794.0,13.0,-62.0,-63.0,24.0,7328162.0,6108.0,19.5,6108.0,,2,7.0,-45.0,50,0.014765460346726017,0.011889634612821384,0.19379988951570243,2342,793.53,0.0266550949595474
2026-07-16T17:18:18.422000Z,8,-50,20.0,3.0,1,10.0,0.056107324139974456,8688,47.632,0.030305715551617186,0.024446612911509426,72,cwpb-10m,1,2.0,5.742,-86.0,4,5.0,2253022.0,13.0,-58.0,-58.0,28.0,5111750.0,1670.0,6.5,1669.0,,0,11.0,-43.0,60,0.006646449497003027,0.005331768259244851,0.004951436651210775,42,262.294,0.011978217756247878
2026-07-16T17:20:20.886000Z,8,-45,160.0,1.0,2,10.0,0.005050271506553463,5792,3.945,0.009052331019544134,0.003620769349288686,39,cwpb-10m,1,2.0,68.226,-81.0,6,0.0,7532244.0,78.0,-53.0,-53.0,28.0,8675891.0,19850.0,78.0,19849.0,4.0,1,7.0,-41.0,99,0.0411361526220907,0.03744520103006331,0.004826814500555184,42,7.606,0.07858135365215402
2026-07-16T17:22:19.188000Z,8,-53,20.0,2.0,4,10.0,0.061093777695518395,11584,104.146,0.029911879092206967,0.024564737301628062,72,cwpb-10m,1,2.0,5.242,-84.0,4,10.0,4291806.0,13.0,-65.0,-65.0,19.0,7368134.0,6177.0,6.0,6157.0,,3,11.0,-44.0,50,0.008121814722945805,0.006322701095802219,0.0,0,179.562,0.014444515818748024
2026-07-16T17:23:57.193000Z,8,-50,20.0,3.0,1,10.0,0.02502589397009542,7240,53.131,0.0405198641264215,0.02703661856093678,72,cwpb-10m,1,2.0,34.187,-88.0,4,3.0,5717386.0,6.5,-57.0,-58.0,30.0,6722978.0,4015.0,39.0,4015.0,,0,11.0,-43.0,60,0.01181709133546853,0.010581715124384125,0.0017138922223786318,21,344.99,0.022398806459852656
2026-07-16T17:26:06.318000Z,8,-46,160.0,1.0,2,10.0,0.002566704767242678,2896,5.038,0.005649584010239748,0.002760515638642083,39,cwpb-10m,1,2.0,68.226,-80.0,3,0.0,7486397.0,78.0,-51.0,-50.0,29.0,7856262.0,18476.0,78.0,18476.0,4.0,1,7.0,-42.0,102,0.0420014667023154,0.041153775259262886,0.005401673599886296,42,3.657,0.08315524196157828
2026-07-16T17:28:07.163000Z,8,-54,20.0,2.0,3,10.0,0.07783243163333795,10136,77.936,0.08416285137596614,0.04537003749165426,72,cwpb-10m,1,2.0,5.242,-79.0,3,53.0,5483165.0,6.5,-61.0,-60.0,18.0,7189043.0,5064.0,6.0,5044.0,,2,11.0,-43.0,45,0.005535941326799474,0.006915686297300724,0.11870021413771804,1153,1907.414,0.012451627624100198
2026-07-16T17:29:34.890000Z,8,-48,20.0,3.0,1,10.0,0.11455263757731984,17376,123.689,0.06737557229360508,0.020977350932155515,72,cwpb-10m,1,2.0,22.617,-85.0,3,39.0,2491015.0,6.5,-56.0,-57.0,29.0,4304722.0,2619.0,26.0,2619.0,,0,11.0,-43.0,60,0.007384205834001298,0.0031049952477372592,0.0,0,114.938,0.010489201081738557
2026-07-16T17:31:51.206000Z,8,-42,160.0,1.0,2,10.0,0.0023849323248687467,2896,3.286,0.011295229655885395,0.003420985054696729,39,cwpb-10m,1,2.0,90.195,-81.0,4,0.0,6146209.0,78.0,-52.0,-50.0,29.0,7955032.0,19047.0,104.0,19047.0,4.0,1,11.0,-42.0,99,0.043766217105360904,0.03759242144488176,0.0074108386137381995,42,9.325,0.08135863855024267
2026-07-16T17:33:46.142000Z,8,-52,20.0,2.0,1,10.0,0.053943989738424035,8688,101.645,0.14930340176241816,0.04551384109701608,72,cwpb-10m,1,2.0,5.242,-84.0,3,30.0,3761760.0,6.5,-64.0,-64.0,20.0,6966942.0,5466.0,6.0,5448.0,,0,7.0,-44.0,47,0.00664512113695566,0.005383070496790848,0.13646828067504085,1160,358.43,0.012028191633746507
2026-07-16T17:35:13.762000Z,8,-53,20.0,3.0,1,10.0,0.059098348508369085,18824,37.618,0.05271501009205927,0.02740485850752401,72,cwpb-10m,1,2.0,22.617,-84.0,5,13.0,4612727.0,26.0,-60.0,-59.0,25.0,6649200.0,5210.0,26.0,5210.0,,0,7.0,-48.0,45,0.014771364169335662,0.008514651837632309,0.12453900489942697,1183,2745.89,0.02328601600696797
2026-07-16T17:37:36.448000Z,8,-41,160.0,1.0,1,10.0,0.0021066525323106804,2896,3.682,0.025516664205188794,0.009129474603256124,52,cwpb-10m,1,2.0,45.93,-80.0,3,0.0,5832287.0,52.0,-52.0,-51.0,28.0,8550482.0,19013.0,52.0,19013.0,4.0,0,7.0,-40.0,89,0.05070885752530656,0.032841895216376024,0.007872704712972241,63,4.558,0.08355075274168258
2026-07-16T17:39:25.631000Z,8,-53,20.0,2.0,3,10.0,0.04165508702448299,7240,85.979,0.11480332791808201,0.06851728211185866,72,cwpb-10m,1,2.0,5.242,-86.0,3,10.0,5055377.0,6.5,-63.0,-63.0,22.0,6782685.0,5391.0,6.0,5390.0,,2,7.0,-44.0,51,0.007383467929950732,0.0071028394786000855,0.0017127224858727583,21,441.628,0.014486307408550819
2026-07-16T17:40:50.263000Z,8,-55,20.0,3.0,1,10.0,0.027940571884789617,5792,148.963,0.17870329345739178,0.06065944224744492,72,cwpb-10m,1,2.0,22.617,-85.0,4,14.0,2652590.0,13.0,-59.0,-59.0,26.0,4454891.0,3646.0,26.0,3646.0,,0,7.0,-48.0,45,0.008860161515940879,0.005455285996460111,0.0,0,225.044,0.01431544751240099
2026-07-16T17:43:22.518000Z,8,-42,160.0,1.0,1,10.0,0.004906064671059364,5792,3.89,0.03223748338502437,0.010572646499922962,26,cwpb-10m,1,2.0,45.93,-82.0,4,0.0,5403003.0,39.0,-51.0,-51.0,31.0,7786440.0,17485.0,52.0,17481.0,4.0,0,1.0,-44.0,91,0.04404252270711043,0.02690042051106808,0.009903588208088772,84,2.442,0.07094294321817851
2026-07-16T17:45:11.007000Z,8,-54,20.0,2.0,2,10.0,0.021376792302471914,5792,55.401,0.07187515384236697,0.03244312053823636,72,cwpb-10m,1,2.0,11.304,-84.0,3,5.0,7362380.0,6.5,-63.0,-62.0,21.0,7707285.0,6820.0,13.0,6815.0,,1,3.0,-43.0,43,0.0110752018949261,0.008362808573797256,0.25771919070885124,2316,3240.967,0.019438010468723357
2026-07-16T17:46:34.187000Z,8,-54,20.0,3.0,1,10.0,0.4037323759806979,107152,69.484,0.10596169940432233,0.03687535308920959,72,cwpb-10m,1,2.0,16.703,-78.0,3,7.0,6056248.0,13.0,-59.0,-60.0,19.0,4995522.0,5998.0,19.5,5996.0,,0,7.0,-48.0,37,0.011077415828338377,0.008761348669892281,0.0036940446241390977,42,2840.527,0.01983876449823066
2026-07-16T17:49:07.205000Z,8,-42,160.0,1.0,3,10.0,0.002611787326173824,4344,2.853,0.007549844926894107,0.0036443942273124137,39,cwpb-10m,1,2.0,90.195,-82.0,5,0.0,6448827.0,78.0,-51.0,-51.0,31.0,8799969.0,27141.0,104.0,27141.0,4.0,2,7.0,-43.0,99,0.06127639853250395,0.04956897640257834,0.012684651304525724,84,3.725,0.11084537493508229
2026-07-16T17:50:48.829000Z,8,-53,20.0,2.0,3,10.0,0.02433562542006343,7240,64.788,0.08365480234332695,0.03214935031585436,72,cwpb-10m,1,2.0,16.703,-87.0,5,1.0,6236310.0,13.0,-64.0,-64.0,23.0,7435150.0,7165.0,19.5,7157.0,,2,7.0,-45.0,51,0.011812368277380811,0.010841719005302513,0.1339990381926593,1177,1947.831,0.022654087282683325
2026-07-16T17:52:13.243000Z,8,-51,20.0,3.0,1,10.0,0.16059744542440837,65160,45.112,0.04355831241077143,0.030604488726824502,72,cwpb-10m,1,2.0,22.617,-84.0,4,0.0,6221750.0,19.5,-58.0,-58.0,26.0,7107833.0,7618.0,26.0,7618.0,,0,7.0,-48.0,37,0.016245252834802857,0.01964036611164679,0.0,0,947.932,0.03588561894644965
2026-07-16T17:54:53.152000Z,8,-44,160.0,1.0,3,10.0,0.0035320798172224998,4344,3.433,0.05967803869443213,0.01611730265523086,39,cwpb-10m,1,2.0,68.226,-81.0,4,0.0,6635166.0,58.5,-51.0,-51.0,30.0,7868276.0,17185.0,78.0,17185.0,4.0,2,1.0,-42.0,96,0.04281671290821218,0.02250397470925177,0.02374593774595845,180,8.175,0.06532068761746396
2026-07-16T17:56:31.429000Z,8,-53,20.0,2.0,2,10.0,0.03741731833682579,8688,35.822,0.051572884359769616,0.027723280776539468,72,cwpb-10m,1,2.0,5.742,-83.0,4,3.0,7381417.0,19.5,-64.0,-67.0,19.0,8691153.0,5936.0,6.5,5931.0,,1,11.0,-44.0,30,0.00959754922537191,0.00936422864527639,0.004325858348665485,42,2832.659,0.018961777870648303
2026-07-16T17:57:52.133000Z,8,-51,20.0,3.0,1,10.0,0.16022522500526662,65160,26.332,0.05411312952296561,0.035570848954855946,72,cwpb-10m,1,2.0,22.617,-84.0,3,1.0,5612896.0,13.0,-58.0,-59.0,26.0,7089759.0,6200.0,26.0,6200.0,,0,7.0,-48.0,37,0.016246876548229622,0.013618125437112471,0.19292093521790735,2330,1084.329,0.029865001985342095
2026-07-16T18:00:37.650000Z,8,-41,160.0,1.0,2,10.0,0.0029008278162836374,4344,5.017,0.012204991877123025,0.005563145190282986,26,cwpb-10m,1,2.0,45.93,-73.0,3,0.0,6022851.0,78.0,-51.0,-51.0,22.0,8584278.0,16230.0,52.0,16226.0,4.0,1,7.0,-38.0,99,0.05605280224567454,0.028678753437471043,0.006582539131431129,42,2.299,0.08473155568314558
2026-07-16T18:02:08.108000Z,8,-53,20.0,2.0,3,10.0,0.03695498429755384,5792,109.844,0.04517304189435336,0.031087257973396336,72,cwpb-10m,1,2.0,5.742,-86.0,4,20.0,5611443.0,6.5,-64.0,-65.0,22.0,8980348.0,5159.0,6.5,5155.0,,2,7.0,-44.0,50,0.00664512113695566,0.007764360097335277,0.0,0,166.287,0.014409481234290936
2026-07-16T18:03:30.086000Z,8,-51,20.0,3.0,1,10.0,0.2614368550801161,98464,33.499,0.039974400630138344,0.021704072723537568,72,cwpb-10m,1,2.0,22.617,-85.0,4,4.0,6314916.0,19.5,-59.0,-59.0,27.0,6310136.0,8759.0,26.0,8759.0,,0,7.0,-48.0,54,0.017725637003202795,0.01387891220659699,0.20082665024645857,2331,1514.036,0.031604549209799784
2026-07-16T18:06:24.458000Z,8,-44,160.0,1.0,2,10.0,0.0018777787449944213,2896,2.711,0.028529513119677056,0.006916953417903549,39,cwpb-10m,1,2.0,68.226,-80.0,5,0.0,6768193.0,39.0,-51.0,-50.0,29.0,8078772.0,22378.0,78.0,22378.0,4.0,1,7.0,-37.0,97,0.05563032839492939,0.020251730687887815,0.018488477608954945,105,3.053,0.0758820590828172
2026-07-16T18:07:46.863000Z,8,-50,20.0,2.0,4,10.0,0.018203279262801,10136,61.973,0.050351991335597895,0.025679215243182174,72,cwpb-10m,1,2.0,34.187,-87.0,4,9.0,8712768.0,13.0,-60.0,-60.0,27.0,7462668.0,12691.0,39.0,12691.0,,3,7.0,-42.0,46,0.023624736554761622,0.01655481221340829,0.0104085359528411,84,1474.621,0.04017954876816991
2026-07-16T18:09:07.936000Z,8,-50,20.0,3.0,1,10.0,0.738526671012393,406888,27.568,0.03731797371141633,0.029535719788403265,72,cwpb-10m,1,2.0,34.187,-85.0,4,2.0,5277453.0,26.0,-56.0,-54.0,29.0,6047121.0,6864.0,39.0,6864.0,,0,7.0,-48.0,54,0.02215704625400349,0.020825489874581465,0.11276110381571784,1205,671.178,0.04298253612858496
2026-07-16T18:12:09.189000Z,8,-44,160.0,1.0,2,10.0,0.003519386927081896,4344,2.983,0.00476148279426968,0.002802629551640902,39,cwpb-10m,1,2.0,45.93,-80.0,4,0.0,6634579.0,58.5,-52.0,-51.0,28.0,8704528.0,12777.0,52.0,12777.0,4.0,1,7.0,-37.0,99,0.04575912946777172,0.037412285405571656,0.010470234603895923,84,3.267,0.08317141487334337
2026-07-16T18:13:25.652000Z,8,-50,20.0,2.0,4,10.0,0.01637407530181008,7240,48.855,0.03396839462413233,0.026490678444866727,72,cwpb-10m,1,2.0,22.617,-86.0,5,4.0,7448673.0,13.0,-60.0,-60.0,26.0,6853539.0,9410.0,26.0,9410.0,,3,3.0,-44.0,50,0.01771855241607122,0.014536322327681992,0.006823138372198213,63,1927.986,0.032254874743753215
2026-07-16T18:14:46.022000Z,8,-48,20.0,3.0,2,10.0,0.010359654322420725,4344,82.905,0.12336927091025453,0.041790354886754665,72,cwpb-10m,1,2.0,22.617,-82.0,4,0.0,3368311.0,19.5,-57.0,-58.0,24.0,6782601.0,5039.0,26.0,5038.0,,1,3.0,-48.0,42,0.019197016617871907,0.01105315030303777,0.11096519993144814,1183,581.826,0.030250166920909677
2026-07-16T18:17:55.743000Z,8,-44,160.0,1.0,1,10.0,0.0073165257334346576,5792,2.373,0.011397627135332055,0.005802989060654307,52,cwpb-10m,1,2.0,11.273,-77.0,5,0.0,5054072.0,13.0,-51.0,-53.0,26.0,7933029.0,8925.0,13.0,8925.0,4.0,0,7.0,-37.0,82,0.03046067775703352,0.023180581017127846,0.20850865853581035,1234,3.98,0.05364125877416137
2026-07-16T18:19:09.931000Z,8,-47,20.0,2.0,1,10.0,0.012587840731435635,5792,26.966,0.05616107911189878,0.028622053310050844,72,cwpb-10m,1,2.0,22.617,-86.0,3,9.0,5248165.0,6.5,-61.0,-60.0,25.0,6261688.0,9146.0,26.0,9146.0,,0,7.0,-43.0,39,0.019195098450743825,0.006594194216461459,0.10130061585604294,1174,2083.632,0.025789292667205282
2026-07-16T18:20:24.615000Z,8,-50,20.0,3.0,2,10.0,0.5132818585640642,111496,24.878,0.06254122975434451,0.045344358276411076,72,cwpb-10m,1,2.0,22.617,-82.0,4,9.0,4451683.0,13.0,-59.0,-59.0,25.0,3266681.0,4951.0,26.0,4950.0,,1,3.0,-48.0,42,0.008861932662670702,0.008990671541993813,0.14543985785460586,1240,425.402,0.017852604204664516
2026-07-16T18:23:41.349000Z,8,-44,160.0,1.0,2,10.0,0.003927252112944932,4344,2.242,0.009058238566435289,0.004597606697139336,26,cwpb-10m,1,2.0,68.226,-81.0,3,0.0,5730186.0,52.0,-53.0,-53.0,28.0,8714736.0,15830.0,78.0,15829.0,4.0,1,7.0,-39.0,91,0.04084242892301754,0.02845034281599116,0.013881699168060967,105,6.632,0.06929277173900869
2026-07-16T18:24:49.419000Z,8,-50,20.0,2.0,4,10.0,0.013560186095155963,4344,86.143,0.0753645448727416,0.03582661393867804,72,cwpb-10m,1,2.0,16.703,-86.0,3,3.0,5639103.0,13.0,-62.0,-61.0,24.0,6690983.0,5666.0,19.5,5665.0,,3,7.0,-44.0,45,0.01329024227391132,0.007395737328098472,0.11579832048071571,1180,1305.674,0.020685979602009793
2026-07-16T18:26:02.257000Z,8,-51,20.0,3.0,3,10.0,0.007252019473991063,5792,73.414,0.048892827253482984,0.027246160957321148,72,cwpb-10m,1,2.0,16.703,-86.0,3,9.0,6125008.0,13.0,-59.0,-60.0,27.0,7777040.0,11919.0,19.5,11917.0,,2,3.0,-47.0,36,0.03249700117253845,0.00961826434880472,0.47289563877787405,4352,587.979,0.042115265521343176
2026-07-16T18:29:26.110000Z,8,-42,160.0,1.0,1,10.0,0.004254153775893253,4344,2.304,0.021377443016787276,0.005489702634687484,52,cwpb-10m,1,2.0,68.226,-80.0,3,0.0,5355089.0,104.0,-52.0,-53.0,28.0,7565471.0,13219.0,78.0,13219.0,4.0,0,7.0,-39.0,89,0.03844678462196509,0.02573658249389763,0.011492697893754178,84,2.95,0.06418336711586271
2026-07-16T18:30:28.356000Z,8,-50,20.0,2.0,3,10.0,0.021864152080355546,8688,36.392,0.05362083394870279,0.021467823943300293,72,cwpb-10m,1,2.0,5.742,-86.0,3,20.0,2939684.0,6.5,-64.0,-65.0,23.0,5910346.0,7982.0,6.5,7982.0,,2,7.0,-44.0,48,0.01624362944589161,0.0049481126873653965,0.382025120567166,3730,948.992,0.02119174213325701
2026-07-16T18:31:47.007000Z,8,-49,20.0,3.0,3,10.0,0.007374485097269073,2896,97.309,0.1277408556097081,0.04687997534795337,72,cwpb-10m,1,2.0,22.617,-83.0,3,30.0,3069781.0,13.0,-57.0,-56.0,26.0,5333568.0,7453.0,26.0,7449.0,,2,3.0,-47.0,36,0.016248500586269223,0.005218099648787933,0.35751171539219423,1187,248.77,0.021466600235057157
2026-07-16T18:35:11.166000Z,8,-50,160.0,1.0,2,10.0,0.0038897836885694753,5416,3.282,0.013929995569339831,0.0040203379384726005,52,cwpb-10m,1,2.0,45.93,-80.0,3,0.0,6242550.0,52.0,-51.0,-50.0,29.0,8539026.0,19475.0,52.0,19475.0,4.0,1,1.0,-40.0,93,0.05033668596371176,0.04034888865365659,0.008893454740585552,63,5.623,0.09068557461736834
2026-07-16T18:36:10.733000Z,8,-52,20.0,2.0,4,10.0,0.018711769613249527,5792,73.767,0.03893664155959238,0.024167736633968467,72,cwpb-10m,1,2.0,5.742,-86.0,3,23.0,6529694.0,6.5,-62.0,-63.0,24.0,6874547.0,6316.0,6.5,6316.0,,3,3.0,-45.0,53,0.01329024227391132,0.009113295842527036,0.2441178104859236,2314,1510.911,0.022403538116438356
2026-07-16T18:37:27.240000Z,8,-51,20.0,3.0,3,10.0,0.014719332147015356,4344,69.101,0.0613242750947669,0.030582918186020238,72,cwpb-10m,1,2.0,16.703,-87.0,3,9.0,3901119.0,19.5,-56.0,-53.0,31.0,6128703.0,4504.0,19.5,4503.0,,2,3.0,-45.0,50,0.013291570501202334,0.006643114503024019,0.2855406782659469,2303,2375.617,0.019934685004226353
2026-07-16T18:40:56.162000Z,8,-45,160.0,1.0,2,10.0,0.004370921910773272,4344,4.396,0.010700536602175946,0.00523393765086539,20,cwpb-10m,1,2.0,68.226,-77.0,3,0.0,3462895.0,52.0,-53.0,-53.0,23.0,7838459.0,14449.0,78.0,14449.0,4.0,1,11.0,-42.0,90,0.036028592331904724,0.011685361473521354,0.22716562970169632,2355,7.593,0.047713953805426076
2026-07-16T18:43:03.454000Z,8,-50,20.0,3.0,3,10.0,0.013707275533785113,4344,51.982,0.0792989711022498,0.03497509116121411,72,cwpb-10m,1,2.0,34.187,-85.0,3,9.0,4020250.0,19.5,-58.0,-58.0,27.0,6009936.0,5438.0,39.0,5435.0,,2,3.0,-45.0,50,0.013292898994006054,0.0123176994612079,0.011081437614780608,84,220.044,0.025610598455213955
2026-07-16T18:46:41.046000Z,8,-46,160.0,1.0,3,10.0,0.005456059127068764,4344,5.954,0.07259587456308768,0.017303682399465874,26,cwpb-10m,1,2.0,51.585,-84.0,3,0.0,3344549.0,19.5,-53.0,-53.0,32.0,5938717.0,14262.0,58.5,14261.0,4.0,2,11.0,-42.0,98,0.03026193033214236,0.0036752208145077597,0.013034294737616773,126,2.517,0.03393715114665012
2026-07-16T18:47:33.379000Z,8,-51,20.0,2.0,4,10.0,0.029067321466152842,8688,80.137,0.03644956431841677,0.017728930203892972,72,cwpb-10m,1,2.0,16.703,-87.0,3,20.0,8719537.0,19.5,-61.0,-58.0,25.0,12288102.0,12023.0,19.5,12023.0,,3,7.0,-44.0,54,0.011813548687921172,0.008121653122133341,0.17989581713525016,2303,3231.894,0.019935201810054513
2026-07-16T18:48:43.689000Z,8,-50,20.0,3.0,1,10.0,0.004204257948017787,1448,31.336,0.1349835080982622,0.03579785321760568,72,cwpb-10m,1,2.0,5.742,-83.0,3,8.0,4380779.0,13.0,-58.0,-59.0,26.0,5210894.0,6719.0,6.5,6718.0,,0,3.0,-48.0,51,0.014768411668002596,0.007601655574607798,0.28091221269868677,2330,963.313,0.022370067242610394
2026-07-16T18:52:27.510000Z,8,-45,160.0,1.0,1,10.0,0.01150888606788928,13032,4.771,0.02532368434007778,0.007614400903908377,20,cwpb-10m,1,2.0,45.93,-80.0,3,0.0,5500182.0,78.0,-52.0,-52.0,28.0,7762924.0,14155.0,52.0,14151.0,4.0,0,7.0,-41.0,94,0.04009514135617305,0.023155953088469423,0.007025974999578955,63,8.578,0.06325109444464247
2026-07-16T18:53:13.575000Z,8,-51,20.0,2.0,4,10.0,0.025994200532220013,10136,30.746,0.06181657066902969,0.026053104617122905,72,cwpb-10m,1,2.0,16.703,-85.0,3,8.0,5649752.0,6.5,-62.0,-61.0,23.0,6810627.0,7179.0,19.5,7179.0,,3,7.0,-45.0,51,0.01624362944589161,0.00959547450337365,0.10201799650592298,1185,1131.317,0.02583910394926526
2026-07-16T18:54:20.958000Z,8,-51,20.0,3.0,1,10.0,0.0031303630566186843,1448,132.309,0.08091960813272289,0.029488470032355812,72,cwpb-10m,1,2.0,5.742,-81.0,3,19.0,2429535.0,6.5,-56.0,-56.0,26.0,5196003.0,6770.0,6.5,6769.0,,0,3.0,-48.0,51,0.020675776335203632,0.004900918298901833,0.0072202370451813535,63,252.078,0.025576694634105467
2026-07-16T18:58:13.310000Z,8,-43,160.0,1.0,1,10.0,0.004875382854803192,5792,3.206,0.054489243341702354,0.010042113912998819,39,cwpb-10m,1,2.0,45.93,-81.0,3,0.0,4971662.0,104.0,-52.0,-53.0,29.0,8479405.0,15273.0,52.0,15273.0,4.0,0,7.0,-41.0,95,0.04227979630974256,0.029739611063728053,0.007637390416466726,63,8.244,0.07201940737347061
2026-07-16T18:58:56.466000Z,8,-50,20.0,2.0,3,10.0,0.02641627761372831,8688,86.671,0.08454881110618816,0.03066303733757897,72,cwpb-10m,1,2.0,22.617,-86.0,4,19.0,5722400.0,13.0,-63.0,-64.0,23.0,6700868.0,6878.0,26.0,6878.0,,2,7.0,-45.0,43,0.013287586615549062,0.009115998747868368,0.22568787761217407,2302,1750.086,0.02240358536341743
2026-07-16T18:59:59.382000Z,8,-50,20.0,3.0,2,10.0,0.008156409497955206,2896,46.495,0.04345985329591887,0.03649016486056186,72,cwpb-10m,1,2.0,16.703,-86.0,3,21.0,3864210.0,13.0,-57.0,-58.0,29.0,5738832.0,7272.0,19.5,7268.0,,1,11.0,-44.0,44,0.016248500586269223,0.009596421923841993,0.004780058904682303,42,887.32,0.025844922510111216
2026-07-16T19:03:57.503000Z,8,-44,160.0,1.0,1,10.0,0.00470931346779521,4344,2.781,0.00955644168758923,0.0044070669200349235,39,cwpb-10m,1,2.0,5.742,-81.0,3,0.0,5587014.0,117.0,-52.0,-52.0,29.0,7356477.0,15297.0,6.5,15295.0,4.0,0,11.0,-42.0,86,0.03503896236690779,0.043237383299385666,0.012727409437634125,105,4.343,0.07827634566629346
2026-07-16T19:04:41.239000Z,8,-52,20.0,2.0,2,10.0,0.029859394186667824,8688,78.273,0.033436715403928514,0.023927892763597147,72,cwpb-10m,1,2.0,5.242,-88.0,3,9.0,7716613.0,6.5,-65.0,-65.0,23.0,7435449.0,7871.0,6.0,7869.0,,1,7.0,-45.0,49,0.011812368277380811,0.009615409699710298,0.1302595430356659,1204,3131.293,0.02142777797709111
2026-07-16T19:05:39.687000Z,8,-51,20.0,3.0,2,10.0,0.011527384023414558,7240,72.826,0.0520848717570029,0.02590519233732217,72,cwpb-10m,1,2.0,57.203,-85.0,3,16.0,7019629.0,39.0,-59.0,-60.0,28.0,7287456.0,11846.0,65.0,11842.0,,1,11.0,-44.0,44,0.025111319087870627,0.015040974993023301,0.13341038834651972,1202,1216.421,0.04015229408089393
2026-07-16T19:09:42.709000Z,8,-51,160.0,1.0,1,10.0,0.007718170739879894,5792,2.431,0.058459114852557476,0.016720250629140773,26,cwpb-10m,1,2.0,45.93,-78.0,4,0.0,5680416.0,39.0,-51.0,-52.0,27.0,6498498.0,17182.0,52.0,17182.0,4.0,0,7.0,-41.0,95,0.028897538418815514,0.02664532993213201,0.015256283792086933,126,2.056,0.05554286835094752
2026-07-16T19:10:22.413000Z,8,-50,20.0,2.0,4,10.0,0.015137956774772055,5792,44.981,0.05488111061881554,0.0226952904319244,72,cwpb-10m,1,2.0,16.703,-85.0,4,17.0,4275507.0,13.0,-61.0,-60.0,24.0,8167272.0,4456.0,19.5,4456.0,,3,7.0,-44.0,50,0.017720323031881757,0.006151552515283328,0.39690162507846466,3486,1817.422,0.023871875547165085
2026-07-16T19:11:26.155000Z,8,-49,20.0,3.0,2,10.0,0.03322821427143538,7240,41.054,0.10750047471358946,0.044566278054542656,72,cwpb-10m,1,2.0,45.234,-82.0,3,26.0,6641923.0,19.5,-57.0,-57.0,26.0,5137632.0,5226.0,52.0,5219.0,,1,3.0,-46.0,44,0.008861932662670702,0.015609266502198205,0.22908718564282113,2337,1485.893,0.02447119916486891
2026-07-16T19:15:59.266000Z,8,-50,20.0,2.0,4,10.0,0.05716337969858685,13032,207.53,0.03820213656279231,0.025078321606491708,72,cwpb-10m,1,2.0,16.703,-83.0,3,15.0,2096078.0,6.5,-61.0,-61.0,22.0,5446513.0,3746.0,19.5,3746.0,,3,7.0,-45.0,61,0.009582229912961102,0.0044138645271916245,0.1186821833876205,1177,436.263,0.013996094440152727
2026-07-16T19:17:02.849000Z,8,-49,20.0,3.0,2,10.0,0.012360282118247237,2896,98.755,0.07303697139762713,0.03722972625956551,72,cwpb-10m,1,2.0,5.242,-81.0,4,21.0,1599524.0,6.5,-56.0,-57.0,25.0,6145471.0,3135.0,6.0,3131.0,,1,3.0,-46.0,44,0.009599467584201686,0.004137707611569186,0.09268395319300723,1180,331.156,0.013737175195770873
2026-07-16T19:21:15.349000Z,8,-44,160.0,1.0,2,10.0,0.006034748036246093,4344,3.333,0.08601388273519421,0.026711519695958093,52,cwpb-10m,1,2.0,45.93,-83.0,4,0.0,3447574.0,52.0,-53.0,-51.0,30.0,6504113.0,13713.0,52.0,13712.0,4.0,1,11.0,-40.0,93,0.02535041202058146,0.004608297666400644,0.01274501450054722,126,3.642,0.029958709686982103
2026-07-16T19:21:36.501000Z,8,-50,20.0,2.0,4,10.0,0.09874892624621895,19960,36.543,0.36095702259636686,0.09336962662421038,72,cwpb-10m,1,2.0,16.703,-87.0,4,14.0,4274085.0,19.5,-62.0,-62.0,25.0,4088433.0,5451.0,19.5,5451.0,,3,7.0,-44.0,47,0.00959467312431546,0.012148202426839188,0.21246656684965548,2356,405.814,0.021742875551154648
2026-07-16T19:22:46.820000Z,8,-49,20.0,3.0,1,10.0,0.2796156818916167,39096,58.444,0.19148328656525376,0.12241795490729805,72,cwpb-10m,1,2.0,51.585,-82.0,3,32.0,2442894.0,19.5,-58.0,-58.0,24.0,2548425.0,3543.0,58.5,3541.0,,0,3.0,-44.0,41,0.008124250293134613,0.004509115526601281,0.15536855487651197,1179,2220.917,0.012633365819735894
2026-07-16T19:27:01.947000Z,8,-42,160.0,1.0,2,10.0,0.0027817270247723746,2896,3.399,0.05332545660414513,0.03316727440809409,39,cwpb-10m,1,2.0,45.93,-82.0,3,0.0,4331881.0,104.0,-52.0,-53.0,30.0,7359393.0,16877.0,52.0,16877.0,4.0,1,11.0,-39.0,86,0.03854238276354263,0.015522322178865941,0.018837617902253023,147,3.474,0.05406470494240857
2026-07-16T19:28:29.289000Z,8,-51,20.0,3.0,1,10.0,0.015508611295921753,8688,50.614,0.03186727711317875,0.018061219249139747,72,cwpb-10m,1,2.0,22.617,-82.0,3,5.0,4768472.0,6.5,-56.0,-57.0,26.0,7710927.0,9618.0,26.0,9616.0,,0,3.0,-44.0,41,0.023631820433788538,0.012575663964063016,0.11197473939440998,1167,1573.418,0.036207484397851555
2026-07-16T19:32:49.763000Z,8,-42,160.0,1.0,1,10.0,0.015497874218225615,8688,4.009,0.05539703638064294,0.01228185506650917,52,cwpb-10m,1,2.0,34.187,-83.0,4,0.0,3022752.0,78.0,-53.0,-53.0,30.0,6661423.0,14664.0,39.0,14657.0,4.0,0,11.0,-37.0,103,0.01881107120399083,0.003475900842642796,0.15353949467377162,1189,8.183,0.022286972046633626
2026-07-16T19:32:56.123000Z,8,-50,20.0,2.0,3,10.0,0.023815490870627683,4344,72.279,0.13943779845419188,0.05220584458938935,72,cwpb-10m,1,2.0,22.617,-86.0,4,37.0,4681341.0,6.5,-61.0,-60.0,25.0,4524872.0,5596.0,26.0,5596.0,,2,7.0,-46.0,51,0.00885927620803561,0.008360333149453752,0.11595392904631485,1180,817.415,0.01721960935748936
2026-07-16T19:34:10.692000Z,8,-49,20.0,3.0,1,10.0,0.22000679297863185,79640,128.964,0.03322010535125289,0.027399722664475375,72,cwpb-10m,1,2.0,11.304,-83.0,5,13.0,5299423.0,13.0,-58.0,-57.0,25.0,6263191.0,9374.0,13.0,9370.0,,0,11.0,-44.0,52,0.016245252834802857,0.01589672248031922,0.004785951153308878,42,1098.13,0.03214197531512208
2026-07-16T19:38:35.995000Z,8,-50,20.0,2.0,4,10.0,0.01856238642027499,4344,119.045,0.08134692069118298,0.04773766113707566,72,cwpb-10m,1,2.0,11.304,-82.0,5,7.0,3454065.0,6.5,-62.0,-64.0,21.0,4143754.0,5563.0,13.0,5562.0,,3,7.0,-44.0,53,0.010337888167601816,0.00743028310969464,0.15451471000884132,1208,580.375,0.017768171277296456
2026-07-16T19:38:38.069000Z,8,-42,160.0,1.0,2,10.0,0.012229736955010768,5792,3.397,0.10101905183872396,0.021553421327444235,52,cwpb-10m,1,2.0,90.195,-73.0,5,0.0,4118629.0,78.0,-52.0,-52.0,21.0,5991778.0,12067.0,104.0,12066.0,4.0,1,11.0,-37.0,105,0.016405372300684916,0.007169031336893745,0.11528001155831888,1251,4.227,0.02357440363757866
2026-07-16T19:39:51.404000Z,8,-55,20.0,3.0,1,10.0,0.062058717973770855,10136,109.268,0.12058991075384516,0.042820091418006266,72,cwpb-10m,1,2.0,22.617,-76.0,5,31.0,1360877.0,6.5,-57.0,-58.0,19.0,3771419.0,3369.0,26.0,3368.0,,0,11.0,-44.0,52,0.0073849438855589184,0.0035591501785084004,0.09713763136967751,1173,1660.797,0.010944094064067319
2026-07-16T19:44:12.299000Z,8,-50,20.0,2.0,4,10.0,0.014381595493130797,4344,167.083,0.06484517304189436,0.03952031225925736,72,cwpb-10m,1,2.0,11.304,-81.0,4,38.0,1421043.0,26.0,-62.0,-62.0,18.0,4732652.0,4984.0,13.0,4984.0,,3,7.0,-43.0,42,0.013282278481477137,0.0033840579408227107,0.19993505474185466,2312,469.891,0.016666336422299848
2026-07-16T19:45:28.768000Z,8,-49,20.0,3.0,1,10.0,0.17774593877661327,24616,146.047,0.2979372815438389,0.12914077345796313,72,cwpb-10m,1,2.0,34.187,-88.0,4,17.0,3408061.0,26.0,-59.0,-59.0,29.0,1987680.0,2795.0,39.0,2795.0,,0,11.0,-43.0,53,0.0059073646672010375,0.011296122758665672,0.14684113304594934,1187,1045.912,0.01720348742586671
2026-07-16T19:49:49.608000Z,8,-50,20.0,2.0,4,10.0,0.01362487231571261,1448,132.307,0.1540762073548959,0.08004496715913695,72,cwpb-10m,1,2.0,11.304,-78.0,3,49.0,1613025.0,6.5,-60.0,-59.0,18.0,2979713.0,2836.0,13.0,2836.0,,3,7.0,-45.0,54,0.004429638104017805,0.003322189808596662,0.002183585769940667,21,116.214,0.007751827912614468
2026-07-16T19:50:11.933000Z,8,-48,160.0,1.0,1,10.0,0.09498532409327262,33304,7.258,0.04471422241914045,0.010243724285119181,13,cwpb-10m,1,2.0,45.93,-80.0,3,0.0,4249254.0,19.5,-51.0,-50.0,29.0,5132106.0,10544.0,52.0,10540.0,4.0,0,11.0,-37.0,98,0.014648433805728656,0.008160860622573311,0.02604505313229908,105,2.45,0.022809294428301968
2026-07-16T19:51:08.989000Z,8,-53,20.0,3.0,1,10.0,0.17327953299317767,72400,44.422,0.1412100625215379,0.06386934415284269,72,cwpb-10m,1,2.0,45.234,-85.0,3,37.0,2432905.0,6.5,-55.0,-56.0,30.0,4898347.0,7341.0,52.0,7339.0,,0,11.0,-43.0,53,0.017725637003202795,0.006412176232536481,0.0044497082017011256,42,499.621,0.024137813235739276
2026-07-16T19:55:31.441000Z,8,-52,20.0,2.0,1,10.0,0.02684183063003653,7240,24.168,0.05464480874316939,0.03394278670843819,72,cwpb-10m,1,2.0,11.304,-86.0,3,27.0,5330910.0,13.0,-62.0,-62.0,24.0,6596753.0,8026.0,13.0,8024.0,,0,7.0,-45.0,44,0.011072988846290885,0.007418486668956882,0.12111014674734603,1175,1921.014,0.01849147551524777
2026-07-16T19:55:58.540000Z,8,-45,160.0,1.0,2,10.0,0.0049100013414706736,4344,7.003,0.005228178998670802,0.002966462944892404,26,cwpb-10m,1,2.0,45.93,-82.0,4,0.0,5668101.0,52.0,-52.0,-52.0,30.0,7362284.0,16121.0,52.0,16118.0,4.0,1,11.0,-37.0,93,0.03326293001981662,0.023597051129080577,0.007224969188743568,63,10.619,0.05685998114889719
2026-07-16T19:56:46.375000Z,8,-50,20.0,3.0,1,10.0,0.4557665851703927,234576,42.801,0.04501772264067347,0.019458568012828196,72,cwpb-10m,1,2.0,22.617,-83.0,4,24.0,4194968.0,6.5,-55.0,-56.0,28.0,5439283.0,8043.0,26.0,8041.0,,0,3.0,-46.0,45,0.020679909837069927,0.012353112694515623,0.2116801474796587,2309,382.808,0.03303302253158555
2026-07-16T20:01:09.411000Z,8,-49,20.0,2.0,1,10.0,0.022461538961970215,5792,94.528,0.05440850686752326,0.024600688202968516,72,cwpb-10m,1,2.0,16.703,-85.0,5,32.0,6144336.0,26.0,-61.0,-59.0,24.0,5915292.0,5925.0,19.5,5925.0,,0,3.0,-45.0,46,0.01329024227391132,0.012110852999562386,0.20413389736707738,2628,798.626,0.025401095273473707
2026-07-16T20:01:43.349000Z,8,-44,160.0,1.0,1,10.0,0.002455800372225366,2896,3.84,0.019099099099099102,0.007185558009347235,39,cwpb-10m,1,2.0,45.93,-82.0,4,0.0,5487386.0,104.0,-52.0,-53.0,30.0,8096839.0,17441.0,52.0,17431.0,4.0,0,11.0,-37.0,94,0.04488237126769171,0.023749381007825063,0.010783532335263649,84,2.51,0.06863175227551678
2026-07-16T20:02:32.063000Z,8,-49,20.0,3.0,1,10.0,0.272482385264593,123080,29.544,0.04838280903854675,0.03242771300909045,72,cwpb-10m,1,2.0,11.304,-85.0,4,30.0,4806381.0,6.5,-56.0,-57.0,29.0,5808667.0,7888.0,13.0,7885.0,,0,3.0,-46.0,45,0.0177238653253414,0.013849215984869366,0.1982303656634807,2355,702.839,0.03157308131021077
2026-07-16T20:06:46.487000Z,8,-48,20.0,2.0,1,10.0,0.04234630729802934,11584,56.504,0.08453699601240586,0.03722459041651688,72,cwpb-10m,1,2.0,11.304,-87.0,3,27.0,2698728.0,13.0,-63.0,-64.0,24.0,6447458.0,4897.0,13.0,4896.0,,0,7.0,-45.0,41,0.0110752018949261,0.005582808022285613,0.002077084443198428,21,150.027,0.016658009917211714
2026-07-16T20:07:28.422000Z,8,-54,160.0,1.0,1,10.0,0.00220689707643332,1448,4.749,0.051013636587407075,0.01393713728108469,52,cwpb-10m,1,2.0,45.234,-80.0,4,0.0,6217950.0,78.0,-53.0,-53.0,27.0,6809616.0,15889.0,52.0,15887.0,4.0,0,11.0,-37.0,95,0.02597854002481415,0.026344569332489715,0.017752230562447683,105,3.123,0.05232310935730386
2026-07-16T20:08:09.226000Z,8,-49,20.0,3.0,1,10.0,0.446996576697935,227336,58.988,0.07167823561266184,0.021336859945560064,72,cwpb-10m,1,2.0,51.585,-84.0,5,5.0,5004225.0,26.0,-58.0,-58.0,27.0,5583484.0,7751.0,58.5,7749.0,,0,11.0,-43.0,41,0.020675776335203632,0.01949086619585536,0.1443594447195615,1201,1143.718,0.04016664253105899
2026-07-16T20:12:23.607000Z,8,-52,20.0,2.0,3,10.0,0.020987503147773888,7240,20.899,0.042943927534091465,0.023851882286477326,72,cwpb-10m,1,2.0,16.703,-88.0,4,16.0,5803769.0,13.0,-63.0,-63.0,25.0,6898981.0,8613.0,19.5,8613.0,,2,7.0,-45.0,47,0.014765460346726017,0.008652325505872966,0.23836540500959538,2309,650.055,0.02341778585259898
2026-07-16T20:13:46.619000Z,8,-51,20.0,3.0,1,10.0,0.45236683951645323,76744,70.95,0.22151922414217493,0.08654255045965796,72,cwpb-10m,1,2.0,16.703,-83.0,3,30.0,1482316.0,6.5,-56.0,-56.0,27.0,2105024.0,3140.0,19.5,3139.0,,0,11.0,-43.0,41,0.007385682084667831,0.0043576943063773545,0.20425722978110575,2322,982.689,0.011743376391045186
2026-07-16T20:18:08.047000Z,8,-50,20.0,2.0,3,10.0,0.024927322397502637,10136,82.363,0.0781174617240191,0.03259205998664681,72,cwpb-10m,1,2.0,34.187,-83.0,3,4.0,6931671.0,19.5,-61.0,-63.0,22.0,6834513.0,9443.0,39.0,9443.0,,2,7.0,-44.0,47,0.01771855241607122,0.012045150009329998,0.0022760397720127026,21,1806.096,0.029763702425401217
2026-07-16T20:18:58.002000Z,8,-44,160.0,1.0,1,10.0,0.0031076010566457976,2896,3.549,0.04675232609658839,0.012236146063376304,39,cwpb-10m,1,2.0,68.226,-80.0,4,0.0,3697654.0,78.0,-52.0,-51.0,28.0,7730794.0,12233.0,78.0,12232.0,4.0,0,11.0,-42.0,82,0.03557945487404957,0.007133415226201851,0.008687878904294549,84,4.951,0.042712870100251425
2026-07-16T20:19:37.235000Z,8,-52,20.0,3.0,1,10.0,0.032095949277483445,10136,47.248,0.05147836360951115,0.02921164809203431,72,cwpb-10m,1,2.0,45.234,-79.0,3,33.0,4926715.0,13.0,-58.0,-59.0,21.0,5885727.0,6730.0,52.0,6730.0,,0,11.0,-44.0,29,0.013292898994006054,0.00782789449026482,0.3872078721813752,3484,2570.724,0.021120793484270872
2026-07-16T20:23:48.142000Z,8,-51,20.0,2.0,3,10.0,0.020478893368790323,4344,257.235,0.08268005710628659,0.03932669097632377,72,cwpb-10m,1,2.0,5.742,-84.0,3,37.0,4434010.0,13.0,-63.0,-64.0,21.0,4561817.0,5236.0,6.5,5233.0,,2,7.0,-44.0,48,0.008858391077032709,0.006270083300733612,0.0022805802481177945,21,3245.923,0.015128474377766321
2026-07-16T20:25:14.363000Z,8,-50,20.0,3.0,1,10.0,0.08304668120123261,11584,93.273,0.13839807020134887,0.05548148528580967,72,cwpb-10m,1,2.0,22.617,-84.0,4,40.0,2159487.0,6.5,-57.0,-54.0,29.0,2684903.0,3686.0,26.0,3686.0,,0,11.0,-44.0,29,0.005907955108447134,0.007371016659167927,0.001936467249375783,21,441.925,0.013278971767615062
2026-07-16T20:29:27.872000Z,8,-52,20.0,2.0,4,10.0,0.02512486569940009,5792,46.9,0.0727278097769901,0.03792666016126548,72,cwpb-10m,1,2.0,16.703,-85.0,3,34.0,3074149.0,6.5,-61.0,-62.0,23.0,5066202.0,4862.0,19.5,4862.0,,3,7.0,-44.0,47,0.009595631633119089,0.005675679766789424,0.3577708025643855,3465,915.985,0.015271311399908512
2026-07-16T20:30:33.490000Z,8,-44,160.0,1.0,1,10.0,0.003022191758201353,2896,5.0,0.0873686801555654,0.03227415130193621,52,cwpb-10m,1,2.0,45.93,-81.0,4,14.0,3109849.0,104.0,-53.0,-54.0,28.0,8007303.0,19207.0,52.0,19207.0,4.0,0,7.0,-43.0,91,0.0348273009841547,0.01163717125739806,0.008101872373392377,63,13.706,0.04646447224155276
2026-07-16T20:30:51.008000Z,8,-51,20.0,3.0,1,10.0,0.7512759816472147,153488,661.112,0.05285285285285285,0.02925376200503313,72,cwpb-10m,1,2.0,11.304,-82.0,4,43.0,2934256.0,13.0,-61.0,-62.0,21.0,4443080.0,6200.0,13.0,6179.0,,0,11.0,-44.0,29,0.009599467584201686,0.007354176640146505,0.0,0,230.257,0.01695364422434819
2026-07-16T20:35:06.652000Z,8,-51,20.0,2.0,4,10.0,0.03933549651304148,4344,189.107,0.04792989711022498,0.027338092547891737,72,cwpb-10m,1,2.0,5.242,-78.0,4,49.0,949630.0,6.5,-62.0,-61.0,15.0,6194786.0,2481.0,6.0,2480.0,,3,7.0,-44.0,47,0.004799254154467977,0.0031154457558313846,0.0017518580969817313,21,85.66,0.007914699910299361
2026-07-16T20:36:21.166000Z,8,-45,160.0,1.0,1,10.0,0.006987177008717669,5792,6.168,0.07031949982769654,0.01568743259205999,52,cwpb-10m,1,2.0,45.93,-85.0,4,12.0,3986623.0,78.0,-52.0,-50.0,33.0,7692521.0,17093.0,52.0,17088.0,4.0,0,7.0,-39.0,93,0.028563638118891496,0.02489464048398939,0.005746990889450607,42,9.223,0.05345827860288088
2026-07-16T20:40:45.303000Z,8,-51,20.0,2.0,3,10.0,0.045526498145694615,13032,24.063,0.05751981489686409,0.023984387037132147,72,cwpb-10m,1,2.0,22.617,-88.0,4,9.0,6466598.0,13.0,-61.0,-61.0,27.0,6652192.0,6513.0,26.0,6513.0,,2,7.0,-45.0,48,0.01329024227391132,0.01523929886670067,0.0021726118186083197,21,235.454,0.02852954114061199
2026-07-16T20:42:05.859000Z,8,-50,20.0,3.0,3,10.0,0.031735387388175273,4344,126.566,0.16476148279426972,0.05755225720301988,72,cwpb-10m,1,2.0,5.742,-86.0,3,43.0,2566595.0,13.0,-59.0,-60.0,27.0,2298247.0,3619.0,6.5,3618.0,,2,3.0,-48.0,35,0.0059073646672010375,0.006616890331868691,0.011439032508069848,84,278.343,0.012524254999069728
2026-07-16T20:42:07.874000Z,8,-43,160.0,1.0,2,10.0,0.010396697661766959,5792,5.964,0.10138059370846256,0.024749627651378975,58,cwpb-10m,1,2.0,45.93,-75.0,3,7.0,2460402.0,26.0,-52.0,-52.0,23.0,5484426.0,10544.0,52.0,10544.0,4.0,1,7.0,-39.0,93,0.021712176635290237,0.0073846921060765425,0.14642322541979264,1354,5.656,0.02909686874136678
2026-07-16T20:46:21.310000Z,8,-52,20.0,2.0,2,10.0,0.04037984633461221,7240,109.995,0.17687195392113422,0.0701453443582764,72,cwpb-10m,1,2.0,11.304,-85.0,4,72.0,1724118.0,6.5,-62.0,-62.0,23.0,5108074.0,3928.0,13.0,3928.0,,1,7.0,-46.0,48,0.0073827301733630085,0.0034390968329110054,0.32101331000990607,3155,177.975,0.010821827006274013
2026-07-16T20:47:42.031000Z,8,-51,20.0,3.0,1,10.0,0.02636785951678512,5792,151.214,0.21233692709102545,0.05721842740485851,72,cwpb-10m,1,2.0,11.304,-89.0,4,19.0,2057253.0,13.0,-58.0,-59.0,30.0,4221532.0,2677.0,13.0,2674.0,,0,3.0,-47.0,34,0.00959754922537191,0.005813647639949258,0.12940013806338257,1195,549.699,0.01541119686532117
2026-07-17T13:35:29.783000Z,40,-45,80.0,1.0,4,10.0,8.708524432211673e-05,1448,1.98,0.007969280756166004,0.003755328437162961,650,cwpb-10m-2a,1,1.0,619.0,-92.0,5,1.0,4493382.0,650.0,-64.0,-64.0,29.0,6596559.0,17968.0,780.0,17968.0,4.0,3,40.0,-28.0,66,0.6076264346068181,0.3189730340169463,0.0095185491957198,84,2.274,0.9265994686237644
2026-07-17T13:40:13.628000Z,40,-46,80.0,1.0,4,10.0,0.0003028756501922145,4344,2.208,0.00611628021464087,0.003040932669097633,585,cwpb-10m-2a,1,1.0,619.0,-91.0,5,0.0,4628847.0,468.0,-64.0,-59.0,27.0,7646633.0,22347.0,780.0,22347.0,4.0,3,40.0,-26.0,74,0.5260870582291671,0.2716554096996764,0.00377932625234478,42,2.564,0.7977424679288435
2026-07-17T13:41:29.140000Z,40,-62,80.0,2.0,4,10.0,0.0004089537122603371,2896,24.633,0.02058977009796682,0.01628575830722613,292,cwpb-10m-2a,1,1.0,299.7,-92.0,5,1.0,4920135.0,263.3,-74.0,-75.0,19.0,6886222.0,18335.0,351.0,18335.0,,3,40.0,-39.0,43,0.2879264767611573,0.15801867507205883,0.0,0,48.293,0.44594515183321615
2026-07-17T13:43:02.343000Z,40,-65,80.0,3.0,4,10.0,0.0003843299077136786,2896,92.066,0.029837050164919016,0.013402496019721639,292,cwpb-10m-2a,1,1.0,101.39,-91.0,5,1.0,4886866.0,108.0,-76.0,-77.0,16.0,6352438.0,21950.0,117.0,21949.0,,3,2.0,-34.0,39,0.28653582275968603,0.06786325240187771,0.006152507199296432,63,237.529,0.35439907516156377
2026-07-17T13:45:58.447000Z,40,-55,80.0,1.0,4,10.0,8.101106742391693e-05,1448,2.08,0.009906956136464333,0.003438446921062093,650,cwpb-10m-2a,1,1.0,619.0,-91.0,5,0.0,5250489.0,650.0,-65.0,-65.0,26.0,7822506.0,20547.0,780.0,20547.0,4.0,3,2.0,-28.0,72,0.656221077097427,0.3651248659873763,0.0015578998212351664,21,3.578,1.0213459430848033
2026-07-17T13:47:05.022000Z,40,-57,80.0,2.0,4,10.0,0.00034564609131340146,2896,45.428,0.020225471373012352,0.012536079297416671,390,cwpb-10m-2a,1,1.0,227.171,-92.0,5,1.0,5258054.0,234.0,-71.0,-72.0,22.0,7130543.0,22670.0,263.3,22670.0,,3,40.0,-39.0,45,0.3233635815932998,0.14998165691849,0.0,0,41.517,0.4733452385117898
2026-07-17T13:48:37.782000Z,40,-71,80.0,3.0,4,10.0,0.0020986274755573553,8688,14.059,0.026068035248363115,0.020909044219608652,130,cwpb-10m-2a,1,1.0,153.406,-91.0,5,2.0,4493729.0,87.8,-80.0,-80.0,11.0,7606548.0,31531.0,175.5,31525.0,,3,2.0,-34.0,39,0.16246876548229622,0.028235075816839636,0.12346497202759069,1233,919.438,0.19070384129913587
2026-07-17T13:51:42.407000Z,40,-50,80.0,1.0,4,10.0,0.00010699362747655406,1448,2.134,0.010162949835080983,0.004171331724102512,527,cwpb-10m-2a,1,1.0,619.0,-92.0,5,0.0,4597845.0,468.0,-70.0,-67.0,22.0,7881739.0,27686.0,780.0,27686.0,4.0,3,2.0,-24.0,69,0.4962501641382314,0.2701973604229212,0.010869256063155953,126,3.047,0.7664475245611526
2026-07-17T13:52:40.633000Z,40,-58,80.0,2.0,3,10.0,0.0005546993356928993,4344,31.8,0.021414857480431253,0.01729495146628319,325,cwpb-10m-2a,1,1.0,330.359,-92.0,5,1.0,4959510.0,52.0,-72.0,-71.0,20.0,7175059.0,23124.0,390.0,23124.0,,2,40.0,-37.0,43,0.3145357338159012,0.10005836052891132,0.0034766634417055537,42,123.388,0.41459409434481254
2026-07-17T13:54:13.295000Z,40,-70,80.0,3.0,3,10.0,0.000456082946120176,2896,40.605,0.055800718751538435,0.021985003338297983,130,cwpb-10m-2a,1,1.0,101.39,-92.0,5,2.0,5418897.0,117.0,-80.0,-80.0,12.0,8030514.0,24863.0,117.0,24863.0,,2,2.0,-39.0,35,0.2438006197355825,0.0844575513468624,0.00376074630896556,42,275.654,0.3282581710824449
2026-07-17T13:57:27.298000Z,40,-50,80.0,1.0,4,10.0,0.00010991800019492532,1448,2.982,0.004495643184167774,0.0024102511427250783,527,cwpb-10m-2a,1,1.0,619.0,-92.0,5,0.0,4394360.0,468.0,-70.0,-71.0,22.0,7681071.0,28430.0,780.0,28428.0,4.0,3,2.0,-23.0,66,0.48314635855419574,0.2651242767272632,0.009620411591973134,105,2.089,0.748270635281459
2026-07-17T13:58:16.418000Z,40,-61,80.0,2.0,4,10.0,0.0004057041600650954,2896,19.26,0.019514596563776895,0.015951928509064763,292,cwpb-10m-2a,1,1.0,76.703,-92.0,5,1.0,6103013.0,263.3,-76.0,-77.0,18.0,7503413.0,21449.0,87.8,21449.0,,3,40.0,-37.0,40,0.2746650069941673,0.19772413303671532,0.0,0,31.115,0.4723891400308826
2026-07-17T13:59:48.979000Z,40,-69,80.0,3.0,3,10.0,0.00046253288550276604,2896,25.636,0.028832767193422936,0.023603307482923327,195,cwpb-10m-2a,1,1.0,25.343,-92.0,5,1.0,4860950.0,117.0,-81.0,-81.0,12.0,7368741.0,23718.0,29.3,23712.0,,2,2.0,-39.0,35,0.23786651740807305,0.07198517666015847,0.25444226573076784,2042,405.788,0.30985169406823154
2026-07-17T14:03:11.203000Z,40,-51,80.0,1.0,4,10.0,0.0003081414537946208,4344,2.257,0.018774184020085658,0.00488726824508243,216,cwpb-10m-2a,1,1.0,619.0,-91.0,5,0.0,4735241.0,156.0,-72.0,-74.0,20.0,7762992.0,23726.0,780.0,23725.0,4.0,3,2.0,-26.0,67,0.5205991623779388,0.24269900761131524,0.007187452175608403,63,2.932,0.763298169989254
2026-07-17T14:03:52.100000Z,40,-59,80.0,2.0,4,10.0,0.0003305736575977772,2896,74.945,0.025788411362181855,0.013998253813363462,292,cwpb-10m-2a,1,1.0,101.39,-90.0,5,3.0,5427262.0,234.0,-75.0,-75.0,16.0,7583643.0,23830.0,117.0,23829.0,,3,40.0,-36.0,45,0.3395716579529205,0.14304085441812148,0.0,0,65.856,0.48261251237104197
2026-07-17T14:05:24.707000Z,40,-68,80.0,3.0,4,10.0,0.00033081648031645675,2168,55.694,0.028945010584354846,0.015564685943197577,130,cwpb-10m-2a,1,1.0,101.39,-91.0,5,2.0,5490236.0,117.0,-81.0,-82.0,10.0,7204251.0,23622.0,117.0,23621.0,,3,2.0,-36.0,37,0.24820853990407624,0.09804076238591958,0.0055255926976155575,63,240.887,0.34624930228999584
2026-07-17T14:09:27.734000Z,40,-58,80.0,2.0,3,10.0,0.0009110283277687283,5792,43.086,0.03210554817112195,0.015292486261619847,325,cwpb-10m-2a,1,1.0,202.796,-92.0,5,2.0,6230273.0,117.0,-72.0,-73.0,20.0,7229258.0,17059.0,234.0,17059.0,,2,40.0,-36.0,45,0.24510664175565186,0.09545119514057857,0.0022732237001797154,21,162.501,0.3405578368962304
2026-07-17T14:11:00.222000Z,40,-69,80.0,3.0,4,10.0,0.0006796261299653419,4344,39.682,0.01642888790429774,0.014373683940218786,195,cwpb-10m-2a,1,1.0,51.585,-91.0,5,1.0,5718011.0,121.5,-81.0,-80.0,11.0,7908374.0,25049.0,58.5,25046.0,,3,2.0,-36.0,37,0.24375187423528544,0.09851706849893517,0.0018834366605739578,21,198.956,0.3422689427342206
2026-07-17T14:14:39.765000Z,40,-50,80.0,1.0,4,10.0,0.0005248898669319899,7240,3.63,0.01553881750603062,0.004876996558985158,527,cwpb-10m-2a,1,1.0,478.125,-91.0,5,0.0,5083156.0,130.0,-70.0,-69.0,21.0,7868648.0,26832.0,585.0,26831.0,4.0,3,2.0,-24.0,76,0.5062143832617632,0.2068522195872802,0.006334451109865023,63,1.544,0.7130666028490433
2026-07-17T14:15:03.845000Z,40,-58,80.0,2.0,3,10.0,0.000711349071398816,4344,33.396,0.06436863092600797,0.024818105558694122,325,cwpb-10m-2a,1,1.0,227.171,-91.0,5,2.0,5029149.0,234.0,-73.0,-74.0,19.0,6842575.0,13882.0,263.3,13882.0,,2,40.0,-37.0,43,0.23331758658644314,0.10227465507641864,0.0016704014594339496,21,135.518,0.3355922416628618
2026-07-17T14:16:36.101000Z,40,-71,80.0,3.0,3,10.0,0.0,0,36.641,0.016797124993846304,0.01295002824713677,260,cwpb-10m-2a,1,1.0,227.171,-91.0,5,1.0,5497822.0,234.0,-77.0,-77.0,14.0,7787818.0,26798.0,263.3,26797.0,,2,2.0,-37.0,35,0.32497001172538453,0.12201246538809134,0.0,0,168.697,0.4469824771134759
2026-07-17T14:20:28.513000Z,40,-53,80.0,1.0,4,10.0,0.0,0,2.298,0.2598729877418402,0.10173591495043913,527,cwpb-10m-2a,1,1.0,619.0,-91.0,5,0.0,4010253.0,351.0,-67.0,-68.0,24.0,7918795.0,22083.0,780.0,22083.0,4.0,3,2.0,-29.0,72,0.6519493100836438,0.30436093567081,0.00857498426718254,63,2.586,0.9563102457544538
2026-07-17T14:22:11.830000Z,40,-66,80.0,3.0,3,10.0,0.0,0,22.832,0.014995323192044501,0.009890606543064045,292,cwpb-10m-2a,1,1.0,227.171,-90.0,5,0.0,5167325.0,175.5,-77.0,-78.0,13.0,7231837.0,20706.0,263.3,20706.0,,2,2.0,-37.0,35,0.32789150851881604,0.11264646530925712,0.0040206478270353365,42,200.843,0.44053797382807314
2026-07-17T14:26:15.076000Z,40,-59,80.0,2.0,3,10.0,0.051873005150484666,185344,29.178,0.047220991483286553,0.021365107082327566,325,cwpb-10m-2a,1,1.0,76.703,-91.0,5,2.0,4593619.0,234.0,-72.0,-73.0,20.0,4896565.0,24892.0,87.8,24890.0,,2,40.0,-39.0,39,0.14170594152835142,0.1191656756025081,0.006031325276618457,63,100.18,0.2608716171308595
2026-07-17T14:26:18.940000Z,40,-45,80.0,1.0,4,10.0,0.0011585869350186683,10136,3.329,0.023252104563579967,0.005728176946912502,650,cwpb-10m-2a,1,1.0,478.125,-91.0,5,0.0,874398.0,780.0,-69.0,-65.0,23.0,5372278.0,19638.0,585.0,19638.0,4.0,3,40.0,-28.0,65,0.3088885924510084,0.004419604382584252,0.29787279116867077,2390,8.709,0.3133081968335927
2026-07-17T14:27:47.432000Z,40,-63,80.0,3.0,3,10.0,0.0003575841966127798,2896,23.507,0.017691133756707538,0.012962867854758359,260,cwpb-10m-2a,1,1.0,76.703,-91.0,5,2.0,4507674.0,117.0,-75.0,-73.0,16.0,7338394.0,28077.0,87.8,28076.0,,2,2.0,-37.0,35,0.31016764319347456,0.08658821124835031,0.0022671627053420795,21,260.049,0.3967558544418249
2026-07-17T14:31:51.126000Z,40,-57,80.0,2.0,4,10.0,0.0005955257391434969,4344,26.303,0.01256338305518633,0.014832314724462023,390,cwpb-10m-2a,1,1.0,153.406,-90.0,5,3.0,5176061.0,87.8,-70.0,-67.0,20.0,6261851.0,17870.0,175.5,17870.0,,3,40.0,-39.0,45,0.2982921043700096,0.07199503960116653,0.008615854283822243,84,437.274,0.3702871439711761
2026-07-17T14:33:23.191000Z,40,-68,80.0,3.0,3,10.0,0.00020742450063480943,1448,60.932,0.01201595037660611,0.011091366647835242,260,cwpb-10m-2a,1,1.0,101.39,-91.0,5,1.0,5036788.0,175.5,-76.0,-73.0,15.0,7027829.0,21555.0,117.0,21553.0,,2,2.0,-40.0,41,0.26585797988012105,0.11305364157945173,0.008290318373482562,63,162.604,0.3789116214595728
2026-07-17T14:37:26.838000Z,40,-60,80.0,2.0,4,10.0,0.00036966607890095906,2896,35.909,0.026808447792054345,0.015271429305120437,260,cwpb-10m-2a,1,1.0,330.359,-91.0,5,3.0,5257374.0,263.3,-74.0,-75.0,18.0,6813352.0,15418.0,390.0,15418.0,,3,40.0,-40.0,43,0.29681541078401946,0.19571728667576863,0.0020169841385943073,21,27.594,0.4925326974597881
2026-07-17T14:37:47.055000Z,40,-49,80.0,1.0,4,10.0,0.058633776487485016,624088,2.936,0.0025619061684635457,0.0019161830414462535,650,cwpb-10m-2a,1,1.0,297.515,-91.0,5,0.0,4907569.0,130.0,-68.0,-64.0,23.0,5644799.0,15256.0,351.0,15256.0,4.0,3,2.0,-28.0,71,0.3863097590532947,0.3307614873640188,0.004453945927310413,42,2.439,0.7170712464173135
2026-07-17T14:38:58.942000Z,40,-70,80.0,3.0,3,10.0,0.000432692000915245,2896,29.147,0.011950967360803425,0.012902264906784451,195,cwpb-10m-2a,1,1.0,101.39,-91.0,5,2.0,5301743.0,175.5,-79.0,-79.0,12.0,6961799.0,22057.0,117.0,22054.0,,2,2.0,-40.0,41,0.25554460012950697,0.14142305518785464,0.006823892593493751,63,127.514,0.3969676553173616
2026-07-17T14:43:33.301000Z,40,-51,80.0,1.0,4,10.0,0.0005633686699905465,7240,2.666,0.008999163097523752,0.0029875199013918137,650,cwpb-10m-2a,1,1.0,619.0,-92.0,5,1.0,5833524.0,650.0,-70.0,-67.0,22.0,7132765.0,24437.0,780.0,24436.0,4.0,3,2.0,-28.0,54,0.46708645879434396,0.2803276846860086,0.007122890869958586,84,3.94,0.7474141434803525
2026-07-17T14:44:34.825000Z,40,-70,80.0,3.0,4,10.0,0.003387692697400946,17376,23.448,0.013067493723231424,0.01587386369472549,260,cwpb-10m-2a,1,1.0,227.171,-92.0,5,0.0,3836731.0,175.5,-81.0,-82.0,11.0,6859411.0,25397.0,263.3,25395.0,,3,2.0,-39.0,31,0.20679909837069924,0.07503840180487423,0.11064685861640318,1207,219.847,0.28183750017557346
2026-07-17T14:48:38.395000Z,40,-57,80.0,2.0,4,10.0,0.0007843875306518718,5792,23.032,0.0318574312016935,0.013819526475270917,390,cwpb-10m-2a,1,1.0,299.7,-91.0,5,2.0,5416714.0,263.3,-71.0,-72.0,20.0,6532838.0,21836.0,351.0,21836.0,,3,40.0,-37.0,40,0.28202029262246686,0.16900733662643685,0.0,0,18.271,0.4510276292489037
2026-07-17T14:49:18.754000Z,40,-58,80.0,1.0,4,10.0,8.090849558661942e-05,1448,1.599,0.0428218382316743,0.007665759334394741,527,cwpb-10m-2a,1,1.0,563.578,-91.0,5,1.0,4937040.0,526.6,-69.0,-71.0,22.0,8177161.0,26322.0,702.0,26322.0,4.0,3,40.0,-28.0,54,0.6562745877592174,0.3043534236675758,0.005930165872843472,63,2.291,0.9606280114267932
2026-07-17T14:50:10.159000Z,40,-68,80.0,3.0,4,10.0,0.0004365105803311857,2896,27.043,0.03148919411214494,0.01753839042678856,260,cwpb-10m-2a,1,1.0,202.796,-92.0,5,2.0,4890081.0,234.0,-79.0,-80.0,14.0,7174529.0,28158.0,234.0,28158.0,,3,2.0,-39.0,31,0.25401668068964467,0.09930731042006703,0.007151151071091045,63,193.051,0.3533239911097117
2026-07-17T14:54:13.939000Z,40,-58,80.0,2.0,4,10.0,0.00016104472690634425,1448,39.234,0.022153300841825433,0.014878537311899745,325,cwpb-10m-2a,1,1.0,251.312,-91.0,5,2.0,4985820.0,234.0,-73.0,-73.0,19.0,6780067.0,19421.0,292.5,19421.0,,3,40.0,-39.0,47,0.3381628311917436,0.1912641074034194,0.0018118935967920084,21,59.756,0.529426938595163
2026-07-17T14:55:02.853000Z,40,-48,80.0,1.0,4,10.0,8.778709120262971e-05,1448,2.825,0.004399153251612268,0.0023203738893739405,234,cwpb-10m-2a,1,1.0,563.578,-91.0,5,0.0,5178821.0,650.0,-65.0,-61.0,26.0,7535329.0,24924.0,702.0,24924.0,4.0,3,40.0,-28.0,76,0.6047359350027093,0.4200608364279759,0.0023356649768185547,21,2.574,1.0247967714306851
2026-07-17T14:55:45.851000Z,40,-67,80.0,3.0,4,10.0,0.0015003400548266085,10136,27.039,0.03746566238369517,0.018254326947768476,260,cwpb-10m-2a,1,1.0,299.7,-92.0,5,2.0,4219018.0,263.3,-76.0,-77.0,16.0,6662279.0,25227.0,351.0,25217.0,,3,2.0,-39.0,31,0.2703159642988426,0.13324725161343964,0.009279882558238903,84,148.909,0.4035632159122822
2026-07-17T14:59:49.697000Z,40,-60,80.0,2.0,3,10.0,0.00038438930396530286,2896,42.461,0.023252104563579973,0.01370705151250578,260,cwpb-10m-2a,1,1.0,251.312,-91.0,5,0.0,4843275.0,234.0,-73.0,-75.0,17.0,6723157.0,24233.0,292.5,24233.0,,2,40.0,-39.0,43,0.2894030227958299,0.14550340279367,0.13490554348940648,1187,48.202,0.4349064255894999
2026-07-17T15:00:47.351000Z,40,-43,80.0,1.0,4,10.0,0.0001679834144037082,2896,2.771,0.004300694136759711,0.002541728724770171,650,cwpb-10m-2a,1,1.0,619.0,-91.0,5,0.0,5823533.0,526.6,-65.0,-61.0,26.0,8366613.0,22345.0,780.0,22344.0,4.0,3,40.0,-29.0,52,0.6322229963004784,0.39750651441212426,0.002467643072162952,21,3.106,1.0297295107126025
2026-07-17T15:01:21.509000Z,40,-67,80.0,3.0,4,10.0,0.00035222612876392403,2896,30.386,0.015034706837985525,0.010313286425966822,292,cwpb-10m-2a,1,1.0,251.312,-92.0,5,1.0,5557321.0,175.5,-77.0,-77.0,16.0,7645071.0,26765.0,292.5,26764.0,,3,2.0,-42.0,34,0.32346054218748066,0.13985611568310968,0.009808000561839258,84,167.018,0.46331665787059034
2026-07-17T15:05:25.685000Z,40,-61,80.0,2.0,3,10.0,0.0007787274089253082,5792,38.176,0.017466646974843694,0.013900159211134511,260,cwpb-10m-2a,1,1.0,101.39,-92.0,5,3.0,6392404.0,234.0,-74.0,-75.0,18.0,7303177.0,23597.0,117.0,23597.0,,2,40.0,-38.0,39,0.2829032167993471,0.16014095371083478,0.0018807512502071807,21,77.378,0.44304417051018186
2026-07-17T15:06:31.904000Z,40,-50,80.0,1.0,4,10.0,0.0002334351543828471,2896,2.59,0.0429222665288239,0.010744697242052284,468,cwpb-10m-2a,1,1.0,478.125,-92.0,5,0.0,4093477.0,468.0,-69.0,-65.0,23.0,7133311.0,26570.0,585.0,26570.0,4.0,3,40.0,-29.0,60,0.45636379191975895,0.17567820009538043,0.011955146045157478,105,1.775,0.6320419920151394
2026-07-17T15:06:57.247000Z,40,-71,80.0,3.0,4,10.0,0.010701480842762736,56472,20.485,0.1249012947373603,0.025001797545067022,325,cwpb-10m-2a,1,1.0,153.406,-90.0,5,0.0,5423764.0,108.0,-77.0,-78.0,13.0,6379553.0,19027.0,175.5,19025.0,,3,2.0,-42.0,34,0.20973240634987333,0.06594600862068904,0.10399004156074786,1187,251.003,0.2756784149705624
2026-07-17T15:11:01.397000Z,40,-60,80.0,2.0,3,10.0,0.0006715521796981436,4344,40.589,0.031658543789691324,0.016580042113913,260,cwpb-10m-2a,1,1.0,153.406,-91.0,5,2.0,6227522.0,150.0,-75.0,-75.0,18.0,7418580.0,14558.0,175.5,14557.0,,2,40.0,-38.0,45,0.24513113527436434,0.13890406909702163,0.0025296481177644677,21,54.274,0.38403520437138594
2026-07-17T15:12:15.838000Z,40,-50,80.0,1.0,4,10.0,0.00035277078140778264,4344,2.382,0.40923546497316987,0.11882800061630118,351,cwpb-10m-2a,1,1.0,619.0,-91.0,5,0.0,4990196.0,121.5,-68.0,-69.0,23.0,7511092.0,28791.0,780.0,28791.0,4.0,3,40.0,-28.0,61,0.45118182121149975,0.24862725651210094,0.0036258304545604375,42,5.341,0.6998090777236007
2026-07-17T15:12:32.957000Z,40,-69,80.0,3.0,3,10.0,0.15975722694003025,700832,13.379,0.01307537045241963,0.011036926711519696,195,cwpb-10m-2a,1,1.0,22.617,-91.0,5,2.0,5617805.0,175.5,-80.0,-81.0,11.0,6310862.0,19413.0,26.0,19410.0,,2,2.0,-40.0,33,0.16837672059074335,0.09679082991743786,0.00954304854554879,84,257.6,0.2651675505081812
2026-07-17T15:16:37.280000Z,40,-58,80.0,2.0,4,10.0,0.0003618625690158849,2896,39.469,0.02862600305223256,0.01363977196856864,325,cwpb-10m-2a,1,1.0,227.171,-90.0,5,2.0,6631268.0,117.0,-74.0,-74.0,16.0,7426595.0,22948.0,263.3,22948.0,,3,40.0,-37.0,39,0.31748912098788157,0.10307423476600698,0.00491242941554271,42,189.478,0.42056335575388853
2026-07-17T15:18:10.636000Z,40,-69,80.0,3.0,3,10.0,0.0011196740890259186,4344,38.364,0.03310589277802393,0.01772790303528324,130,cwpb-10m-2a,1,1.0,25.343,-91.0,5,0.0,6562732.0,40.5,-78.0,-77.0,13.0,5437475.0,20015.0,29.3,20009.0,,2,2.0,-40.0,33,0.15359148134722697,0.01901813731757699,0.09947175048442876,1182,1693.175,0.17260961866480395
2026-07-17T15:21:09.541000Z,40,-60,80.0,1.0,4,10.0,0.0002739806652347073,2896,2.078,0.009631270614877173,0.0032453392224333624,468,cwpb-10m-2a,1,1.0,434.117,-91.0,5,0.0,0.0,162.0,-74.0,-74.0,17.0,0.0,0.0,526.6,0.0,4.0,3,40.0,-28.0,83,0.38486064380468393,0.11607558702353706,0.1688572151061062,1240,3.917,0.500936230828221
2026-07-17T15:22:31.600000Z,40,-60,80.0,2.0,3,10.0,0.13922359427673114,739928,8.723,0.018305518633387488,0.01735606799856197,260,cwpb-10m-2a,1,1.0,330.359,-92.0,5,0.0,0.0,65.0,-72.0,-72.0,20.0,0.0,0.0,390.0,0.0,,2,2.0,-31.0,38,0.20226659625891352,0.12611427337226702,0.005900352372861484,63,54.824,0.3283808696311805
2026-07-17T15:24:07.298000Z,40,-66,80.0,3.0,3,10.0,0.00040715258637352594,2896,41.152,0.024402107025057847,0.012614144111755946,195,cwpb-10m-2a,1,1.0,51.585,-91.0,5,1.0,6008884.0,58.5,-80.0,-76.0,11.0,7021007.0,17272.0,58.5,17272.0,,2,2.0,-41.0,36,0.26881195743434466,0.05848417846648232,0.009067252232376501,84,705.228,0.32729613590082696
2026-07-17T15:26:53.538000Z,40,-46,80.0,1.0,4,10.0,0.00017490583363912566,2896,2.968,0.02932506276768572,0.0072153458990293256,527,cwpb-10m-2a,1,1.0,619.0,-91.0,5,0.0,4795475.0,468.0,-65.0,-60.0,26.0,8146548.0,23903.0,780.0,23902.0,4.0,3,40.0,-28.0,65,0.6073146173440361,0.2926160973950946,0.008050733794509725,63,4.215,0.8999307147391307
2026-07-17T15:28:07.415000Z,40,-56,80.0,2.0,4,10.0,0.0005198348259211918,4344,30.209,0.012862698764338107,0.01415130193621283,390,cwpb-10m-2a,1,1.0,299.7,-92.0,5,2.0,5733078.0,234.0,-69.0,-70.0,24.0,6737394.0,21114.0,351.0,21114.0,,3,2.0,-29.0,43,0.3248725889178323,0.1453838263439589,0.002061106550488476,21,41.769,0.4702564152617912
2026-07-17T15:29:42.966000Z,40,-67,80.0,3.0,3,10.0,0.001357507614204048,7240,22.768,0.020361344951508882,0.013656206666324278,260,cwpb-10m-2a,1,1.0,202.796,-91.0,5,2.0,6832980.0,117.0,-76.0,-76.0,15.0,5609316.0,24608.0,234.0,24608.0,,2,2.0,-41.0,36,0.20973240634987333,0.11468543386950626,0.12009329036217667,1202,211.579,0.3244178402193796
2026-07-17T15:32:37.426000Z,40,-44,80.0,1.0,4,10.0,0.00016803830568337552,2896,3.619,0.005883916703588834,0.002991628575830723,650,cwpb-10m-2a,1,1.0,619.0,-91.0,5,0.0,5295718.0,526.6,-65.0,-61.0,26.0,9188567.0,23722.0,780.0,23722.0,4.0,3,40.0,-28.0,78,0.6323309527046075,0.33735157813425715,0.008425876496096493,84,2.356,0.9696825308388646
2026-07-17T15:33:43.226000Z,40,-54,80.0,2.0,3,10.0,0.0006097497496521172,4344,19.69,0.015359621916998965,0.013666478352421553,433,cwpb-10m-2a,1,1.0,251.312,-91.0,5,2.0,6123034.0,234.0,-69.0,-69.0,23.0,6938924.0,11998.0,292.5,11997.0,,2,2.0,-30.0,45,0.2731610164144313,0.14888227093610223,0.0,0,97.551,0.42204328735053354
2026-07-17T15:35:18.869000Z,40,-67,80.0,3.0,4,10.0,0.0005155623266899854,4344,48.383,0.017909712991680208,0.012652149350315856,260,cwpb-10m-2a,1,1.0,299.7,-91.0,5,2.0,7280005.0,108.0,-74.0,-72.0,16.0,6710694.0,21536.0,351.0,21535.0,,3,2.0,-39.0,39,0.31906146605765023,0.1210485039597418,0.00490271504306844,42,173.153,0.44010997001739205
2026-07-17T15:38:22.287000Z,40,-46,80.0,1.0,4,10.0,0.00018624951267576763,2896,3.49,0.013410131442918327,0.005552873504185712,650,cwpb-10m-2a,1,1.0,619.0,-91.0,5,0.0,4709174.0,468.0,-66.0,-60.0,25.0,8089375.0,26000.0,780.0,25999.0,4.0,3,2.0,-24.0,59,0.5707868423391141,0.2378637321106155,0.010550273568408593,105,2.637,0.8086505744497297
2026-07-17T15:39:18.796000Z,40,-55,80.0,2.0,4,10.0,0.0004004690382774378,2896,101.144,0.013805937084625606,0.01051461147347337,433,cwpb-10m-2a,1,1.0,202.796,-91.0,5,2.0,6972936.0,175.5,-69.0,-69.0,22.0,6417557.0,20960.0,234.0,20960.0,,3,2.0,-30.0,40,0.2805717813381278,0.15518404593899637,0.006979742072711094,63,65.197,0.4357558272771242
2026-07-17T15:40:54.660000Z,40,-62,80.0,3.0,4,10.0,0.0005490319109013745,4344,22.058,0.013299857234283466,0.011971650146371526,260,cwpb-10m-2a,1,1.0,202.796,-92.0,5,3.0,6600651.0,108.0,-74.0,-74.0,19.0,6651466.0,23996.0,234.0,23990.0,,3,2.0,-39.0,39,0.31016764319347456,0.0876686278512392,0.008415538842944076,84,303.115,0.39783627104471375
2026-07-17T15:44:07.356000Z,40,-52,80.0,1.0,5,10.0,8.59911007763218e-05,1448,1.754,0.006007975188303058,0.002123157516306302,650,cwpb-10m-2a,1,1.0,619.0,-92.0,5,0.0,5219988.0,468.0,-65.0,-61.0,27.0,8189495.0,27675.0,780.0,27675.0,4.0,4,2.0,-25.0,61,0.6167394687930747,0.3322549537319009,0.004225916042791074,42,2.618,0.9489944225249756
2026-07-17T15:44:54.619000Z,40,-58,80.0,2.0,3,10.0,0.00037233284997411145,2896,44.498,0.02686949244326293,0.014015715679728829,325,cwpb-10m-2a,1,1.0,251.312,-91.0,5,3.0,6145027.0,234.0,-69.0,-70.0,23.0,7751815.0,27247.0,292.5,27247.0,,2,2.0,-31.0,27,0.3012153910732107,0.18147444148706834,0.004782725294309553,42,38.562,0.4826898325602791
2026-07-17T15:46:30.394000Z,40,-64,80.0,3.0,3,10.0,0.00033750516408487453,2896,29.204,0.023007925958745627,0.009289712906373582,260,cwpb-10m-2a,1,1.0,251.312,-91.0,5,0.0,6346286.0,175.5,-75.0,-76.0,17.0,7430664.0,26593.0,292.5,26593.0,,2,2.0,-38.0,39,0.32346054218748066,0.13991784468563492,0.004301443503996081,42,162.105,0.4633783868731156
2026-07-17T15:49:51.351000Z,40,-47,80.0,1.0,4,10.0,0.0001767088456399745,2896,2.641,0.013697632058287794,0.0041744132299316936,650,cwpb-10m-2a,1,1.0,619.0,-91.0,5,0.0,5525549.0,526.6,-66.0,-67.0,26.0,8000349.0,23925.0,780.0,23925.0,4.0,3,40.0,-29.0,75,0.6047852151557784,0.3427677741481654,0.0021145647675326097,21,2.544,0.9475529893039438
2026-07-17T15:50:31.196000Z,40,-61,80.0,2.0,3,10.0,0.000342990484033327,2896,47.947,0.016491901737803377,0.012754866211288584,292,cwpb-10m-2a,1,1.0,330.359,-91.0,5,2.0,6246476.0,234.0,-69.0,-69.0,22.0,7958314.0,25411.0,390.0,25411.0,,2,2.0,-30.0,37,0.3175208508620557,0.15078354685663353,0.0023338106857921856,21,54.867,0.46830439771868926
2026-07-17T15:52:05.933000Z,40,-61,80.0,3.0,3,10.0,0.00015596098038901782,1448,25.041,0.0314340570078275,0.01271480663550922,260,cwpb-10m-2a,1,1.0,227.171,-91.0,5,0.0,6744603.0,121.5,-74.0,-74.0,18.0,7584271.0,25215.0,263.3,25215.0,,2,2.0,-38.0,39,0.3618984221487237,0.1857647477120276,0.003926662642642276,42,76.144,0.5476631698607513
2026-07-17T15:55:36.530000Z,40,-46,80.0,1.0,4,10.0,0.35603902907497653,679112,1.0,0.021138384285925266,0.004829849519798675,351,cwpb-10m-2a,1,1.0,619.0,-91.0,5,0.0,2671576.0,526.6,-70.0,-71.0,21.0,3735110.0,4518.0,780.0,4518.0,4.0,3,2.0,-24.0,58,0.06976022115015616,0.030419352853731978,0.00593906591398258,42,1.111,0.10017957400388813
2026-07-17T15:56:06.805000Z,40,-58,80.0,2.0,3,10.0,0.0006872991696215781,4344,38.097,0.010934869295525033,0.012922808278978995,325,cwpb-10m-2a,1,1.0,299.7,-91.0,5,3.0,6339486.0,234.0,-70.0,-70.0,21.0,7187188.0,16078.0,351.0,16078.0,,2,2.0,-30.0,45,0.25549352185644486,0.191148246348837,0.001968891782801043,21,35.723,0.4466417682052819
2026-07-17T15:57:42.177000Z,40,-66,80.0,3.0,3,10.0,0.012956648556426859,85432,22.534,0.06170432727809776,0.0153566842997278,195,cwpb-10m-2a,1,1.0,107.7,-90.0,5,0.0,5899937.0,108.0,-79.0,-78.0,11.0,7228444.0,24554.0,121.5,24554.0,,2,2.0,-38.0,39,0.25551905844033856,0.10020793143771244,0.15443949138153082,1214,188.558,0.355726989878051
2026-07-17T16:01:22.238000Z,40,-53,80.0,1.0,4,10.0,0.42778615529704006,642912,1.0,0.04083611480332791,0.010182681937239998,468,cwpb-10m-2a,1,1.0,563.578,-92.0,5,0.0,2764365.0,468.0,-71.0,-68.0,21.0,3711827.0,6158.0,702.0,6152.0,4.0,3,2.0,-22.0,73,0.0545092091944807,0.016287440615303028,0.011619022178445836,126,1.65,0.07079664980978373
2026-07-17T16:01:42.760000Z,40,-57,80.0,2.0,4,10.0,0.2777099645727752,422816,9.652,0.03181214000886132,0.011538527382603189,390,cwpb-10m-2a,1,1.0,251.312,-91.0,5,3.0,5936091.0,175.5,-69.0,-69.0,23.0,1973217.0,6019.0,292.5,6018.0,,3,2.0,-30.0,38,0.06496153456490653,0.17510296280096108,0.011788310941090084,84,55.04,0.2400644973658676
2026-07-17T16:03:17.472000Z,40,-69,80.0,3.0,4,10.0,0.0005781523033412272,2896,20.258,0.016836508639787324,0.013933542190950646,195,cwpb-10m-2a,1,1.0,101.39,-91.0,5,2.0,5863930.0,175.5,-79.0,-80.0,12.0,7676537.0,18914.0,117.0,18913.0,,3,40.0,-42.0,37,0.20238791981960064,0.10714048157502092,0.0022698636139656305,21,177.102,0.30952840139462157
2026-07-17T16:07:08.075000Z,40,-52,80.0,1.0,4,10.0,0.38827023266547384,534312,1.0,0.38123369270910257,0.5351034872374301,527,cwpb-10m-2a,1,1.0,619.0,-92.0,5,0.0,2199030.0,526.6,-72.0,-72.0,20.0,3238177.0,5058.0,780.0,5058.0,4.0,3,2.0,-27.0,64,0.05095304798768416,0.01538414055451505,0.30722356527224076,1238,1.61,0.06633718854219921
2026-07-17T16:08:52.834000Z,40,-71,80.0,3.0,4,10.0,0.0005732663010544173,2896,48.833,0.014973662186776945,0.012784140516665814,195,cwpb-10m-2a,1,1.0,46.921,-92.0,5,0.0,5159226.0,117.0,-80.0,-80.0,13.0,7723173.0,8046.0,54.0,8044.0,,3,40.0,-42.0,37,0.19350487061829716,0.10120899956226363,0.006331332738790262,63,258.035,0.2947138701805608
2026-07-17T16:12:53.979000Z,40,-61,80.0,1.0,6,10.0,0.0,0,,0.3570127504553735,1.0,527,cwpb-10m-2a,1,1.0,619.0,-92.0,5,0.0,1572602.0,468.0,-70.0,-67.0,22.0,2087390.0,3772.0,780.0,3772.0,3.0,5,2.0,-26.0,71,0.0,0.0,0.0,0,,0.0
2026-07-17T16:12:57.887000Z,40,-59,80.0,2.0,4,10.0,0.00036503387859367233,2896,32.13,0.013488898734800374,0.013650043654665916,325,cwpb-10m-2a,1,1.0,5.242,-92.0,5,3.0,6484998.0,234.0,-69.0,-67.0,23.0,7736622.0,24510.0,6.0,24510.0,,3,2.0,-30.0,42,0.3076145415772619,0.20395905468954575,0.0018912261804281758,21,49.74,0.5115735962668077
2026-07-17T16:14:28.529000Z,40,-68,80.0,3.0,4,10.0,0.000996705741340556,4344,38.451,0.034149559395461035,0.015466077756663758,130,cwpb-10m-2a,1,1.0,35.468,-91.0,5,1.0,4885231.0,175.5,-78.0,-77.0,13.0,7168419.0,11221.0,40.5,11221.0,,3,2.0,-40.0,33,0.16689973181363152,0.09998165340780528,0.003478191335446208,42,242.134,0.2668813852214368
2026-07-17T16:18:32.989000Z,40,-58,80.0,2.0,4,10.0,0.00033296479325099055,2984,21.276,0.01906956136464333,0.013592522212521187,325,cwpb-10m-2a,1,1.0,299.7,-91.0,5,2.0,6238364.0,234.0,-71.0,-72.0,20.0,7174294.0,22935.0,351.0,22935.0,,3,2.0,-30.0,47,0.34115030953085995,0.22628629689563334,0.0022681122918200795,21,35.605,0.5674366064264933
2026-07-17T16:18:46.012000Z,40,-50,80.0,1.0,4,10.0,0.0,0,16.045,0.022225372913897506,0.003939294335165117,650,cwpb-10m-2a,1,1.0,619.0,-92.0,5,0.0,2145343.0,216.0,-72.0,-68.0,20.0,1940858.0,3227.0,780.0,3227.0,4.0,3,2.0,-24.0,73,0.0008281362746695763,0.01761587987880092,0.5691936733462558,6834,4.768,0.018444016153470494
2026-07-17T16:20:04.146000Z,40,-70,80.0,3.0,4,10.0,0.001275382779939006,5792,13.291,0.03268054940186088,0.018758153150839712,195,cwpb-10m-2a,1,1.0,118.742,-91.0,5,1.0,5103910.0,87.8,-77.0,-80.0,14.0,7538876.0,10752.0,135.0,10752.0,,3,2.0,-40.0,33,0.1713306981449669,0.10750405349279435,0.0035437203931195926,42,198.621,0.2788347516377613
2026-07-17T16:24:08.762000Z,40,-57,80.0,2.0,4,10.0,0.000568298873534026,4344,36.145,0.02763353517451878,0.014774279698012429,390,cwpb-10m-2a,1,1.0,330.359,-91.0,5,3.0,5426438.0,263.3,-71.0,-72.0,20.0,7154622.0,16377.0,390.0,16377.0,,3,2.0,-31.0,47,0.2908795688305025,0.16648746383852836,0.007535539898843485,84,84.974,0.45736703266903084
2026-07-17T16:26:04.840000Z,40,-50,80.0,1.0,4,10.0,0.028515797671051963,209960,2.771,0.3295544725052922,0.0993924297673463,468,cwpb-10m-2a,1,1.0,619.0,-85.0,5,0.0,0.0,468.0,-69.0,-69.0,16.0,0.0,0.0,780.0,0.0,4.0,3,2.0,-27.0,82,0.262180939136852,0.0019159851630989099,0.22037204381162406,1251,6.966,0.2640969242999509
2026-07-17T16:27:31.773000Z,40,-59,80.0,2.0,3,10.0,0.0003209869417933327,2896,48.352,0.011549254172204995,0.009587078218889633,325,cwpb-10m-2a,1,1.0,330.359,-92.0,5,2.0,5430432.0,39.0,-69.0,-70.0,23.0,6506387.0,12590.0,390.0,12590.0,,2,2.0,-32.0,44,0.342592911949714,0.19963586657968016,0.0,0,36.967,0.5422287785293941
2026-07-17T16:29:01.189000Z,40,-65,80.0,3.0,4,10.0,0.000528712158879945,2896,40.598,0.012707133362871067,0.013521133994145142,195,cwpb-10m-2a,1,1.0,157.281,-91.0,5,3.0,5318538.0,117.0,-73.0,-75.0,18.0,8046964.0,6816.0,180.0,6815.0,,3,2.0,-41.0,38,0.21705226709687245,0.10254809853558443,0.0043168741249406005,42,213.569,0.31960036563245686
2026-07-17T16:31:48.872000Z,40,-42,80.0,1.0,4,10.0,0.00015252450684590177,2896,1.995,0.008940087628612219,0.0033793847260027736,650,cwpb-10m-2a,1,1.0,478.125,-92.0,5,0.0,5279831.0,351.0,-65.0,-60.0,27.0,8753742.0,27839.0,585.0,27839.0,4.0,3,40.0,-29.0,76,0.6966330023739096,0.39001001469346847,0.009086871819463846,84,2.172,1.086643017067378
2026-07-17T16:33:07.393000Z,40,-57,80.0,2.0,3,10.0,0.0004826520221194087,4344,44.904,0.011639836557869347,0.010906989882389194,390,cwpb-10m-2a,1,1.0,330.359,-92.0,5,3.0,5580859.0,234.0,-73.0,-73.0,20.0,7273517.0,24356.0,390.0,24356.0,,2,2.0,-34.0,40,0.34551177211338874,0.20747083341396955,0.0019700981884889237,21,47.826,0.5529826055273583
2026-07-17T16:34:36.819000Z,40,-63,80.0,3.0,4,10.0,0.00034601245095639005,2896,24.665,0.023917688179983264,0.014229880334856967,260,cwpb-10m-2a,1,1.0,227.171,-91.0,5,3.0,6360783.0,87.8,-73.0,-75.0,19.0,7311443.0,17972.0,263.3,17972.0,,3,2.0,-41.0,38,0.3190295758561453,0.13332006423894,0.0058787759962194595,63,138.461,0.45234964009508527
2026-07-17T16:37:33.598000Z,40,-43,80.0,1.0,4,10.0,7.251398982212452e-05,1448,1.691,0.06099936001575347,0.01573570951671717,650,cwpb-10m-2a,1,1.0,619.0,-91.0,5,0.0,5803581.0,351.0,-65.0,-60.0,26.0,8377946.0,20274.0,780.0,20274.0,4.0,3,40.0,-28.0,73,0.7332734940985507,0.4500542190765929,0.0,0,3.092,1.1833277131751436
2026-07-17T16:38:43.188000Z,40,-60,80.0,2.0,4,10.0,0.00038087438862860923,2896,40.153,0.028121892384187466,0.012949514662831904,260,cwpb-10m-2a,1,1.0,101.39,-91.0,5,1.0,5977522.0,234.0,-72.0,-73.0,19.0,7097348.0,21471.0,117.0,21470.0,,3,2.0,-34.0,44,0.29976879795599976,0.15258364419787443,0.0020623046280584117,21,50.106,0.45235244215387416
2026-07-17T16:40:12.420000Z,40,-64,80.0,3.0,3,10.0,0.00030494891245220855,2896,24.257,0.031111111111111114,0.01553130296338144,292,cwpb-10m-2a,1,1.0,153.406,-91.0,5,0.0,4726350.0,117.0,-72.0,-74.0,20.0,6965266.0,18975.0,175.5,18975.0,,2,2.0,-39.0,40,0.36042128573179016,0.1071053738472809,0.01257281544270527,105,260.134,0.4675266595790711
2026-07-17T16:43:17.693000Z,40,-51,80.0,1.0,4,10.0,0.0002172675928875822,4344,1.722,0.005334514842711564,0.0029875199013918137,468,cwpb-10m-2a,1,1.0,619.0,-92.0,5,0.0,5068301.0,468.0,-64.0,-60.0,28.0,8732033.0,24022.0,780.0,24022.0,4.0,3,40.0,-29.0,74,0.7340984502839083,0.25845234234629905,0.00941735569350635,105,2.203,0.9925507926302073
2026-07-17T16:44:18.937000Z,40,-58,80.0,2.0,4,10.0,0.011365631102454934,95568,31.612,0.01351252892236499,0.013707565096810643,325,cwpb-10m-2a,1,1.0,299.7,-92.0,5,2.0,5675843.0,58.5,-73.0,-72.0,21.0,7173765.0,22877.0,351.0,22851.0,,3,2.0,-34.0,46,0.3203464714441296,0.19233045818731653,0.0,0,42.445,0.5126769296314462
2026-07-17T16:45:48.394000Z,40,-65,80.0,3.0,3,10.0,0.0,0,40.585,0.035014030423866485,0.020361049766319143,292,cwpb-10m-2a,1,1.0,227.171,-91.0,5,2.0,5199466.0,117.0,-75.0,-70.0,16.0,6752600.0,20402.0,263.3,20402.0,,2,2.0,-39.0,40,0.31167578397298246,0.10745734330923672,0.11396401556370216,1246,316.823,0.4191331272822192
2026-07-17T16:49:02.786000Z,40,-44,80.0,1.0,4,10.0,0.0,0,3.623,0.0065258701324275095,0.0029325663807714037,650,cwpb-10m-2a,1,1.0,478.125,-92.0,5,0.0,5939660.0,526.6,-64.0,-65.0,29.0,8236412.0,18315.0,585.0,18315.0,4.0,3,40.0,-28.0,71,0.7320763915018416,0.5114589968934334,0.0037746121466664534,42,2.12,1.243535388395275
2026-07-17T16:49:54.900000Z,40,-58,80.0,2.0,4,10.0,0.000307695669362183,2896,50.675,0.023807413971348397,0.014411175594473831,325,cwpb-10m-2a,1,1.0,299.7,-91.0,5,2.0,5115352.0,325.0,-72.0,-72.0,20.0,7011576.0,20746.0,351.0,20746.0,,3,2.0,-33.0,43,0.35591872119886253,0.22873429480842553,0.0018849548932623865,21,28.485,0.584653016007288
2026-07-17T16:51:24.169000Z,40,-65,80.0,3.0,4,10.0,0.0007612491853576711,5792,43.82,0.020211687096933,0.011055415746494789,260,cwpb-10m-2a,1,1.0,227.171,-92.0,5,2.0,5116079.0,234.0,-76.0,-77.0,17.0,6283386.0,19442.0,263.3,19441.0,,3,2.0,-41.0,36,0.2909667890910214,0.13340039211889912,0.0017326817987880678,21,113.541,0.42436718120992056
2026-07-17T16:54:46.718000Z,40,-49,80.0,1.0,4,10.0,0.0002684908241252067,4344,2.901,0.002061733865012554,0.0021462688100251657,58,cwpb-10m-2a,1,1.0,619.0,-92.0,5,0.0,4875827.0,526.6,-70.0,-65.0,22.0,8113222.0,25872.0,780.0,25870.0,4.0,3,2.0,-28.0,64,0.5925267447991629,0.36699184437566973,0.006476126341351657,63,3.916,0.9595185891748326
2026-07-17T16:55:30.757000Z,40,-54,80.0,2.0,4,10.0,0.000277179322388576,2896,16.284,0.020379067592182346,0.012465204663345488,433,cwpb-10m-2a,1,1.0,330.359,-91.0,5,1.0,6213119.0,325.0,-71.0,-72.0,21.0,7335833.0,12219.0,390.0,12219.0,,3,40.0,-37.0,38,0.4163859817776736,0.282795171123361,0.0,0,19.408,0.6991811529010346
2026-07-17T16:56:59.848000Z,40,-69,80.0,3.0,4,10.0,0.0008765035442473385,4344,27.014,0.03396445625953823,0.020328693955112734,195,cwpb-10m-2a,1,1.0,76.703,-92.0,5,2.0,4733828.0,117.0,-77.0,-75.0,15.0,5946372.0,20492.0,87.8,20491.0,,3,2.0,-43.0,37,0.18905456347030827,0.07689284908597445,0.11637854959576945,1159,279.239,0.26594741255628274
2026-07-17T17:00:31.809000Z,40,-51,80.0,1.0,4,10.0,0.0004161292341259327,5792,3.334,0.0921498547728056,0.0157762826768014,527,cwpb-10m-2a,1,1.0,619.0,-91.0,5,0.0,4087368.0,351.0,-70.0,-65.0,22.0,6936701.0,22674.0,780.0,22673.0,4.0,3,40.0,-30.0,72,0.5090992192740106,0.23371056033764734,0.00909148872438228,84,2.85,0.742809779611658
2026-07-17T17:01:06.041000Z,40,-56,80.0,2.0,4,10.0,0.0004686469857394756,4344,24.304,0.01504455274947078,0.014473319295362335,390,cwpb-10m-2a,1,1.0,330.359,-91.0,5,3.0,6137580.0,234.0,-70.0,-70.0,21.0,6807697.0,17299.0,390.0,17299.0,,3,40.0,-36.0,43,0.3514530734656548,0.15433061987303504,0.09605964577127983,1187,152.869,0.5057836933386899
2026-07-17T17:02:35.696000Z,40,-68,80.0,3.0,4,10.0,0.0005286014197545708,2896,20.72,0.026641067296805005,0.02006625237532741,195,cwpb-10m-2a,1,1.0,153.406,-92.0,5,1.0,4913692.0,58.5,-78.0,-77.0,14.0,7512934.0,24369.0,175.5,24368.0,,3,2.0,-43.0,37,0.20973240634987333,0.07736883623411676,0.0,0,60.557,0.2871012425839901
2026-07-17T17:06:15.169000Z,40,-50,80.0,1.0,4,10.0,0.0002790026742145525,4344,2.859,0.005641707281051544,0.0028221457552257204,527,cwpb-10m-2a,1,1.0,563.578,-92.0,5,0.0,4859031.0,526.6,-70.0,-65.0,22.0,7217322.0,21521.0,702.0,21521.0,4.0,3,2.0,-30.0,74,0.5723201100771733,0.24742540672655713,0.0072457879817485705,84,2.201,0.8197455168037304
2026-07-17T17:06:41.685000Z,40,-55,80.0,2.0,4,10.0,0.00015533851973841494,1448,58.217,0.020036429872495445,0.012985979148477225,433,cwpb-10m-2a,1,1.0,251.312,-91.0,5,4.0,5451772.0,117.0,-69.0,-70.0,22.0,7163112.0,17775.0,292.5,17775.0,,3,40.0,-36.0,43,0.35588315422362526,0.16027111818524664,0.005067269713306617,42,75.017,0.5161542724088719
2026-07-17T17:08:11.005000Z,40,-68,80.0,3.0,3,10.0,0.0007502872434867299,4344,40.925,0.028653571604391272,0.016619074521082633,130,cwpb-10m-2a,1,1.0,25.343,-92.0,5,2.0,5091118.0,87.8,-77.0,-75.0,15.0,7860028.0,26019.0,29.3,26013.0,,2,40.0,-43.0,33,0.22009332612310134,0.059218130069893425,0.15414589883031818,1211,383.225,0.27931145619299474
2026-07-17T17:11:59.264000Z,40,-54,80.0,1.0,4,10.0,0.00021694452130928925,2896,2.704,0.008814059961600944,0.005934466642699399,468,cwpb-10m-2a,1,1.0,619.0,-92.0,5,0.0,4919449.0,468.0,-72.0,-67.0,20.0,7379681.0,23905.0,780.0,23904.0,4.0,3,40.0,-30.0,73,0.49179473681443947,0.23503485215891637,0.11110813431725808,1237,2.39,0.7268295889733558
2026-07-17T17:12:17.503000Z,40,-58,80.0,2.0,3,10.0,0.11245830288290079,405440,24.088,0.024545857332742577,0.008104873915053157,325,cwpb-10m-2a,1,1.0,251.312,-91.0,5,4.0,5755168.0,234.0,-71.0,-71.0,21.0,3090257.0,5781.0,292.5,5780.0,,2,40.0,-36.0,38,0.14328223244255595,0.14782063148636373,0.004545543534077061,42,93.509,0.2911028639289197
2026-07-17T17:13:48.074000Z,40,-69,80.0,3.0,3,10.0,0.0013943420549578072,7056,67.194,0.03416531285383745,0.01934158492116481,195,cwpb-10m-2a,1,1.0,153.406,-91.0,5,3.0,5661525.0,117.0,-75.0,-74.0,16.0,6490392.0,27489.0,175.5,27488.0,,2,40.0,-43.0,33,0.19350487061829716,0.06793784042246513,0.11381782228192716,1164,322.618,0.2614427110407623
2026-07-17T17:17:44.493000Z,40,-51,80.0,1.0,4,10.0,0.000644366950388852,8688,2.995,0.34539457490277164,0.09967644188793591,527,cwpb-10m-2a,1,1.0,478.125,-92.0,5,0.0,1439792.0,216.0,-72.0,-71.0,20.0,6815503.0,23410.0,585.0,23410.0,4.0,3,40.0,-30.0,73,0.49452654141783914,0.02555487599708247,0.11992273393472799,1283,1.385,0.5200814174149216
2026-07-17T17:17:52.835000Z,40,-57,80.0,2.0,3,10.0,0.0003312193101549855,2896,53.318,0.025835671737311078,0.020815571876123467,390,cwpb-10m-2a,1,1.0,330.359,-92.0,4,3.0,3799042.0,325.0,-71.0,-72.0,21.0,6084422.0,12249.0,390.0,12249.0,,2,40.0,-37.0,41,0.33074631176666275,0.10881632616285107,0.6983097473088475,8111,34.557,0.43956263792951383
2026-07-17T17:19:23.348000Z,40,-66,80.0,3.0,3,10.0,0.0007059010906348136,4040,53.245,0.022171023482498893,0.015753684967387396,195,cwpb-10m-2a,1,1.0,101.39,-91.0,5,2.0,4974766.0,117.0,-78.0,-79.0,13.0,7257988.0,30072.0,117.0,30071.0,,2,40.0,-44.0,38,0.22450229412099115,0.0606461588497608,0.002162610936056713,21,316.385,0.285148452970752
2026-07-17T17:23:28.896000Z,40,-59,80.0,2.0,3,10.0,0.2929327376108511,913688,11.678,0.04281002313789199,0.025602177597452622,292,cwpb-10m-2a,1,1.0,25.343,-91.0,5,1.0,5084492.0,150.0,-72.0,-73.0,19.0,3299399.0,10795.0,29.3,10795.0,,2,2.0,-32.0,39,0.12847234198114277,0.11358240276506563,0.128574341980496,1161,169.82,0.24205474474620842
2026-07-17T17:23:32.698000Z,40,-50,80.0,1.0,4,10.0,0.0003033971456068978,2896,2.727,0.3435910500664599,0.1659151216338829,468,cwpb-10m-2a,1,1.0,619.0,-88.0,5,0.0,1300218.0,162.0,-71.0,-68.0,17.0,5727885.0,19233.0,780.0,19233.0,4.0,3,40.0,-30.0,53,0.34972363132977363,0.03573894614558924,0.018633291600277862,84,8.056,0.3854625774753629
2026-07-17T17:24:58.980000Z,40,-67,80.0,3.0,3,10.0,0.0002600646588281239,1448,42.453,0.016741987889528867,0.016562066663242773,195,cwpb-10m-2a,1,1.0,251.312,-92.0,5,1.0,5293948.0,175.5,-78.0,-79.0,14.0,7328497.0,30569.0,292.5,30566.0,,2,40.0,-44.0,38,0.2185724926864384,0.10369418675415737,0.13393295241259093,1211,202.503,0.3222666794405958
2026-07-17T17:29:04.733000Z,40,-58,80.0,2.0,4,10.0,0.0004655226870651342,4344,31.037,0.02426032589967016,0.016799342612089777,325,cwpb-10m-2a,1,1.0,330.359,-92.0,5,1.0,4690237.0,234.0,-71.0,-71.0,22.0,6997309.0,20334.0,390.0,20330.0,,3,2.0,-33.0,38,0.35296503886526204,0.14194199209682104,0.0020607762912619267,21,91.185,0.4949070309620831
2026-07-17T17:30:35.054000Z,40,-68,80.0,3.0,4,10.0,0.0007072266779405997,4344,44.027,0.035039629793728155,0.019236813722972628,195,cwpb-10m-2a,1,1.0,101.39,-91.0,5,0.0,5117963.0,40.5,-75.0,-72.0,16.0,7434446.0,34738.0,117.0,34736.0,,3,2.0,-38.0,39,0.2333642267836618,0.08481803091507369,0.0017032525683088762,21,273.789,0.3181822576987355
2026-07-17T17:34:40.202000Z,40,-57,80.0,2.0,4,10.0,0.000144573909768751,1448,39.86,0.015239501796878845,0.01488726824508243,390,cwpb-10m-2a,1,1.0,330.359,-92.0,5,2.0,6248718.0,175.5,-70.0,-70.0,22.0,7620450.0,20670.0,390.0,20670.0,,3,2.0,-33.0,39,0.3839019690148764,0.22821764781092385,0.0,0,17.268,0.6121196168258003
2026-07-17T17:36:10.728000Z,40,-68,80.0,3.0,4,10.0,0.0008776916470507976,4344,56.588,0.045283316102988226,0.01980535154845668,195,cwpb-10m-2a,1,1.0,153.406,-91.0,5,1.0,4912034.0,87.8,-76.0,-74.0,15.0,6836492.0,25635.0,175.5,25634.0,,3,2.0,-38.0,39,0.19939348491009082,0.05135092611586717,0.004917712355120649,42,294.271,0.250744411025958
2026-07-17T17:40:16.138000Z,40,-59,80.0,2.0,3,10.0,0.00017420177709439992,1448,57.422,0.02684980062029243,0.012557649838220945,292,cwpb-10m-2a,1,1.0,330.359,-91.0,5,1.0,4264206.0,39.0,-71.0,-73.0,20.0,6168493.0,13615.0,390.0,13615.0,,2,2.0,-33.0,36,0.33524294486365896,0.09524328164621294,0.0036915926193475026,42,108.34,0.4304862265098719
2026-07-17T17:41:46.345000Z,40,-67,80.0,3.0,3,10.0,0.0006246171568183521,3656,41.44,0.020672475754442966,0.012846284217554313,260,cwpb-10m-2a,1,1.0,153.406,-92.0,5,2.0,5460834.0,175.5,-78.0,-78.0,15.0,7428207.0,29023.0,175.5,29019.0,,2,2.0,-38.0,37,0.22895614462470276,0.07373419902576364,0.41285305242286174,3534,191.205,0.30269034365046643
2026-07-17T17:45:33.287000Z,40,-49,80.0,1.0,4,10.0,0.001082038283133814,14480,2.659,0.0042022350219071535,0.0023974115351034875,351,cwpb-10m-2a,1,1.0,619.0,-92.0,5,1.0,0.0,526.6,-70.0,-68.0,22.0,0.0,0.0,780.0,0.0,4.0,3,40.0,-38.0,88,0.4907592216418949,0.21771621885250234,0.009321921483506693,84,2.552,0.7084754404943973
2026-07-17T17:47:14.477000Z,40,-58,80.0,2.0,3,10.0,0.0003028097362343637,2896,59.837,0.011043174321862845,0.012113399414513892,390,cwpb-10m-2a,1,1.0,227.171,-91.0,5,3.0,5718121.0,117.0,-72.0,-72.0,20.0,7326358.0,20031.0,263.3,20031.0,,2,2.0,-33.0,36,0.36769670291154644,0.08507126946278988,0.14272567487875976,1187,243.432,0.4527679723743363
2026-07-17T17:48:46.762000Z,40,-68,80.0,3.0,3,10.0,0.0006470279948189138,4344,47.604,0.019252695318269085,0.014413743515998154,260,cwpb-10m-2a,1,1.0,202.796,-91.0,5,2.0,5177493.0,117.0,-77.0,-75.0,14.0,6995102.0,26308.0,234.0,26308.0,,2,2.0,-38.0,37,0.2717931007157762,0.09526665639659251,0.0020575206553980364,21,224.903,0.3670597571123687
2026-07-17T17:51:18.326000Z,40,-51,80.0,1.0,4,10.0,0.00012721161994994762,1448,3.86,0.010444542903559298,0.00441220276308356,468,cwpb-10m-2a,1,1.0,619.0,-92.0,5,0.0,4639741.0,468.0,-70.0,-66.0,22.0,6918727.0,24879.0,780.0,24879.0,4.0,3,40.0,-31.0,65,0.415488756019893,0.27701518531687114,0.00740110978069914,84,2.467,0.6925039413367642
2026-07-17T17:52:50.221000Z,40,-59,80.0,2.0,3,10.0,0.0003407750981456728,2896,70.25,0.02641067296805002,0.014295619125879514,292,cwpb-10m-2a,1,1.0,202.796,-91.0,5,0.0,5059218.0,263.3,-71.0,-72.0,20.0,6640119.0,18744.0,234.0,18744.0,,2,2.0,-33.0,43,0.3231698346900084,0.14525060358974606,0.0,0,51.043,0.46842043827975444
2026-07-17T17:54:23.283000Z,40,-66,80.0,3.0,4,10.0,0.0010383269885190388,5792,28.81,0.04861911091419288,0.0177638539366237,260,cwpb-10m-2a,1,1.0,101.39,-92.0,5,1.0,5120621.0,87.8,-75.0,-72.0,17.0,4960955.0,18988.0,117.0,18987.0,,3,2.0,-39.0,39,0.22302530534387935,0.06487824346261868,0.1046275541027237,1171,387.287,0.28790354880649804
2026-07-17T17:57:02.963000Z,40,-50,80.0,1.0,4,10.0,0.0013390298868568777,8688,3.009,0.029523950179687883,0.0056766473216578505,527,cwpb-10m-2a,1,1.0,304.687,-91.0,5,0.0,4734658.0,108.0,-67.0,-64.0,24.0,7158204.0,21376.0,360.0,21376.0,4.0,3,40.0,-31.0,64,0.23855654120297015,0.16066326485208288,0.004554396790484452,42,2.413,0.39921980605505303
2026-07-17T17:58:25.972000Z,40,-59,80.0,2.0,4,10.0,0.0003231715696414221,2896,52.039,0.017015704228818977,0.014121514046530738,292,cwpb-10m-2a,1,1.0,330.359,-91.0,5,2.0,5696563.0,39.0,-72.0,-75.0,19.0,6973785.0,22464.0,390.0,22464.0,,3,2.0,-33.0,38,0.3395377347103678,0.14170715641660978,0.0024573293024560366,21,120.593,0.48124489112697755
2026-07-17T17:59:58.570000Z,40,-66,80.0,3.0,4,10.0,0.0007626552649557176,5792,14.782,0.052841037759070536,0.01781521236711006,260,cwpb-10m-2a,1,1.0,153.406,-91.0,5,1.0,5396049.0,175.5,-76.0,-74.0,15.0,6282618.0,23461.0,175.5,23461.0,,3,2.0,-39.0,39,0.2909377098596511,0.06362746447773064,0.004316783565580745,42,425.277,0.35456517433738177
2026-07-17T18:02:47.445000Z,40,-52,80.0,1.0,4,10.0,0.0003378442444995329,4344,3.161,0.006921675774134791,0.00437265677160906,527,cwpb-10m-2a,1,1.0,563.578,-92.0,5,0.0,4853010.0,468.0,-71.0,-66.0,21.0,7585265.0,27632.0,702.0,27631.0,4.0,3,40.0,-30.0,63,0.472023095957702,0.17721171285730938,0.006346433376130904,63,2.531,0.6492348088150114
2026-07-17T18:04:01.651000Z,40,-56,80.0,2.0,3,10.0,0.0003200566063443643,2896,33.994,0.02830502633781322,0.014432232550973242,390,cwpb-10m-2a,1,1.0,251.312,-92.0,5,2.0,5066150.0,234.0,-69.0,-69.0,23.0,7064019.0,19570.0,292.5,19570.0,,2,2.0,-33.0,38,0.34702299270768444,0.12904724430302944,0.004659694205015023,42,121.232,0.4760702370107139
2026-07-17T18:05:35.741000Z,40,-65,80.0,3.0,4,10.0,0.0005948294546363658,4344,28.402,0.04150642445724413,0.016475270915720812,260,cwpb-10m-2a,1,1.0,202.796,-91.0,5,1.0,6204741.0,26.0,-74.0,-73.0,17.0,6652603.0,27709.0,234.0,27708.0,,3,2.0,-36.0,37,0.2776738900970154,0.08804144447524097,0.005049612421478452,42,268.278,0.36571533457225636
2026-07-17T18:08:30.888000Z,40,-50,80.0,1.0,4,10.0,0.0007225765163702382,8016,2.61,0.013317579874956924,0.00519439165939089,468,cwpb-10m-2a,1,1.0,619.0,-91.0,5,0.0,5640702.0,650.0,-71.0,-66.0,20.0,7330636.0,27492.0,780.0,27491.0,4.0,3,40.0,-31.0,67,0.4070098041039201,0.21486995503056439,0.009579477481852264,84,2.719,0.6218797591344845
2026-07-17T18:09:37.452000Z,40,-61,80.0,2.0,3,10.0,0.0004036349412504203,2896,28.671,0.039068576773494804,0.014524164141543837,292,cwpb-10m-2a,1,1.0,101.39,-91.0,5,2.0,4553230.0,121.5,-71.0,-70.0,19.0,6583520.0,25243.0,117.0,25243.0,,2,2.0,-34.0,39,0.2864785556820884,0.11146532449520048,0.12144406983074586,1212,201.552,0.3979438801772889
2026-07-17T18:11:12.276000Z,40,-65,80.0,3.0,4,10.0,0.010934496806229956,31856,42.106,0.04024811696942845,0.01929587591803195,195,cwpb-10m-2a,1,1.0,5.242,-92.0,5,1.0,4044095.0,58.5,-78.0,-79.0,15.0,5407341.0,28797.0,6.0,28795.0,,3,2.0,-36.0,37,0.11521664052081815,0.020105531421491185,0.0035443918181729778,42,229.241,0.13532217194230933
2026-07-17T18:14:15.749000Z,40,-49,80.0,1.0,4,10.0,0.0002500965836584397,4344,1.771,0.004869787820607491,0.0018899902418982077,58,cwpb-10m-2a,1,1.0,619.0,-91.0,5,0.0,4914947.0,526.6,-69.0,-64.0,22.0,7655220.0,20385.0,780.0,20385.0,4.0,3,40.0,-31.0,64,0.6372043976488222,0.21871684061322985,0.11476785792462924,1197,2.794,0.855921238262052
2026-07-17T18:15:12.957000Z,40,-58,80.0,2.0,3,10.0,0.0003609822573652603,2896,44.982,0.0322926204893418,0.01566123979251194,325,cwpb-10m-2a,1,1.0,202.796,-92.0,5,3.0,5255464.0,234.0,-71.0,-71.0,21.0,6617960.0,20160.0,234.0,20160.0,,2,2.0,-34.0,39,0.31010565305793075,0.12345769122122173,0.002056862538359805,21,69.585,0.4335633442791525
2026-07-17T18:16:47.682000Z,40,-65,80.0,3.0,3,10.0,0.0007094527774203692,2896,11.169,0.04010239747944666,0.023093318268193726,260,cwpb-10m-2a,1,1.0,11.726,-90.0,5,3.0,4992958.0,117.0,-78.0,-75.0,12.0,6128005.0,22522.0,13.5,22522.0,,2,2.0,-37.0,33,0.1668830518484293,0.06202381669964117,0.2235060012912961,2338,258.919,0.22890686854807046
2026-07-17T18:19:59.767000Z,40,-51,80.0,1.0,4,10.0,0.00020196173387220046,2896,2.939,0.004078176537192931,0.003018848543988496,468,cwpb-10m-2a,1,1.0,619.0,-92.0,5,0.0,4555952.0,468.0,-69.0,-67.0,23.0,7190517.0,23127.0,780.0,23127.0,4.0,3,2.0,-30.0,58,0.5280061539808981,0.18953743200559497,0.002465987054953724,21,2.345,0.7175435859864931
2026-07-17T18:20:48.903000Z,40,-59,80.0,2.0,3,10.0,0.0003143038499090267,2896,43.663,0.013849259095160733,0.013306969339017002,292,cwpb-10m-2a,1,1.0,202.796,-91.0,5,2.0,5339084.0,234.0,-71.0,-71.0,20.0,6654735.0,12574.0,234.0,12572.0,,2,40.0,-36.0,35,0.3557764959356462,0.1483285031836206,0.0020618913405577987,21,57.681,0.5041049991192668
2026-07-17T18:22:23.243000Z,40,-68,80.0,3.0,3,10.0,0.000532497455953294,4344,40.539,0.02585536356028159,0.01641929022649068,260,cwpb-10m-2a,1,1.0,227.171,-91.0,5,2.0,5129506.0,121.5,-77.0,-78.0,15.0,6734578.0,19900.0,263.3,19899.0,,2,2.0,-37.0,33,0.30872151113911533,0.10811733800190776,0.0025234438940925173,21,210.513,0.4168388491410231
2026-07-17T18:25:43.842000Z,40,-61,80.0,1.0,4,10.0,8.855130798473891e-05,1448,2.943,0.0032826268891842664,0.0026557444404499003,527,cwpb-10m-2a,1,1.0,619.0,-92.0,5,0.0,5265318.0,780.0,-70.0,-66.0,22.0,7236595.0,18799.0,780.0,18799.0,3.0,3,40.0,-30.0,59,0.6032545992971026,0.2193506882595575,0.0018903574978656966,21,2.931,0.8226052875566601
2026-07-17T18:26:24.729000Z,40,-60,80.0,2.0,4,10.0,0.0004952367537798119,4344,27.885,0.01445379806035544,0.01162395357197884,260,cwpb-10m-2a,1,1.0,202.796,-91.0,5,1.0,5766594.0,234.0,-70.0,-70.0,21.0,7286206.0,24565.0,234.0,24565.0,,3,40.0,-35.0,35,0.33373275043377315,0.18874794947853948,0.002390751414951067,21,62.06,0.5224806999123126
2026-07-17T18:28:01.040000Z,40,-66,80.0,3.0,4,10.0,0.0006901101621539766,4600,13.8,0.02564466105449712,0.014132299316932877,260,cwpb-10m-2a,1,1.0,51.585,-90.0,5,4.0,6167059.0,13.0,-74.0,-73.0,16.0,6560800.0,26375.0,58.5,26375.0,,3,40.0,-42.0,28,0.252565080886115,0.03233310103039489,0.2658012510854364,2944,768.686,0.2848981819165099
2026-07-17T18:31:27.762000Z,40,-49,80.0,1.0,4,10.0,0.00037709802301639963,5792,2.066,0.006880322945896716,0.0031652200708746346,650,cwpb-10m-2a,1,1.0,619.0,-91.0,5,0.0,5009157.0,351.0,-70.0,-66.0,21.0,7871646.0,23088.0,780.0,23088.0,4.0,3,40.0,-29.0,68,0.5642049381798117,0.19566003845966998,0.00934223575182932,84,2.271,0.7598649766394816
2026-07-17T18:32:00.332000Z,40,-62,80.0,2.0,4,10.0,0.0003326812904798702,2896,51.274,0.016531285383744404,0.01297570746237995,260,cwpb-10m-2a,1,1.0,227.171,-91.0,5,2.0,5176956.0,117.0,-71.0,-70.0,20.0,6379373.0,11960.0,263.3,11960.0,,3,40.0,-36.0,30,0.329236868363049,0.08744702174775246,0.0,0,112.007,0.4166838901108014
2026-07-17T18:33:37.160000Z,40,-66,80.0,3.0,4,10.0,0.00020074397166305538,1448,39.919,0.028279426967951563,0.015920599866468082,195,cwpb-10m-2a,1,1.0,202.796,-91.0,5,2.0,5666884.0,40.5,-75.0,-73.0,16.0,6452012.0,21321.0,234.0,21321.0,,3,40.0,-42.0,28,0.2821048564283507,0.036858365534286855,0.003687292916438233,42,429.245,0.31896322196263754
2026-07-17T18:37:11.596000Z,40,-49,80.0,1.0,4,10.0,0.0004396450135887677,7240,3.073,0.008711662482154285,0.0035627343228390946,527,cwpb-10m-2a,1,1.0,563.578,-91.0,5,0.0,4473194.0,526.6,-69.0,-64.0,22.0,7526911.0,21995.0,702.0,21992.0,4.0,3,2.0,-29.0,74,0.6057181554132771,0.24842911738189388,0.006840376156402422,63,3.027,0.854147272795171
2026-07-17T18:37:35.956000Z,40,-60,80.0,2.0,4,10.0,0.050460768034432994,183896,15.778,0.023133953625756903,0.015136356632941298,260,cwpb-10m-2a,1,1.0,251.312,-91.0,5,1.0,5308568.0,117.0,-71.0,-70.0,20.0,3314255.0,5894.0,292.5,5894.0,,3,40.0,-36.0,33,0.14024384694558667,0.15597428504375174,0.0,0,40.052,0.29621813198933844
2026-07-17T18:39:13.765000Z,40,-67,80.0,3.0,3,10.0,0.0001875649784023299,1448,29.474,0.018884458228720525,0.014380360536182015,195,cwpb-10m-2a,1,1.0,251.312,-91.0,5,1.0,5978014.0,29.3,-78.0,-77.0,13.0,6947163.0,22326.0,292.5,22326.0,,2,40.0,-44.0,37,0.29395014696977967,0.033654019007771985,0.005364077884043284,42,602.206,0.32760416597755165
2026-07-17T18:42:56.826000Z,40,-58,80.0,1.0,4,10.0,0.00039771562525487916,5792,4.804,0.22475852902082408,0.0714760412921781,468,cwpb-10m-2a,1,1.0,478.125,-92.0,5,0.0,3915630.0,468.0,-71.0,-71.0,21.0,7132448.0,20630.0,585.0,20630.0,4.0,3,2.0,-28.0,59,0.5363974011450636,0.172915768732469,0.16884968644588297,1324,2.756,0.7093131698775326
2026-07-17T18:43:11.810000Z,40,-58,80.0,2.0,3,10.0,0.001379300409711707,5792,42.777,0.018216905430020185,0.016362282368650817,325,cwpb-10m-2a,1,1.0,202.796,-92.0,5,2.0,4429124.0,263.3,-72.0,-73.0,20.0,3790194.0,7373.0,234.0,7359.0,,2,40.0,-36.0,39,0.160959600872926,0.1425538988727094,0.28504361726260213,3434,64.112,0.30351349974563535
2026-07-17T18:44:49.941000Z,40,-66,80.0,3.0,3,10.0,0.0014145249586350185,5792,18.523,0.08813666125141535,0.02895228801807817,195,cwpb-10m-2a,1,1.0,101.39,-91.0,5,1.0,4943189.0,108.0,-83.0,-84.0,9.0,5299070.0,25206.0,117.0,25203.0,,2,40.0,-44.0,37,0.1624850058626923,0.04383867034719837,0.007180596791548478,63,419.343,0.20632367620989067
2026-07-17T18:48:43.912000Z,40,-50,80.0,1.0,4,10.0,0.00020956067049089492,2896,1.784,0.3999369861664943,0.13356067998561963,585,cwpb-10m-2a,1,1.0,153.406,-91.0,5,0.0,920874.0,526.6,-71.0,-71.0,21.0,7028325.0,16258.0,175.5,16257.0,4.0,3,2.0,-30.0,68,0.5055280193431464,0.0017007701564503677,0.27196264483082383,2443,6.652,0.5072287894995967
2026-07-17T18:48:48.143000Z,40,-59,80.0,2.0,3,10.0,0.00047779758280354514,2984,48.15,0.04479495889331955,0.015531302963381441,325,cwpb-10m-2a,1,1.0,227.171,-91.0,5,4.0,3672470.0,135.0,-72.0,-68.0,19.0,5895221.0,18603.0,263.3,18603.0,,2,40.0,-36.0,37,0.24365444168837416,0.10629995199811756,0.0034036315423544997,21,54.487,0.3499543936864917
2026-07-17T18:50:25.861000Z,40,-68,80.0,3.0,3,10.0,0.00033047472344393614,2416,32.058,0.02565647614827943,0.011471932617739202,260,cwpb-10m-2a,1,1.0,227.171,-91.0,5,2.0,6178696.0,87.8,-77.0,-75.0,14.0,6717833.0,26384.0,263.3,26384.0,,2,40.0,-44.0,37,0.27912298052524903,0.10706580463931364,0.009819935852429898,84,175.678,0.3861887851645627
2026-07-17T18:54:24.060000Z,40,-60,80.0,2.0,3,10.0,0.0014986550227684282,10136,44.923,0.022937035396051787,0.014483590981459607,292,cwpb-10m-2a,1,1.0,101.39,-90.0,5,1.0,4638949.0,175.5,-70.0,-71.0,20.0,6065010.0,14639.0,117.0,14639.0,,2,40.0,-36.0,38,0.2598461382596261,0.1093510113967186,0.007364776160948267,63,165.033,0.3691971496563447
2026-07-17T18:54:30.384000Z,40,-51,80.0,1.0,4,10.0,0.0022857952879480874,7456,4.359,0.003676463348594496,0.0022895588310821225,468,cwpb-10m-2a,1,1.0,619.0,-91.0,5,0.0,823681.0,468.0,-71.0,-66.0,20.0,2619364.0,6758.0,780.0,6758.0,4.0,3,2.0,-30.0,58,0.10676816113128604,0.0038386718272537053,0.14864598358065276,1190,7.664,0.11060683295853975
2026-07-17T18:56:01.582000Z,40,-68,80.0,3.0,3,10.0,0.0007063727478435378,4192,79.14,0.057521784079161135,0.02131837091058497,195,cwpb-10m-2a,1,1.0,51.585,-91.0,5,0.0,5177210.0,121.5,-81.0,-81.0,10.0,6313053.0,29971.0,58.5,29971.0,,2,40.0,-44.0,37,0.22450229412099115,0.0694924336307353,0.11069237748703782,1184,234.195,0.29399472775172647
2026-07-17T19:00:00.035000Z,40,-57,80.0,2.0,3,10.0,0.00016600441296558434,1448,38.145,0.024102791315906067,0.012078989266088028,390,cwpb-10m-2a,1,1.0,299.7,-90.0,5,3.0,4773747.0,263.3,-72.0,-73.0,19.0,7110127.0,17217.0,351.0,17217.0,,2,40.0,-36.0,32,0.34108213400937093,0.1268642284704044,0.10442327421360044,1162,141.414,0.46794636247977534
2026-07-17T19:00:15.507000Z,40,-48,80.0,1.0,4,10.0,0.03338940257350891,78192,8.099,0.016710480972776054,0.004603256124492836,468,cwpb-10m-2a,1,1.0,619.0,-91.0,5,0.0,4089061.0,526.6,-70.0,-66.0,21.0,2781335.0,4761.0,780.0,4746.0,4.0,3,40.0,-31.0,61,0.07375655748808768,0.24511986312479592,0.008882092050435457,105,3.304,0.31887642061288357
2026-07-17T19:01:37.591000Z,40,-66,80.0,3.0,3,10.0,0.000606047563845059,4344,33.877,0.01620243194013686,0.016925684351086233,292,cwpb-10m-2a,1,1.0,202.796,-91.0,5,3.0,5045638.0,117.0,-79.0,-79.0,12.0,6655037.0,22261.0,234.0,22261.0,,2,40.0,-44.0,37,0.2821330556343111,0.05647088686850112,0.11141620892442544,1166,267.428,0.3386039425028122
2026-07-17T19:05:35.784000Z,40,-62,80.0,2.0,4,10.0,0.00032392113291656937,2896,63.368,0.02121203170383498,0.01531970622977762,292,cwpb-10m-2a,1,1.0,202.796,-90.0,5,3.0,5009407.0,234.0,-71.0,-71.0,19.0,7208903.0,17526.0,234.0,17524.0,,3,40.0,-35.0,38,0.35437104832142435,0.14736597928117698,0.00215916179580782,21,86.604,0.5017370276026013
2026-07-17T19:06:01.355000Z,40,-50,80.0,1.0,4,10.0,9.636923105949914e-05,1448,3.304,0.010222025303992518,0.003872425658671871,468,cwpb-10m-2a,1,1.0,619.0,-92.0,5,0.0,4678064.0,468.0,-71.0,-66.0,21.0,6757769.0,16651.0,780.0,16651.0,4.0,3,40.0,-31.0,53,0.5502360162598662,0.1530751218410562,0.008657722811665623,84,2.658,0.7033111381009224
2026-07-17T19:07:13.596000Z,40,-65,80.0,3.0,3,10.0,0.0004586283067488824,4344,17.47,0.04039186727711318,0.01484618150069334,260,cwpb-10m-2a,1,1.0,153.406,-91.0,5,3.0,6030817.0,234.0,-79.0,-80.0,12.0,7528175.0,21994.0,175.5,21994.0,,2,40.0,-44.0,36,0.3589441493148566,0.0629447131064633,0.11856966612358341,1186,300.568,0.42188886242131984
2026-07-17T19:11:45.781000Z,40,-51,80.0,1.0,4,10.0,0.0,0,2.673,0.061442426032589974,0.010775512300344103,527,cwpb-10m-2a,1,1.0,619.0,-91.0,5,0.0,4836185.0,468.0,-70.0,-66.0,21.0,8635829.0,17824.0,780.0,17823.0,4.0,3,2.0,-30.0,57,0.716395495012386,0.2085320914255041,0.007249106293050165,84,3.703,0.9249275864378901
2026-07-17T19:12:48.981000Z,40,-64,80.0,3.0,3,10.0,0.0003401647829792146,2896,37.562,0.02303943287549845,0.015227774639207025,260,cwpb-10m-2a,1,1.0,202.796,-92.0,5,1.0,5187108.0,175.5,-79.0,-80.0,13.0,7232906.0,24315.0,234.0,24315.0,,2,40.0,-44.0,36,0.32936849729592776,0.10622057037197111,0.006019093498206015,63,194.39,0.43558906766789884
2026-07-17T19:16:47.208000Z,40,-60,80.0,2.0,4,10.0,0.00031439844407682313,2896,47.928,0.02768276473194506,0.010678444866724875,325,cwpb-10m-2a,1,1.0,330.359,-91.0,5,1.0,5457047.0,234.0,-70.0,-71.0,21.0,7259872.0,18559.0,390.0,18559.0,,3,40.0,-36.0,40,0.3574312840610517,0.1695468754287202,0.0026828781719383083,21,43.22,0.5269781594897719
2026-07-17T19:17:29.744000Z,40,-54,80.0,1.0,4,10.0,7.794320465218285e-05,1448,2.325,0.013057647811746172,0.0040229058599969185,104,cwpb-10m-2a,1,1.0,619.0,-92.0,5,0.0,4656132.0,526.6,-69.0,-66.0,23.0,8146279.0,22610.0,780.0,22610.0,4.0,3,40.0,-30.0,65,0.6817578961532959,0.2815615814921237,0.0038633365084798066,42,3.298,0.9633194776454195
2026-07-17T19:18:24.574000Z,40,-63,80.0,3.0,4,10.0,0.0009971170623375703,7120,35.151,0.02398267119578595,0.01302501155564686,292,cwpb-10m-2a,1,1.0,202.796,-92.0,5,2.0,6274810.0,117.0,-80.0,-80.0,12.0,7503010.0,32369.0,234.0,32366.0,,3,40.0,-43.0,33,0.27619690131990354,0.05251255287329445,0.005642872645000049,63,414.818,0.32870945419319797
2026-07-17T19:22:22.899000Z,40,-62,80.0,2.0,3,10.0,0.00033827457210095917,2896,33.469,0.020554324816619896,0.01239073493914026,292,cwpb-10m-2a,1,1.0,330.359,-91.0,5,3.0,5081135.0,263.3,-71.0,-72.0,20.0,7185422.0,18727.0,390.0,18727.0,,2,40.0,-35.0,37,0.3441039918644605,0.15303773761307432,0.0,0,41.585,0.4971417294775348
2026-07-17T19:23:14.777000Z,40,-49,80.0,1.0,4,10.0,0.0002674771927029973,4344,2.685,0.008688032294589672,0.0030306609830003596,234,cwpb-10m-2a,1,1.0,619.0,-91.0,5,0.0,5637163.0,780.0,-70.0,-66.0,21.0,7142568.0,15854.0,780.0,15853.0,4.0,3,2.0,-29.0,68,0.593359953408593,0.22194532614046356,0.00404371867213623,42,4.094,0.8153052795490566
2026-07-17T19:24:00.505000Z,40,-67,80.0,3.0,4,10.0,0.0005212101221922835,3992,18.273,0.016419041992812484,0.01148836731549484,292,cwpb-10m-2a,1,1.0,251.312,-91.0,5,0.0,4828698.0,175.5,-79.0,-81.0,13.0,7196589.0,31836.0,292.5,31836.0,,3,40.0,-43.0,33,0.29539775542235674,0.10821326720395687,0.006165657258629356,63,184.589,0.4036110226263136
2026-07-17T19:27:58.836000Z,40,-61,80.0,2.0,3,10.0,0.0003264823939489971,2896,35.379,0.01838231674297248,0.013217092085665865,260,cwpb-10m-2a,1,1.0,299.7,-92.0,5,2.0,5087886.0,175.5,-71.0,-71.0,21.0,7254191.0,22970.0,351.0,22970.0,,2,40.0,-36.0,38,0.33913118384062874,0.13362953992930723,0.0018834021837089133,21,68.804,0.47276072376993594
2026-07-17T19:28:59.608000Z,40,-50,80.0,1.0,4,10.0,7.783321645571854e-05,1448,2.809,0.004225865209471767,0.0022135483539623027,325,cwpb-10m-2a,1,1.0,619.0,-92.0,5,0.0,4317448.0,468.0,-69.0,-70.0,23.0,7744609.0,16361.0,780.0,16361.0,4.0,3,2.0,-29.0,66,0.6835035167629244,0.24945817608619378,0.003950711434697775,42,3.099,0.9329616928491182
2026-07-17T19:29:39.033000Z,40,-66,80.0,3.0,4,10.0,0.00020025361921541295,1672,17.71,0.023578988824890467,0.012396897950798624,260,cwpb-10m-2a,1,1.0,251.312,-92.0,5,0.0,5567335.0,108.0,-79.0,-79.0,14.0,7460225.0,29342.0,292.5,29342.0,,3,40.0,-43.0,33,0.3160755983019217,0.11169082248844317,0.0037628781733472618,42,194.804,0.42776642079036487
2026-07-17T19:33:34.533000Z,40,-62,80.0,2.0,4,10.0,0.6001174509165881,1947560,10.546,0.046362428001772274,0.015780391351240312,325,cwpb-10m-2a,1,1.0,299.7,-92.0,5,2.0,6309150.0,234.0,-71.0,-71.0,21.0,3308240.0,6124.0,351.0,6123.0,,3,40.0,-36.0,42,0.1270337318562867,0.20146599386943512,0.005055939945642963,42,38.155,0.32849972572572184
2026-07-17T19:34:43.985000Z,40,-50,80.0,1.0,4,10.0,8.108550921790353e-05,1448,2.239,0.029041500516910353,0.010636844538030918,585,cwpb-10m-2a,1,1.0,619.0,-92.0,5,0.0,5250602.0,234.0,-69.0,-70.0,23.0,8134888.0,19706.0,780.0,19706.0,4.0,3,2.0,-29.0,70,0.655500376963821,0.27505251618295196,0.0075405102983810085,84,2.771,0.930552893146773
2026-07-17T19:35:14.764000Z,40,-66,80.0,3.0,4,10.0,2.7220118884300743e-05,224,35.112,0.01385713582434894,0.013197575882081045,292,cwpb-10m-2a,1,1.0,330.359,-90.0,5,2.0,5448408.0,234.0,-79.0,-79.0,11.0,6883306.0,21659.0,390.0,21659.0,,3,40.0,-44.0,34,0.3101986475560489,0.10137592534443385,0.004907860040728596,42,175.709,0.41157457290048277
2026-07-17T19:39:10.272000Z,40,-60,80.0,2.0,4,10.0,0.0003397267079506324,2896,39.988,0.027487815684536995,0.01609675928303631,260,cwpb-10m-2a,1,1.0,251.312,-92.0,5,3.0,4991892.0,52.0,-70.0,-74.0,22.0,7509383.0,25322.0,292.5,25321.0,,3,40.0,-36.0,41,0.33071326687588776,0.16363632455905847,0.0017395073019178002,21,35.74,0.4943495914349462
2026-07-17T19:40:27.565000Z,40,-49,80.0,1.0,4,10.0,0.0,0,3.053,0.01113415054398661,0.0033844692106209237,527,cwpb-10m-2a,1,1.0,619.0,-92.0,5,0.0,4069780.0,585.0,-69.0,-64.0,22.0,8013866.0,23583.0,780.0,23583.0,4.0,3,40.0,-29.0,65,0.6717657890064953,0.21801015615985234,0.014078594234549326,147,2.095,0.8897759451663476
2026-07-17T19:40:50.445000Z,40,-66,80.0,3.0,4,10.0,0.030101307563114004,160728,17.08,1.0,0.30512043551949053,260,cwpb-10m-2a,1,1.0,202.796,-91.0,5,2.0,5634208.0,108.0,-79.0,-80.0,12.0,4790047.0,13918.0,234.0,13917.0,,3,40.0,-44.0,34,0.2053424879921496,0.08343367910114874,0.004764674349070773,42,133.006,0.28877616709329834
2026-07-17T19:44:45.901000Z,40,-61,80.0,2.0,4,10.0,0.0003468994986504763,2896,54.9,0.02262590459311772,0.018740691284474347,260,cwpb-10m-2a,1,1.0,227.171,-91.0,5,0.0,4532012.0,263.3,-71.0,-72.0,20.0,7223772.0,23402.0,263.3,23402.0,,3,40.0,-35.0,37,0.33668613760575344,0.13693490617838722,0.0018840574600592207,21,63.831,0.47362104378414066
2026-07-17T19:46:14.369000Z,40,-49,80.0,1.0,4,10.0,8.76280012795299e-05,1448,2.729,0.060552355634322846,0.018283601253145706,468,cwpb-10m-2a,1,1.0,619.0,-92.0,5,0.0,3003618.0,468.0,-70.0,-67.0,22.0,7150614.0,17737.0,780.0,17737.0,4.0,3,40.0,-30.0,80,0.6046833528796091,0.18546066047289758,0.16093361286832852,1221,3.274,0.7901440133525066
2026-07-17T19:50:21.656000Z,40,-63,80.0,2.0,4,10.0,0.0028239598049360076,24616,64.092,0.024423768030325407,0.015062914077345797,260,cwpb-10m-2a,1,1.0,251.312,-91.0,5,6.0,4880557.0,234.0,-70.0,-72.0,21.0,7178167.0,21930.0,292.5,21922.0,,3,40.0,-36.0,40,0.33524294486365896,0.1352406832999872,0.23309233235095914,2327,69.801,0.4704836281636462
2026-07-17T19:52:00.945000Z,40,-51,80.0,1.0,4,10.0,0.000310799375426343,4128,2.588,0.14339191650667063,0.03979045760361564,468,cwpb-10m-2a,1,1.0,202.78,-92.0,6,0.0,927773.0,468.0,-70.0,-65.0,22.0,5652564.0,12915.0,234.0,12914.0,4.0,3,40.0,-30.0,65,0.4877306318840584,0.0070106226835434885,0.5075065277809914,2413,4.765,0.4947412545676019
2026-07-17T19:52:06.907000Z,40,-66,80.0,3.0,4,10.0,0.00044589748114515893,2896,13.004,0.07951558115492542,0.019942478557855275,292,cwpb-10m-2a,1,1.0,51.585,-91.0,6,4.0,4934137.0,58.5,-78.0,-75.0,13.0,5582770.0,20094.0,58.5,20092.0,,3,40.0,-44.0,35,0.26293028221417475,0.04601853124579925,0.002525549912708562,21,554.171,0.308948813459974
2026-07-17T19:55:57.284000Z,40,-60,80.0,2.0,4,10.0,0.0005409761302358866,4344,36.557,0.030882685964653177,0.017367880437573827,292,cwpb-10m-2a,1,1.0,227.171,-91.0,6,1.0,5384128.0,234.0,-67.0,-67.0,24.0,6461906.0,18182.0,263.3,18182.0,,3,40.0,-35.0,41,0.3084748299476338,0.17583558152218068,0.001929422381086789,21,41.132,0.48431041146981446
2026-07-17T19:57:43.046000Z,40,-65,80.0,3.0,4,10.0,0.0011593161832678142,7240,22.062,0.11013636587407079,0.04162087206614966,292,cwpb-10m-2a,1,1.0,51.585,-92.0,6,1.0,6535055.0,58.5,-77.0,-75.0,15.0,5151718.0,14641.0,58.5,14638.0,,3,40.0,-44.0,35,0.24074917066922077,0.08100618730439833,0.0821255515326682,1193,252.955,0.3217553579736191
2026-07-17T19:57:47.014000Z,40,-49,80.0,1.0,5,10.0,0.0007882809169302147,8688,2.888,0.33332939496873926,0.11229315392121617,527,cwpb-10m-2a,1,1.0,330.359,-92.0,6,0.0,840845.0,175.6,-69.0,-66.0,23.0,5275815.0,10909.0,390.0,10908.0,4.0,4,2.0,-28.0,74,0.40549059059183784,0.002577813109219711,0.5120721318140989,3506,8.81,0.40806840370105757
2026-07-17T20:01:32.829000Z,40,-63,80.0,2.0,5,10.0,0.0003018472732208964,2896,41.704,0.015926746418549697,0.011224898567099791,325,cwpb-10m-2a,1,1.0,251.312,-91.0,6,3.0,5421888.0,292.5,-71.0,-72.0,20.0,7498751.0,23161.0,292.5,23161.0,,4,40.0,-36.0,39,0.36326662215357597,0.17673888072246166,0.0026030556568798833,21,66.374,0.5400055028760377
2026-07-17T20:03:18.670000Z,40,-66,80.0,3.0,5,10.0,0.0020770131069537514,15928,31.377,0.021336090188549206,0.013414822043038368,260,cwpb-10m-2a,1,1.0,101.39,-91.0,6,3.0,4676602.0,117.0,-78.0,-78.0,14.0,6934434.0,24160.0,117.0,24158.0,,4,40.0,-44.0,39,0.2924437778681332,0.0630321189766766,0.0035395754057325674,42,398.944,0.3554758968448098
2026-07-17T20:08:55.246000Z,40,-65,80.0,3.0,5,10.0,0.0005181502516112992,4344,62.835,0.023269827204253433,0.011667094653587387,260,cwpb-10m-2a,1,1.0,227.171,-91.0,6,4.0,6642822.0,87.8,-77.0,-74.0,14.0,7615748.0,26138.0,263.3,26138.0,,4,40.0,-44.0,39,0.32647978306665504,0.11059543899763638,0.09989476516570754,1237,146.168,0.4370752220642914
2026-07-17T20:09:15.502000Z,40,-49,80.0,1.0,5,10.0,0.002029153557775898,16108,3.255,0.033275242455570335,0.00703970006676596,650,cwpb-10m-2a,1,1.0,619.0,-92.0,6,0.0,4722253.0,351.0,-69.0,-65.0,23.0,4335258.0,7646.0,780.0,7646.0,4.0,4,40.0,-30.0,74,0.2928020039443389,0.2640286663003727,0.09216560141160468,1200,2.843,0.5568306702447117
2026-07-17T20:15:01.133000Z,40,-51,80.0,1.0,5,10.0,0.00015960997383788512,2896,3.078,0.00861517254959878,0.004711108828514201,200,cwpb-10m-2a,1,1.0,619.0,-92.0,6,0.0,4158660.0,526.6,-71.0,-66.0,22.0,7537303.0,16909.0,780.0,16908.0,4.0,4,2.0,-30.0,66,0.6679205104924818,0.2665488026677442,0.011946817061126573,105,2.636,0.934469313160226
2026-07-17T20:20:06.892000Z,40,-67,80.0,3.0,5,10.0,0.0005139996864163455,4344,41.874,0.02894501058435485,0.012855528735041857,292,cwpb-10m-2a,1,1.0,153.406,-91.0,6,1.0,5351423.0,117.0,-79.0,-80.0,12.0,6820792.0,19930.0,175.5,19929.0,,4,40.0,-44.0,41,0.3219513743624565,0.12171722397571329,0.005761687704052542,63,191.842,0.4436685983381698
2026-07-17T20:20:47.465000Z,40,-55,80.0,1.0,4,10.0,0.00033023012958060556,5792,2.633,0.00964702407325358,0.0026413640799137178,96,cwpb-10m-2a,1,1.0,619.0,-92.0,6,0.0,5014735.0,650.0,-70.0,-65.0,22.0,8147452.0,15853.0,780.0,15853.0,4.0,3,2.0,-29.0,54,0.6420229084865342,0.35851732335733927,0.004537424881208098,42,2.714,1.0005402318438734
2026-07-17T20:25:42.497000Z,40,-65,80.0,3.0,4,10.0,0.000213141300498036,1448,26.495,0.02221631467533107,0.012684505161522265,292,cwpb-10m-2a,1,1.0,153.406,-92.0,6,1.0,5999224.0,117.0,-80.0,-81.0,13.0,6779681.0,14635.0,175.5,14634.0,,3,40.0,-44.0,32,0.26881195743434466,0.12439479868992556,0.006471102825667261,63,143.599,0.39320675612427025
2026-07-17T20:26:32.218000Z,40,-56,80.0,1.0,5,10.0,8.127559461425194e-05,1448,3.037,0.007884605917392803,0.003097940526937497,468,cwpb-10m-2a,1,1.0,619.0,-91.0,6,0.0,4343176.0,117.0,-70.0,-69.0,21.0,7679033.0,17020.0,780.0,17020.0,4.0,4,2.0,-26.0,57,0.6527897831326364,0.25857806822433094,0.004550670200306697,42,2.026,0.9113678513569673
2026-07-17T20:31:18.785000Z,40,-65,80.0,3.0,4,10.0,0.0003820081275334486,2896,53.451,0.008625018461084034,0.008710903394792257,260,cwpb-10m-2a,1,1.0,227.171,-91.0,6,1.0,6058086.0,87.8,-78.0,-78.0,13.0,7401707.0,29383.0,263.3,29381.0,,3,40.0,-44.0,32,0.2969044198036468,0.08882841832069129,0.11140520581373846,1169,467.276,0.38573283812433806
2026-07-17T20:32:16.050000Z,40,-49,80.0,1.0,5,10.0,7.414665901721302e-05,1448,1.836,0.005580662629842958,0.0028185506650916753,650,cwpb-10m-2a,1,1.0,478.125,-92.0,7,0.0,6005675.0,173.3,-70.0,-66.0,22.0,8103181.0,16301.0,585.0,16301.0,4.0,4,40.0,-30.0,67,0.7167501913922097,0.47628830134448896,0.0,0,1.942,1.1930384927366986
2026-07-17T20:36:54.588000Z,40,-68,80.0,3.0,4,10.0,0.0006014239442743653,4064,25.958,0.04256190616846356,0.01782445688459761,260,cwpb-10m-2a,1,1.0,101.39,-92.0,7,2.0,5469030.0,175.5,-80.0,-81.0,12.0,5968634.0,18792.0,117.0,18787.0,,3,40.0,-44.0,38,0.26585797988012105,0.1728128113745387,0.11667016637171428,1166,130.511,0.43867079125465974
2026-07-17T20:38:00.191000Z,40,-50,80.0,1.0,4,10.0,0.0001997368722542487,2896,2.882,0.004869787820607493,0.003601253145703868,650,cwpb-10m-2a,1,1.0,619.0,-91.0,7,0.0,5723251.0,650.0,-71.0,-71.0,20.0,7398265.0,22957.0,780.0,22956.0,4.0,3,40.0,-30.0,68,0.5342544083221481,0.45808375145293356,0.004222187573869309,42,2.27,0.9923381597750817
2026-07-17T20:42:30.244000Z,40,-66,80.0,3.0,4,10.0,0.0004629507504406484,4344,45.093,0.026497316989120265,0.012532484207282627,292,cwpb-10m-2a,1,1.0,227.171,-92.0,7,1.0,6398332.0,234.0,-79.0,-80.0,13.0,7674759.0,20845.0,263.3,20843.0,,3,40.0,-44.0,38,0.35451274006405586,0.24284443292847263,0.0018396577366226949,21,73.884,0.5973571729925284
2026-07-17T20:43:43.825000Z,40,-51,80.0,1.0,5,10.0,4.2053146853031226e-05,968,3.648,0.00614975631369074,0.0033732217143444096,527,cwpb-10m-2a,1,1.0,619.0,-92.0,7,0.0,6443251.0,650.0,-71.0,-72.0,20.0,8653571.0,13307.0,780.0,13305.0,4.0,4,40.0,-30.0,75,0.8449741337692814,0.49632137255732556,0.0022168486144495876,21,2.616,1.341295506326607
2026-07-17T20:48:05.965000Z,40,-69,80.0,3.0,3,10.0,0.00029997848369648717,2896,49.46,0.020142765716536212,0.01162241281906425,292,cwpb-10m-2a,1,1.0,251.312,-91.0,7,0.0,5894994.0,263.3,-79.0,-80.0,12.0,7402000.0,15399.0,292.5,15399.0,,2,40.0,-43.0,35,0.37364081520046566,0.16788323734783533,0.0038381160851208343,42,122.686,0.5415240525483009
2026-07-17T20:49:28.781000Z,40,-52,80.0,1.0,5,10.0,7.284135420403878e-05,1448,3.596,0.0060355437404617735,0.0031184838991320427,468,cwpb-10m-2a,1,1.0,563.578,-91.0,7,0.0,5292362.0,526.6,-71.0,-68.0,20.0,8514181.0,19716.0,702.0,19716.0,4.0,4,40.0,-30.0,69,0.7314333512945748,0.35519820296661025,0.0018118935967920084,21,3.576,1.086631554261185
2026-07-17T20:53:41.584000Z,40,-68,80.0,3.0,3,10.0,0.00016934347241016475,1448,50.905,0.013197459754836799,0.013600739561399008,260,cwpb-10m-2a,1,1.0,227.171,-90.0,6,0.0,5970597.0,175.5,-81.0,-83.0,9.0,7394649.0,22948.0,263.3,22947.0,,2,40.0,-43.0,35,0.32940142097618524,0.199121384563009,0.0064586456379130555,63,82.249,0.5285228055391943
2026-07-17T20:55:13.639000Z,40,-51,80.0,1.0,5,10.0,0.00024890353613128566,4344,2.367,0.006502239944862896,0.002444147706846079,527,cwpb-10m-2a,1,1.0,389.406,-91.0,7,0.0,4802549.0,468.0,-71.0,-72.0,20.0,8086572.0,23715.0,468.0,23715.0,4.0,4,40.0,-30.0,74,0.6413182043826109,0.25994979578114447,0.010219853776392776,126,2.972,0.9012680001637554
2026-07-17T20:59:17.300000Z,40,-69,80.0,3.0,4,10.0,0.0006591656936451102,5792,29.824,0.01971742234037316,0.013752246931333782,260,cwpb-10m-2a,1,1.0,299.7,-91.0,7,1.0,6054355.0,234.0,-80.0,-80.0,12.0,7450834.0,23781.0,351.0,23780.0,,3,40.0,-44.0,34,0.3323556938100524,0.21317397106111322,0.0018819208716314433,21,107.433,0.5455296648711656
2026-07-17T21:00:57.538000Z,40,-62,80.0,1.0,5,10.0,0.0,0,2.443,0.009564318416777432,0.0035596528170099124,325,cwpb-10m-2a,1,1.0,619.0,-91.0,7,0.0,6006137.0,468.0,-70.0,-68.0,20.0,8634365.0,16551.0,780.0,16551.0,3.0,4,2.0,-30.0,72,0.7994104706250065,0.44033512995018836,0.001887721596466942,21,3.665,1.2397456005751948
2026-07-17T21:04:52.995000Z,40,-66,80.0,3.0,4,10.0,0.00038578660680919983,3648,13.694,0.015765273470191504,0.01187612346566689,292,cwpb-10m-2a,1,1.0,299.7,-92.0,5,1.0,6349678.0,234.0,-80.0,-81.0,12.0,7260445.0,16839.0,351.0,16838.0,,3,40.0,-44.0,34,0.3559542952839399,0.20619653348901054,0.0056293909226806495,63,95.125,0.5621508287729504
2026-07-20T12:09:43.173000Z,40,-50,80.0,1.0,1,10.0,0.0,0,1.693,0.011891891891891894,0.0034497457757690928,351,cwpb-10m,1,1.0,619.0,-92.0,7,0.0,6326090.0,351.0,-72.0,-66.0,20.0,10268627.0,29313.0,780.0,29313.0,4.0,0,7.0,-34.0,103,0.7116893625547733,0.2808235246937623,0.0,0,2.325,0.9925128872485356
2026-07-20T12:11:41.203000Z,161,-57,80.0,1.0,6,10.0,0.0015290397771382013,8688,2.273,0.011775710136365873,0.0036397719685686406,234,cwpb-10m,1,1.0,202.78,-91.0,15,0.0,0.0,351.0,-70.0,-72.0,22.0,0.0,1038.0,234.0,1036.0,4.0,5,7.0,-36.0,97,0.20785301620874633,0.33592577922239475,0.001850044555216929,21,2.119,0.543778795431141
2026-07-20T12:13:13.899000Z,161,-64,80.0,2.0,3,10.0,0.0003563497577966715,2896,73.381,0.014682223206813368,0.011925941143238663,195,cwpb-10m-2a,1,1.0,227.171,-91.0,14,0.0,7163577.0,175.5,-78.0,-79.0,13.0,8717375.0,27789.0,263.3,27788.0,,2,7.0,-44.0,45,0.3038839113854265,0.17754847543014352,0.0,0,89.623,0.48143238681557
2026-07-20T12:14:44.690000Z,161,-64,80.0,3.0,6,10.0,0.0007152193416142597,4344,23.93,0.04661054497120071,0.017908684710595243,195,cwpb-10m,1,1.0,251.312,-91.0,13,1.0,6407350.0,175.5,-78.0,-79.0,13.0,8511087.0,24291.0,292.5,24291.0,,5,4.0,-44.0,45,0.23927218189210897,0.17621277915535813,0.11942612617549143,1164,95.061,0.4154849610474671
2026-07-20T12:17:25.274000Z,161,-55,80.0,1.0,4,10.0,0.0005165208245055252,4344,2.967,0.01163195982868114,0.0035293513430229573,216,cwpb-10m,1,1.0,434.117,-92.0,13,0.0,5516687.0,351.0,-71.0,-65.0,21.0,10144303.0,26691.0,526.6,26690.0,4.0,3,7.0,-34.0,90,0.30894764017046994,0.27841601404531446,0.0,0,2.99,0.5873636542157844
2026-07-20T12:18:49.708000Z,161,-66,80.0,2.0,4,10.0,0.0004867438317849215,2896,34.368,0.03930487864914094,0.022319860305069078,195,cwpb-10m-2a,1,1.0,227.171,-92.0,13,2.0,6667201.0,175.5,-80.0,-81.0,13.0,8438115.0,30623.0,263.3,30621.0,,3,7.0,-41.0,47,0.23327096502852798,0.16279788593769356,0.0045380252682251316,42,141.405,0.3960688509662216
2026-07-20T12:20:20.335000Z,161,-67,80.0,3.0,6,10.0,0.000399666192888639,2896,49.378,0.03125092305420174,0.016753120024652048,195,cwpb-10m,1,1.0,51.585,-91.0,13,3.0,6334891.0,175.5,-79.0,-79.0,12.0,8580821.0,25946.0,58.5,25946.0,,5,4.0,-44.0,45,0.28068397639214687,0.19714465101756662,0.0,0,86.572,0.4778286274097135
2026-07-20T12:23:09.161000Z,161,-54,80.0,1.0,4,10.0,0.0011086216209772305,8688,3.173,0.005490080244178605,0.0034225258076113194,351,cwpb-10m,1,1.0,251.312,-92.0,14,0.0,5965256.0,351.0,-70.0,-65.0,22.0,9968026.0,43724.0,292.5,43722.0,4.0,3,7.0,-30.0,95,0.2879082658232574,0.32425560150551636,0.004786173786753234,42,2.715,0.6121638673287737
2026-07-20T12:24:25.288000Z,161,-67,80.0,2.0,4,10.0,0.0007323131898361079,4344,64.252,0.03135135135135135,0.014664886241076472,195,cwpb-10m-2a,1,1.0,76.703,-92.0,13,1.0,6673092.0,175.5,-79.0,-80.0,13.0,8697964.0,32040.0,87.8,32039.0,,3,7.0,-42.0,46,0.233340904354441,0.15598906840588117,0.0036160183419907646,42,141.48,0.38932997276032216
2026-07-20T12:25:56.020000Z,161,-69,80.0,3.0,4,10.0,0.0008231406385268351,5792,13.18,0.01474720622261606,0.01150685635046993,195,cwpb-10m,1,1.0,153.406,-92.0,13,0.0,6415162.0,117.0,-79.0,-81.0,13.0,8383992.0,28756.0,175.5,28754.0,,3,4.0,-44.0,39,0.2806559192173776,0.14621672991164747,0.0023280547096692886,21,128.315,0.42687264912902506
2026-07-20T12:28:53.218000Z,161,-56,80.0,1.0,4,10.0,0.0007727032144334561,7240,2.944,0.0077132870575493525,0.0035421909506445485,351,cwpb-10m,1,1.0,202.78,-92.0,13,0.0,5653000.0,351.0,-73.0,-74.0,20.0,9722861.0,40354.0,234.0,40353.0,4.0,3,7.0,-35.0,96,0.34327798498595957,0.22775733075145088,0.005663476517522663,63,1.876,0.5710353157374104
2026-07-20T12:30:01.031000Z,161,-68,80.0,2.0,3,10.0,0.0023441086621661545,11584,37.424,0.03212130162949836,0.01376354578604078,195,cwpb-10m-2a,1,1.0,202.796,-92.0,13,1.0,6225377.0,175.5,-80.0,-81.0,12.0,8425347.0,29098.0,234.0,29097.0,,2,7.0,-42.0,42,0.20079019774607473,0.1658614037589723,0.0025298347158552795,21,79.532,0.36665160150504705
2026-07-20T12:31:31.591000Z,161,-66,80.0,3.0,4,10.0,0.0005451164423231799,4344,37.501,0.012269974892925714,0.016249293821580812,195,cwpb-10m,1,1.0,51.585,-92.0,12,2.0,6571078.0,175.5,-78.0,-79.0,14.0,8440045.0,24841.0,58.5,24839.0,,3,4.0,-44.0,39,0.3145671685284553,0.16319794550004588,0.004820106089940234,63,115.959,0.4777651140285012
2026-07-20T12:34:38.058000Z,161,-57,80.0,1.0,4,10.0,0.010748739049637948,76744,2.807,0.012445232117363265,0.0039129988187560985,351,cwpb-10m,1,1.0,299.7,-92.0,13,0.0,5094190.0,351.0,-74.0,-74.0,19.0,9226383.0,33692.0,351.0,33670.0,4.0,3,7.0,-33.0,91,0.2615063390363342,0.19227782830403906,0.006659441934876001,63,1.979,0.45378416734037325
2026-07-20T12:35:36.920000Z,161,-67,80.0,2.0,4,10.0,0.0102465256893145,37648,95.375,0.02855511248953872,0.01795439371372811,195,cwpb-10m-2a,1,1.0,51.585,-92.0,13,0.0,6168558.0,175.5,-79.0,-80.0,13.0,8833546.0,34541.0,58.5,34533.0,,3,7.0,-40.0,44,0.14147982254316607,0.10361260498236778,0.002161974740362137,21,159.206,0.24509242752553384
2026-07-20T12:37:07.206000Z,161,-65,80.0,3.0,4,10.0,0.0016244157543488136,8688,14.278,0.03703047309604687,0.017130604488726824,260,cwpb-10m,1,1.0,153.406,-92.0,13,1.0,6937021.0,108.0,-77.0,-77.0,15.0,8378902.0,32059.0,175.5,32053.0,,3,4.0,-43.0,47,0.20827623478763285,0.139754106462423,0.008393569741706169,84,152.876,0.34803034125005583
2026-07-20T12:40:23.077000Z,161,-57,80.0,1.0,4,10.0,0.0004536507527072687,2896,3.256,0.01909319155220794,0.004032663961789328,216,cwpb-10m,1,1.0,478.125,-92.0,12,0.0,4705715.0,351.0,-71.0,-65.0,21.0,9420184.0,15862.0,585.0,15861.0,4.0,3,7.0,-33.0,85,0.23481636343807397,0.19162865332147763,0.007387514568031754,63,2.016,0.4264450167595516
2026-07-20T12:41:12.630000Z,161,-68,80.0,2.0,4,10.0,0.0006241951201805049,2896,20.031,0.015188303057155517,0.013397873760977865,195,cwpb-10m-2a,1,1.0,76.703,-92.0,13,2.0,4480886.0,58.5,-77.0,-76.0,15.0,8061116.0,19490.0,87.8,19489.0,,3,7.0,-40.0,49,0.17716782154065416,0.0836131876229361,0.008844716674374871,84,227.044,0.26078100916359026
2026-07-20T12:42:43.390000Z,161,-66,80.0,3.0,3,10.0,0.0008876122149227128,5792,50.371,0.02965194702899621,0.011797031482717888,260,cwpb-10m,1,1.0,153.406,-92.0,13,1.0,5349241.0,81.0,-82.0,-85.0,10.0,8189530.0,29740.0,175.5,29735.0,,2,4.0,-44.0,46,0.24668178162790558,0.05958232593439665,0.0071707546447090905,63,552.084,0.3062641075623022
2026-07-20T12:46:06.970000Z,161,-56,80.0,1.0,4,10.0,0.0008887429664102207,4344,4.305,0.0054073745877024565,0.0036705870268604595,468,cwpb-10m,1,1.0,68.226,-92.0,12,0.0,5427183.0,351.0,-72.0,-66.0,20.0,8627571.0,29439.0,78.0,29436.0,4.0,3,7.0,-33.0,89,0.17937860063292432,0.16563745297524787,0.004936114848101814,42,6.389,0.3450160536081722
2026-07-20T12:46:48.463000Z,161,-67,80.0,2.0,4,10.0,0.0015292695529093025,10136,16.109,0.025896716388519668,0.01465718247650352,195,cwpb-10m-2a,1,1.0,153.406,-92.0,12,3.0,5281512.0,175.5,-79.0,-79.0,13.0,9024432.0,25214.0,175.5,25214.0,,3,7.0,-40.0,45,0.252438924502056,0.11679864986158542,0.006035216910712941,63,117.728,0.36923757436364146
2026-07-20T12:48:19.484000Z,161,-65,80.0,3.0,3,10.0,0.006967105424348696,8688,50.643,0.08323930487864915,0.03441990652765651,195,cwpb-10m,1,1.0,51.585,-92.0,12,1.0,6026504.0,108.0,-79.0,-80.0,13.0,8703937.0,25260.0,58.5,25260.0,,2,4.0,-44.0,46,0.05021761842180065,0.08386218460811459,0.005530542969692405,63,246.822,0.13407980302991523
2026-07-20T12:51:51.547000Z,161,-56,80.0,1.0,4,10.0,0.0006265792128273624,5792,1.615,0.006675527987003397,0.0036880488932258234,351,cwpb-10m,1,1.0,202.78,-92.0,12,0.0,5463213.0,351.0,-72.0,-66.0,20.0,9538512.0,41150.0,234.0,41149.0,4.0,3,7.0,-30.0,101,0.3382640574840416,0.2867665301590211,0.0025363830369489514,21,2.521,0.6250305876430626
2026-07-20T12:52:24.174000Z,161,-66,80.0,2.0,3,10.0,0.003667919211234954,11584,29.538,0.041658051494117075,0.01722818550665092,195,cwpb-10m-2a,1,1.0,11.726,-91.0,12,3.0,5255552.0,175.5,-78.0,-79.0,13.0,8462466.0,16489.0,13.5,16487.0,,2,7.0,-40.0,43,0.12255332087782593,0.10300651509804028,0.11191108041380211,1199,79.276,0.2255598359758662
2026-07-20T12:53:55.373000Z,161,-67,80.0,3.0,3,10.0,0.0016112073666067215,4344,8.75,0.07309013931964752,0.024448153664424016,195,cwpb-10m,1,1.0,11.726,-92.0,12,2.0,4431154.0,175.5,-78.0,-78.0,14.0,8097563.0,24651.0,13.5,24645.0,,2,4.0,-44.0,46,0.10635382201921677,0.09586015450944126,0.106451367792294,1190,691.306,0.20221397652865802
2026-07-20T12:57:35.869000Z,161,-55,80.0,1.0,4,10.0,0.016824305034901045,104256,2.819,0.005562939989169497,0.0025581634225258078,351,cwpb-10m,1,1.0,563.578,-92.0,12,0.0,4099635.0,351.0,-73.0,-67.0,19.0,8692184.0,32134.0,702.0,32113.0,4.0,3,7.0,-30.0,88,0.22753923192069442,0.18446171616598375,0.12542879790323871,1218,2.247,0.4120009480866782
2026-07-20T12:57:59.960000Z,161,-67,80.0,2.0,4,10.0,0.0010458818972583948,4344,14.943,0.0327278097769901,0.022602845257048945,292,cwpb-10m-2a,1,1.0,101.39,-91.0,12,2.0,6731017.0,175.5,-78.0,-79.0,13.0,8705620.0,16930.0,117.0,16929.0,,3,7.0,-40.0,46,0.1606225295109065,0.1092300027656725,0.0,0,127.158,0.269852532276579
2026-07-20T12:59:30.900000Z,161,-65,80.0,3.0,4,10.0,0.0036130848876972416,7240,19.106,0.05309900063998426,0.022014791227980075,195,cwpb-10m,1,1.0,76.703,-92.0,12,3.0,6021839.0,175.5,-78.0,-78.0,15.0,8620256.0,30054.0,87.8,30050.0,,3,11.0,-43.0,45,0.08122626417401427,0.104894953347141,0.002055383313233334,21,193.436,0.18612121752115526
2026-07-20T13:03:22.364000Z,161,-57,80.0,1.0,4,10.0,0.0036238028757829906,14480,3.03,0.21027322404371587,0.04298135688973346,468,cwpb-10m,1,1.0,209.57,-92.0,11,0.0,4956965.0,351.0,-74.0,-74.0,18.0,10360051.0,40050.0,243.0,40049.0,4.0,3,7.0,-32.0,89,0.1434601075751641,0.19378538120531238,0.14910062587866893,1200,3.035,0.33724548878047644
2026-07-20T13:03:36.126000Z,161,-66,80.0,2.0,4,10.0,0.0007716842702409259,1448,34.517,0.013776399350169844,0.007720712855015151,260,cwpb-10m-2a,1,1.0,153.406,-92.0,11,2.0,6343834.0,175.5,-78.0,-78.0,14.0,6086875.0,6289.0,175.5,6289.0,,3,7.0,-40.0,42,0.07087420966428488,0.12860395978343686,0.0050556915087137866,42,145.062,0.19947816944772173
2026-07-20T13:05:11.503000Z,161,-67,80.0,3.0,4,10.0,0.0021236737015163233,13032,24.173,0.022801161817555256,0.011186893328539881,195,cwpb-10m,1,1.0,101.39,-92.0,13,0.0,6431081.0,117.0,-77.0,-78.0,14.0,8326900.0,34544.0,117.0,34542.0,,3,11.0,-43.0,45,0.2333642267836618,0.1335062654459776,0.002263173153267216,21,172.153,0.3668704922296394
2026-07-20T13:06:39.873000Z,161,-67,80.0,2.0,4,10.0,0.0010191218949446791,4344,210.231,0.011062866144833358,0.014737815212367111,195,cwpb-10m-2a,1,1.0,227.171,-92.0,13,4.0,6689794.0,175.5,-80.0,-81.0,12.0,9333142.0,30251.0,263.3,30248.0,,3,7.0,-40.0,42,0.16834306880287672,0.11198862689955247,0.002215893734791399,21,181.002,0.2803316957024292
2026-07-20T13:08:11.356000Z,161,-55,80.0,1.0,4,10.0,0.0009584422020668748,7240,3.909,0.005436912322158224,0.003684453803091778,351,cwpb-10m,1,1.0,389.406,-92.0,13,0.0,5956760.0,468.0,-73.0,-66.0,19.0,9566153.0,40335.0,468.0,40332.0,4.0,3,7.0,-28.0,98,0.2785781503656598,0.21843293638401598,0.0048013616078134425,42,3.823,0.49701108674967576
2026-07-20T13:10:47.082000Z,161,-70,80.0,3.0,3,10.0,0.0010654591467992554,5792,65.508,0.03129621424703392,0.019738585588824405,130,cwpb-10m,1,1.0,51.585,-92.0,11,0.0,6468318.0,117.0,-78.0,-79.0,13.0,8109029.0,32181.0,58.5,32178.0,,2,4.0,-42.0,40,0.21123050762149995,0.12420917175196804,0.004118335583950455,42,172.092,0.33543967937346797
2026-07-20T13:12:15.331000Z,161,-67,80.0,2.0,4,10.0,0.0029176683344203955,8688,17.328,0.014906709988677205,0.018686764932463663,195,cwpb-10m-2a,1,1.0,51.585,-92.0,12,3.0,5950527.0,81.0,-78.0,-78.0,14.0,9289429.0,41016.0,58.5,41015.0,,3,7.0,-39.0,45,0.12254107656561913,0.0981382571774728,0.005896745318206183,63,90.719,0.22067933374309195
2026-07-20T13:13:56.515000Z,161,-54,80.0,1.0,4,10.0,0.041036568042633885,127424,3.017,0.00455668783537636,0.0025386472189409892,351,cwpb-10m,1,1.0,202.78,-91.0,12,0.0,6416926.0,526.6,-73.0,-66.0,18.0,9654858.0,40074.0,234.0,40062.0,4.0,3,7.0,-30.0,81,0.11429746321272825,0.23605695890063771,0.005376411030664901,42,2.515,0.350354422113366
2026-07-20T13:16:22.711000Z,161,-68,80.0,3.0,3,10.0,0.007346108828463807,42328,12.52,0.0497710825579678,0.019200349237327306,195,cwpb-10m,1,1.0,101.39,-92.0,11,1.0,5818084.0,87.8,-78.0,-78.0,14.0,8227611.0,33798.0,117.0,33791.0,,2,4.0,-42.0,40,0.22450229412099115,0.07924847715366255,0.006974695145893183,63,166.273,0.3037507712746537
2026-07-20T13:17:51.079000Z,161,-67,80.0,2.0,3,10.0,0.0020428408457029094,8688,104.892,0.020833948702801162,0.020671768270761646,195,cwpb-10m-2a,1,1.0,93.851,-92.0,12,3.0,6456820.0,117.0,-79.0,-79.0,13.0,8505163.0,37728.0,108.0,37725.0,,2,7.0,-40.0,41,0.16238761225278456,0.0896231211709669,0.11293186118278,1182,163.718,0.25201073342375147
2026-07-20T13:19:41.483000Z,161,-57,80.0,1.0,4,10.0,0.0031398605982565983,23168,2.429,0.007768424161866786,0.004647424374711109,351,cwpb-10m,1,1.0,136.437,-92.0,12,0.0,5960904.0,526.6,-73.0,-66.0,17.0,9270220.0,42840.0,156.0,42836.0,4.0,3,7.0,-34.0,94,0.2715196474375187,0.19707595306211373,0.0017436048381405246,21,3.772,0.46859560049963245
2026-07-20T13:21:58.438000Z,161,-66,80.0,3.0,4,10.0,0.002315362254243041,13032,56.925,0.01938463053217151,0.014191875096297057,195,cwpb-10m,1,1.0,51.585,-91.0,12,1.0,6434951.0,175.5,-78.0,-78.0,12.0,8428554.0,32491.0,58.5,32488.0,,3,11.0,-42.0,53,0.2156188103528379,0.13638820442991276,0.004779947869632255,42,142.618,0.35200701478275065
2026-07-20T13:23:26.870000Z,161,-68,80.0,2.0,4,10.0,0.004871851930167828,14480,24.96,0.07953527297789593,0.023599198808484417,195,cwpb-10m-2a,1,1.0,227.171,-92.0,12,2.0,5841105.0,175.5,-80.0,-81.0,13.0,8570535.0,28156.0,263.3,28155.0,,3,7.0,-41.0,51,0.11500970582421323,0.09980355091539378,0.00402513068066562,42,200.384,0.214813256739607
2026-07-20T13:25:25.570000Z,161,-54,80.0,1.0,4,10.0,0.0006482322131115547,5792,3.093,0.00906611529562349,0.004651019464845154,351,cwpb-10m,1,1.0,478.125,-92.0,12,0.0,5459848.0,351.0,-73.0,-66.0,19.0,8755942.0,39122.0,585.0,39117.0,4.0,3,7.0,-34.0,96,0.3279691195001662,0.18986247438011347,0.0018162434975698449,21,3.779,0.5178315938802797
2026-07-20T13:27:34.197000Z,161,-66,80.0,3.0,4,10.0,0.0018846801014024946,8688,20.02,0.10312607689656872,0.023583791279338507,195,cwpb-10m,1,1.0,101.39,-92.0,12,0.0,6203589.0,175.5,-78.0,-79.0,14.0,8642921.0,35147.0,117.0,35144.0,,3,11.0,-42.0,53,0.17875137443920933,0.12149440565357296,0.00411866530138242,42,150.136,0.3002457800927823
2026-07-20T13:29:02.679000Z,161,-67,80.0,2.0,3,10.0,0.0016030355253223172,7240,29.068,0.03784965293162014,0.017235375686919012,195,cwpb-10m-2a,1,1.0,101.39,-92.0,11,2.0,6587614.0,87.8,-78.0,-79.0,14.0,8183951.0,42628.0,117.0,42623.0,,2,7.0,-40.0,45,0.17419762041662348,0.10536659653624392,0.005770088863825899,63,186.869,0.2795642169528674
2026-07-20T13:31:10.650000Z,161,-53,80.0,1.0,4,10.0,0.00036906270570991517,2896,3.595,0.011370058583173338,0.004878537311899749,351,cwpb-10m,1,1.0,389.406,-92.0,12,0.0,5593153.0,526.6,-73.0,-65.0,19.0,9552584.0,46036.0,468.0,46031.0,4.0,3,7.0,-37.0,99,0.2881936095623681,0.2375762316314759,0.0021678510333502077,21,2.347,0.5257698411938441
2026-07-20T13:33:10.273000Z,161,-69,80.0,3.0,4,10.0,0.0029949092690930547,10136,33.031,0.030311623098508347,0.02084998202454933,130,cwpb-10m,1,1.0,5.742,-92.0,13,6.0,4919736.0,87.8,-80.0,-84.0,12.0,8211842.0,34690.0,6.5,34683.0,,3,11.0,-42.0,46,0.13146514110708737,0.06334081170706829,0.005769441751056124,63,425.886,0.19480595281415566
2026-07-20T13:34:38.432000Z,161,-67,80.0,2.0,3,10.0,0.0015125510920186262,7240,20.528,0.027466154679269435,0.014100970674336192,195,cwpb-10m-2a,1,1.0,251.312,-91.0,13,3.0,7072217.0,117.0,-78.0,-77.0,13.0,8058529.0,33562.0,292.5,33561.0,,2,7.0,-40.0,34,0.18451294469837423,0.10390005172686763,0.0025320137293917584,21,197.759,0.2884129964252419
2026-07-20T13:36:55.212000Z,161,-53,80.0,1.0,4,10.0,0.0006876110009168217,5792,2.532,0.005312853837444,0.0035735195932412307,351,cwpb-10m,1,1.0,297.515,-91.0,12,0.0,4887895.0,351.0,-73.0,-66.0,18.0,8741542.0,36997.0,351.0,36994.0,4.0,3,7.0,-30.0,103,0.3084815382395726,0.18255547120891144,0.010083734627068847,105,4.346,0.49103700944848405
2026-07-20T13:38:46.031000Z,161,-68,80.0,3.0,4,10.0,0.0014265398313372307,5792,19.058,0.03311376950721213,0.016181500693338815,195,cwpb-10m,1,1.0,227.171,-92.0,12,3.0,5305942.0,175.5,-78.0,-79.0,13.0,7019412.0,26827.0,263.3,26822.0,,3,11.0,-42.0,46,0.15508382159673728,0.08654724955001933,0.007527683486525773,84,206.105,0.2416310711467566
2026-07-20T13:40:20.159000Z,161,-66,80.0,2.0,4,10.0,0.0012588265346265663,4344,23.831,0.050647368680155576,0.019177237943608445,195,cwpb-10m-2a,1,1.0,101.39,-91.0,12,13.0,5053127.0,58.5,-77.0,-76.0,14.0,7895879.0,30991.0,117.0,30990.0,,3,4.0,-43.0,47,0.13878146020684576,0.04947070550724066,0.12199417321198286,1246,360.471,0.18825216571408643
2026-07-20T13:42:38.741000Z,161,-55,80.0,1.0,4,10.0,0.0004393300704406638,4344,3.525,0.12013981194309063,0.020157156797288276,351,cwpb-10m,1,1.0,202.78,-91.0,12,0.0,4685928.0,351.0,-73.0,-66.0,18.0,8863395.0,37898.0,234.0,37897.0,4.0,3,7.0,-34.0,97,0.3589966376295137,0.11795203821333904,0.12793984489666207,1241,3.612,0.4769486758428528
2026-07-20T13:44:21.711000Z,161,-68,80.0,3.0,4,10.0,0.9445124165331731,2594960,3.909,0.028748092354649736,0.01600893636690463,260,cwpb-10m,1,1.0,202.796,-92.0,13,2.0,6541111.0,175.5,-78.0,-78.0,14.0,4618880.0,17602.0,234.0,17599.0,,3,11.0,-42.0,46,0.10634319195204843,0.11038041653939026,0.006977533143782417,63,189.822,0.21672360849143868
2026-07-20T13:45:55.983000Z,161,-67,80.0,2.0,4,10.0,0.002004577061170476,7240,40.353,0.032905036183724715,0.016935442452878643,195,cwpb-10m-2a,1,1.0,153.406,-92.0,12,2.0,6437553.0,175.5,-79.0,-80.0,13.0,8940405.0,26343.0,175.5,26338.0,,3,7.0,-42.0,43,0.138394304594034,0.12308882119576357,0.0023912514907810044,21,158.189,0.2614831257897976
2026-07-20T13:48:23.871000Z,161,-54,80.0,1.0,4,10.0,0.00042728550908476204,4344,2.473,0.008111061881553683,0.0032684505161522264,351,cwpb-10m,1,1.0,389.406,-91.0,12,0.0,5092173.0,351.0,-72.0,-66.0,19.0,8854369.0,38004.0,468.0,38003.0,4.0,3,7.0,-30.0,112,0.3706051687793671,0.20890146585085267,0.005555627957333693,63,2.468,0.5795066346302198
2026-07-20T13:49:57.410000Z,161,-67,80.0,3.0,3,10.0,0.0013860967983058948,7240,88.52,0.0147334219465367,0.015365928817215347,195,cwpb-10m,1,1.0,51.585,-92.0,12,0.0,5573652.0,117.0,-79.0,-83.0,13.0,7809315.0,35874.0,58.5,35868.0,,2,4.0,-41.0,40,0.20378371486664024,0.07737491192729364,0.0066355339699787795,63,252.778,0.2811586267939339
2026-07-20T13:51:31.950000Z,161,-67,80.0,2.0,4,10.0,0.0012115986893494455,5792,38.599,0.02521341013144292,0.014239638436649377,195,cwpb-10m-2a,1,1.0,76.703,-92.0,12,4.0,6776360.0,6.0,-77.0,-76.0,15.0,8597201.0,40838.0,87.8,40836.0,,3,7.0,-41.0,46,0.18454981410484808,0.11494092283982205,0.00196520633929585,21,122.656,0.2994907369446701
2026-07-20T13:54:11.562000Z,161,-55,80.0,1.0,4,10.0,0.007214776540396296,21720,2.679,0.005901639344262295,0.004071696368958965,351,cwpb-10m,1,1.0,478.125,-91.0,12,0.0,6075052.0,351.0,-74.0,-75.0,17.0,11684356.0,26897.0,585.0,26817.0,4.0,3,7.0,-33.0,92,0.09346149279814914,0.20803912183796153,0.0,0,2.837,0.30150061463611066
2026-07-20T13:55:33.200000Z,161,-68,80.0,3.0,3,10.0,0.00502957204723099,14480,59.541,0.06202333481022005,0.02117148579939397,130,cwpb-10m,1,1.0,76.703,-92.0,13,1.0,6216009.0,175.5,-78.0,-79.0,13.0,8232768.0,35273.0,87.8,35265.0,,2,4.0,-41.0,40,0.11373950410388461,0.11531646578367218,0.004114218565812308,42,169.376,0.22905596988755678
2026-07-20T13:57:07.481000Z,161,-67,80.0,2.0,4,10.0,0.012930442509426569,27512,28.629,0.03364151036282184,0.012713265882594629,195,cwpb-10m-2a,1,1.0,34.187,-92.0,13,2.0,6619997.0,117.0,-78.0,-78.0,14.0,8747950.0,23729.0,39.0,23727.0,,3,7.0,-41.0,46,0.0856396700110109,0.1113393545065891,0.007171920946175539,63,198.805,0.19697902451760002
2026-07-20T13:59:55.404000Z,161,-62,80.0,1.0,4,10.0,0.0005941843610431831,4344,4.615,0.010125535371437011,0.004307945149196241,351,cwpb-10m,1,1.0,434.117,-92.0,12,0.0,5638812.0,351.0,-72.0,-65.0,20.0,9121060.0,39930.0,526.6,39923.0,3.0,3,7.0,-34.0,102,0.26562930126513534,0.16259308406152467,0.005336072844351329,63,2.858,0.42822238532666
2026-07-20T14:01:08.699000Z,161,-65,80.0,3.0,4,10.0,0.002239409886564658,13032,26.408,0.04377886082804116,0.022144728057110576,195,cwpb-10m,1,1.0,25.343,-92.0,12,1.0,6907952.0,108.0,-77.0,-80.0,15.0,8018371.0,33394.0,29.3,33393.0,,3,4.0,-43.0,43,0.22450229412099115,0.13671720921838137,0.00930442918193473,84,121.631,0.3612195033393725
2026-07-20T14:02:43.355000Z,161,-66,80.0,2.0,4,10.0,0.007385358185419283,14480,14.412,0.049148820952099645,0.022213034769657438,195,cwpb-10m-2a,1,1.0,5.742,-92.0,12,1.0,6636585.0,175.5,-79.0,-80.0,13.0,8695755.0,13645.0,6.5,13643.0,,3,7.0,-41.0,47,0.0767727226676168,0.11184642717695327,0.006029793586276669,63,132.526,0.18861914984457007
2026-07-20T14:05:39.507000Z,161,-58,80.0,1.0,4,10.0,0.0008530107518956962,5792,3.272,0.013370747796977304,0.00426839915772174,351,cwpb-10m,1,1.0,434.117,-92.0,13,0.0,5329513.0,351.0,-75.0,-75.0,18.0,9943091.0,21341.0,526.6,21338.0,4.0,3,7.0,-32.0,88,0.25023050756535786,0.21331718733275348,0.006651549050350237,63,2.537,0.4635476948981113
2026-07-20T14:06:44.403000Z,161,-64,80.0,3.0,4,10.0,0.005165176826664916,7240,12.863,0.0419829665731305,0.018001129885470698,195,cwpb-10m,1,1.0,51.585,-92.0,12,1.0,6164297.0,81.0,-78.0,-79.0,14.0,7527577.0,24480.0,58.5,24476.0,,3,4.0,-43.0,43,0.05465404742654194,0.08892455887505993,0.10220241930309994,1190,272.693,0.14357860630160185
2026-07-20T14:08:19.002000Z,161,-67,80.0,2.0,4,10.0,0.0005796486378852563,1448,28.401,0.011744203219613057,0.01109650249088388,195,cwpb-10m-2a,1,1.0,51.585,-91.0,12,2.0,6642772.0,175.5,-78.0,-79.0,13.0,8468044.0,14772.0,58.5,14769.0,,3,7.0,-39.0,46,0.10042519934241763,0.10150684994501774,0.004116934873610396,42,138.949,0.20193204928743536
2026-07-20T14:11:23.320000Z,161,-55,80.0,1.0,4,10.0,0.0008629445631717817,7240,5.0,0.004913109831142618,0.0024564737301628063,351,cwpb-10m,1,1.0,389.406,-90.0,13,0.0,5799689.0,292.5,-73.0,-74.0,18.0,9711661.0,43699.0,468.0,43699.0,4.0,3,7.0,-30.0,99,0.30757909702421027,0.21011114597188815,0.003698958418645512,42,2.556,0.5176902429960984
2026-07-20T14:12:20.077000Z,161,-64,80.0,3.0,4,10.0,0.0026577129257924414,11584,57.195,0.014223403731600451,0.010826870730830466,195,cwpb-10m,1,1.0,101.39,-92.0,13,1.0,6487033.0,58.5,-77.0,-73.0,15.0,8061723.0,37816.0,117.0,37813.0,,3,4.0,-43.0,34,0.16691641511349298,0.09807973704796924,0.00905229437742691,84,279.588,0.2649961521614622
2026-07-20T14:13:54.761000Z,161,-67,80.0,2.0,4,10.0,0.001393467501472819,5792,41.133,0.06353369763205828,0.017880951158132607,195,cwpb-10m-2a,1,1.0,227.171,-92.0,13,2.0,6628285.0,175.5,-79.0,-79.0,13.0,8267486.0,34963.0,263.3,34961.0,,3,7.0,-40.0,42,0.16980279398734918,0.11893072993128144,0.01008338874372993,84,141.804,0.2887335239186306
2026-07-20T14:17:08.321000Z,161,-54,80.0,1.0,4,10.0,0.00041180047083808915,4344,2.955,0.004922955742627874,0.0032966976529197273,351,cwpb-10m,1,1.0,434.117,-92.0,13,0.0,5146296.0,351.0,-74.0,-75.0,19.0,9728520.0,34263.0,526.6,34261.0,4.0,3,7.0,-30.0,90,0.38714049299962344,0.25057368703878263,0.0019373788369486903,21,2.685,0.6377141800384061
2026-07-20T14:17:55.744000Z,161,-66,80.0,3.0,4,10.0,0.0006809255974529189,4344,40.018,0.03030177718702309,0.020354373170355915,260,cwpb-10m,1,1.0,202.796,-92.0,12,1.0,6500351.0,175.5,-78.0,-79.0,14.0,8479800.0,37137.0,234.0,37136.0,,3,4.0,-43.0,34,0.24513113527436434,0.10537754510709604,0.10846842499039137,1187,155.373,0.3505086803814604
2026-07-20T14:19:30.498000Z,161,-68,80.0,2.0,4,10.0,0.0009592541277715854,4344,8.6,0.040135873578496524,0.017168609727286736,195,cwpb-10m-2a,1,1.0,202.796,-92.0,13,2.0,7220614.0,175.5,-79.0,-80.0,13.0,8174890.0,34326.0,234.0,34323.0,,3,7.0,-40.0,44,0.17569142302781535,0.1283727707523508,0.0023880324450234205,21,112.769,0.30406419378016614
2026-07-20T14:22:53.637000Z,161,-54,80.0,1.0,4,10.0,0.0016582186081897754,10136,1.798,0.004919017378033772,0.0026737198911201275,351,cwpb-10m,1,1.0,297.515,-92.0,13,0.0,5459336.0,351.0,-73.0,-66.0,19.0,10007751.0,39319.0,351.0,39314.0,4.0,3,7.0,-37.0,96,0.22277885066777178,0.2374017835294904,0.001933228948983184,21,4.041,0.4601806341972622
2026-07-20T14:23:32.793000Z,161,-64,80.0,3.0,4,10.0,0.000645035709931005,4344,40.89,0.011850539063653819,0.010671768270761647,260,cwpb-10m,1,1.0,202.796,-92.0,13,2.0,6685229.0,117.0,-77.0,-78.0,15.0,8450114.0,33733.0,234.0,33731.0,,3,4.0,-44.0,39,0.2613747647202559,0.13865727717787243,0.002106598511370244,21,103.78,0.40003204189812835
2026-07-20T14:25:06.357000Z,161,-68,80.0,2.0,4,10.0,0.3217866397832979,1753528,3.765,0.03241864815635307,0.01497457757690925,260,cwpb-10m-2a,1,1.0,101.39,-92.0,12,4.0,6963578.0,175.5,-78.0,-79.0,13.0,8743114.0,26429.0,117.0,26427.0,,3,7.0,-42.0,46,0.2067371020386205,0.08500937548445253,0.14164003276694478,1178,230.799,0.29174647752307303
2026-07-20T14:29:08.646000Z,161,-66,80.0,3.0,4,10.0,0.010199422782163382,13032,25.376,0.05469600748289274,0.015868214267371988,195,cwpb-10m,1,1.0,227.171,-92.0,13,0.0,5728537.0,117.0,-79.0,-79.0,14.0,9081225.0,33327.0,263.3,33326.0,,3,4.0,-44.0,39,0.053166282004809336,0.11081977158894946,0.0,0,160.981,0.16398605359375878
2026-07-20T14:30:42.084000Z,161,-66,80.0,2.0,3,10.0,0.00997485272745339,14480,24.144,0.07990941761433566,0.02416670946535874,260,cwpb-10m-2a,1,1.0,101.39,-92.0,12,4.0,6334016.0,117.0,-78.0,-79.0,15.0,9451033.0,25852.0,117.0,25848.0,,2,4.0,-47.0,39,0.06054443702559601,0.09248282422787553,0.0,0,213.71,0.15302726125347155
2026-07-20T14:34:24.014000Z,161,-55,80.0,1.0,4,10.0,0.0003749926035696879,2896,1.935,0.00586028651602422,0.002872990601407221,351,cwpb-10m,1,1.0,434.117,-92.0,13,0.0,5922691.0,650.0,-75.0,-76.0,17.0,8751451.0,39030.0,526.6,39028.0,4.0,3,7.0,-30.0,93,0.285852159491411,0.18132341323445858,0.003955495757408616,42,3.943,0.4671755727258696
2026-07-20T14:34:44.418000Z,161,-68,80.0,3.0,4,10.0,0.026694761877780228,49232,11.389,0.013894550287992911,0.006330782531285844,195,cwpb-10m,1,1.0,202.796,-91.0,12,6.0,5971578.0,117.0,-80.0,-79.0,11.0,3135792.0,12719.0,234.0,12711.0,,3,4.0,-42.0,43,0.07237968442974474,0.1046962025889943,0.00654308512973715,84,181.561,0.17707588701873905
2026-07-20T14:36:17.943000Z,161,-65,80.0,2.0,2,10.0,0.0008446952169300033,4344,23.968,0.059758775168611236,0.01918956396692517,195,cwpb-10m-2a,1,1.0,25.343,-92.0,11,1.0,6764629.0,175.5,-79.0,-79.0,13.0,8882512.0,34000.0,29.3,33999.0,,1,4.0,-44.0,35,0.2008102607154738,0.13288320969421902,0.004775399869756294,42,67.923,0.3336934704096928
2026-07-20T14:40:08.614000Z,161,-64,80.0,1.0,4,10.0,0.0012047784088197702,10136,3.651,0.05183872396987151,0.026055843733415504,351,cwpb-10m,1,1.0,11.726,-92.0,12,0.0,3458374.0,216.0,-68.0,-68.0,24.0,7942608.0,32469.0,13.5,32465.0,3.0,3,7.0,-33.0,91,0.3084306299347072,0.08708635083380824,0.012315471834462592,105,3.792,0.39551698076851544
2026-07-20T14:41:53.733000Z,161,-67,80.0,2.0,4,10.0,0.0014433996200274202,7240,15.075,0.02053857135824349,0.015345899029325667,260,cwpb-10m-2a,1,1.0,51.585,-91.0,12,2.0,6714697.0,175.5,-79.0,-79.0,12.0,7916607.0,36874.0,58.5,36871.0,,3,4.0,-43.0,43,0.19342753054211081,0.12309181838346252,0.002211559398444516,21,126.911,0.3165193489255733
2026-07-20T14:45:55.041000Z,161,-54,80.0,1.0,4,10.0,0.0012596464908917553,7240,2.869,0.19260572047457294,0.05410610651738483,351,cwpb-10m,1,1.0,101.39,-91.0,12,0.0,962072.0,468.0,-72.0,-65.0,19.0,6519886.0,29452.0,117.0,29450.0,4.0,3,7.0,-28.0,82,0.19627425452445987,0.0055208538780801555,0.00785027934793618,63,2.747,0.20179510840254003
2026-07-20T14:45:59.921000Z,161,-66,80.0,3.0,3,10.0,0.0019867550466937953,7240,28.932,0.060312115394082606,0.024169790971187922,195,cwpb-10m,1,1.0,153.406,-92.0,12,1.0,5110812.0,108.0,-79.0,-82.0,13.0,7545801.0,36738.0,175.5,36732.0,,2,4.0,-43.0,42,0.14475936885948948,0.08371881281994942,0.0,0,187.299,0.2284781816794389
2026-07-20T14:47:29.320000Z,161,-64,80.0,2.0,3,10.0,0.0007917378663986214,4344,55.886,0.025894747206222615,0.018776642185814804,195,cwpb-10m-2a,1,1.0,202.796,-91.0,13,3.0,6112923.0,175.5,-78.0,-79.0,13.0,7898832.0,27542.0,234.0,27540.0,,2,4.0,-43.0,43,0.22302530534387935,0.10756805669987479,0.001843018985666788,21,131.352,0.3305933620437541
2026-07-20T14:51:35.978000Z,161,-66,80.0,3.0,3,10.0,0.0011193541537355036,4344,35.619,0.08767981095849947,0.02302090288120795,195,cwpb-10m,1,1.0,153.406,-92.0,13,5.0,5509322.0,87.8,-79.0,-81.0,13.0,5622451.0,22116.0,175.5,22104.0,,2,4.0,-43.0,42,0.15511482905881802,0.09684840352500251,0.10016271193734828,1163,85.213,0.25196323258382053
2026-07-20T14:51:42.004000Z,161,-54,80.0,1.0,4,10.0,0.003436671988399975,5792,4.87,0.005791365135627431,0.0023393765086538957,325,cwpb-10m,1,1.0,150.921,-92.0,12,0.0,1594317.0,351.0,-72.0,-66.0,20.0,4793219.0,6530.0,173.4,6527.0,4.0,3,7.0,-31.0,89,0.04845032695294776,0.022023177570886683,0.6407301990092045,6948,6.0,0.07047350452383444
2026-07-20T14:53:05.185000Z,161,-64,80.0,2.0,4,10.0,0.010389002100424077,39096,63.812,0.035624476935952346,0.013909403728622052,260,cwpb-10m-2a,1,1.0,51.585,-91.0,13,5.0,6655627.0,117.0,-79.0,-79.0,12.0,8335250.0,35381.0,58.5,35368.0,,3,4.0,-44.0,40,0.14762510204798598,0.11089736030598951,0.0026920036078972843,21,212.909,0.25852246235397547
2026-07-20T14:55:56.218000Z,161,-56,80.0,2.0,4,10.0,0.023693604147347273,152040,21.122,0.024951508885935118,0.014837450567510659,390,cwpb-10m-2a,1,1.0,299.7,-92.0,13,1.0,5950519.0,234.0,-64.0,-65.0,28.0,5711924.0,12678.0,351.0,12678.0,,3,4.0,-44.0,47,0.24375187423528544,0.21645787500822322,0.0,0,13.874,0.46020974924350866
2026-07-20T16:10:05.887000Z,161,-67,80.0,2.0,3,10.0,0.6400166028719827,1584112,5.261,0.012071087480923547,0.009511581326074676,195,cwpb-10m,1,1.0,76.703,-92.0,12,0.0,0.0,175.5,-79.0,-79.0,13.0,0.0,0.0,87.8,0.0,,2,2.0,-48.0,45,0.10716679000548857,0.15918207990295452,0.1333961414903774,1212,135.397,0.2663488699084431
2026-07-20T16:11:16.237000Z,161,-67,80.0,3.0,3,10.0,0.4237733041007642,2035888,22.085,0.03302318712154778,0.012723537568691903,195,cwpb-10m,1,1.0,51.585,-92.0,13,3.0,7244794.0,87.8,-85.0,-84.0,7.0,7325337.0,27949.0,58.5,27947.0,,2,4.0,-44.0,52,0.18316491569976218,0.11194959885273256,0.005772354902128229,63,157.636,0.2951145145524947
2026-07-20T16:12:55.864000Z,161,-56,80.0,1.0,4,10.0,0.0026379823923205342,10136,2.653,0.004235711120957023,0.0023758409942992143,300,cwpb-10m,1,1.0,231.812,-92.0,13,0.0,15906439.0,351.0,-73.0,-66.0,19.0,27800863.0,46717.0,270.0,46717.0,4.0,3,7.0,-30.0,86,0.13886478609254815,0.25648932946219716,0.0020203109920834544,21,4.74,0.3953541155547453
2026-07-20T16:15:41.954000Z,161,-69,80.0,2.0,3,10.0,0.0011436526199324689,7240,86.283,0.036254615271008706,0.017129063735812234,195,cwpb-10m,1,1.0,153.406,-91.0,13,2.0,6721239.0,117.0,-81.0,-82.0,10.0,8262552.0,28614.0,175.5,28611.0,,2,11.0,-38.0,42,0.2391765590798831,0.10237859199381374,0.0066383881472246095,63,253.724,0.3415551510736968
2026-07-20T16:16:51.925000Z,161,-64,80.0,3.0,3,10.0,0.0028836231343691955,13032,23.052,0.027558706247230842,0.014864670535668431,195,cwpb-10m,1,1.0,25.343,-92.0,13,1.0,6117883.0,87.8,-80.0,-80.0,12.0,8522912.0,32575.0,29.3,32574.0,,2,4.0,-44.0,52,0.17577923361509437,0.09857783930223468,0.004545041541417306,42,173.449,0.274357072917329
2026-07-20T16:18:39.958000Z,161,-55,80.0,1.0,4,10.0,0.002975388312178943,30408,3.837,0.004645301038743661,0.00237943608443326,351,cwpb-10m,1,1.0,202.796,-92.0,13,0.0,5416777.0,351.0,-72.0,-67.0,21.0,9477825.0,41932.0,234.0,41929.0,4.0,3,7.0,-32.0,104,0.37595602063151273,0.3224028914138113,0.0018147378632325766,21,3.72,0.698358912045324
2026-07-20T16:21:17.322000Z,161,-68,80.0,2.0,3,10.0,0.00040807507183256625,2896,17.491,0.019847388371978542,0.011982435416773666,130,cwpb-10m,1,1.0,51.585,-92.0,12,3.0,6575499.0,87.8,-81.0,-82.0,11.0,8737356.0,30729.0,58.5,30725.0,,2,11.0,-37.0,42,0.2686508474808329,0.1076764436008651,0.0017746106780819285,21,197.806,0.376327291081698
2026-07-20T16:22:27.592000Z,161,-65,80.0,3.0,3,10.0,0.0021979127770897413,7240,15.546,0.11524442475262148,0.039672333213497,195,cwpb-10m,1,1.0,51.585,-92.0,12,0.0,6019291.0,87.8,-80.0,-81.0,12.0,8789281.0,24299.0,58.5,24292.0,,2,4.0,-44.0,52,0.13292898994006053,0.09836651731275184,0.0035475692748498993,42,142.966,0.23129550725281237
2026-07-20T16:24:24.910000Z,161,-54,80.0,1.0,4,10.0,0.0009627924378506352,7240,2.881,0.008613203367301729,0.003210415489702635,468,cwpb-10m,1,1.0,227.171,-92.0,13,0.0,6000351.0,351.0,-71.0,-67.0,21.0,9713757.0,41754.0,263.3,41754.0,4.0,3,7.0,-30.0,99,0.27394909068218715,0.3144204974005623,0.001930182494959838,21,2.541,0.5883695880827495
2026-07-20T16:26:53.504000Z,161,-69,80.0,2.0,4,10.0,0.013341349382017488,21720,5.294,0.020243194013685815,0.021971136562066666,130,cwpb-10m,1,1.0,101.39,-92.0,12,4.0,6743491.0,117.0,-83.0,-84.0,9.0,8343495.0,22677.0,117.0,22675.0,,3,11.0,-38.0,48,0.07235798571351719,0.09770090350912272,0.0060457376100578365,63,218.133,0.1700588892226399
2026-07-20T16:28:03.233000Z,161,-63,80.0,3.0,3,10.0,0.0028482464893226263,8688,13.045,0.08009452075025845,0.02825021827332957,260,cwpb-10m,1,1.0,101.39,-92.0,13,1.0,6074254.0,175.5,-80.0,-81.0,12.0,8038525.0,20773.0,117.0,20771.0,,2,4.0,-44.0,52,0.11669377693775172,0.09729802933754139,0.004647171539920248,42,228.465,0.21399180627529313
2026-07-20T16:30:10.224000Z,161,-55,80.0,1.0,4,10.0,0.00035980175233451465,4344,1.862,0.006015851917491262,0.0027297005803502646,468,cwpb-10m,1,1.0,297.515,-91.0,13,0.0,5515641.0,468.0,-72.0,-67.0,19.0,9796877.0,41299.0,351.0,41299.0,4.0,3,7.0,-28.0,93,0.4439873528414603,0.3157465339994456,0.0,0,1.979,0.7597338868409058
2026-07-20T16:32:28.761000Z,161,-68,80.0,2.0,4,10.0,0.0004970546717041021,2896,22.673,0.037158469945355196,0.01579785321760567,130,cwpb-10m,1,1.0,11.726,-92.0,12,0.0,6561157.0,117.0,-82.0,-83.0,10.0,8308214.0,28925.0,13.5,28919.0,,3,11.0,-36.0,40,0.22891038085404022,0.1132555139649118,0.14449433364114064,1168,177.105,0.34216589481895204
2026-07-20T16:33:39.091000Z,161,-63,80.0,3.0,4,10.0,0.0009633869852790273,6096,56.962,0.041364643331856445,0.018711930563401986,260,cwpb-10m,1,1.0,153.406,-92.0,13,0.0,6678002.0,58.5,-80.0,-82.0,12.0,8485585.0,32089.0,175.5,32083.0,,3,7.0,-43.0,45,0.2437031482234443,0.09940840669717982,0.11851370598631175,1212,259.593,0.3431115549206241
2026-07-20T16:35:53.779000Z,161,-57,80.0,1.0,4,10.0,0.0003326009282704765,4344,2.852,0.021282922266528823,0.00689024703405064,351,cwpb-10m,1,1.0,563.578,-92.0,13,0.0,6123655.0,468.0,-70.0,-66.0,22.0,9564187.0,41334.0,702.0,41333.0,4.0,3,7.0,-31.0,82,0.47693170482437397,0.321624597260488,0.0,0,2.431,0.798556302084862
2026-07-20T16:38:04.562000Z,161,-68,80.0,2.0,4,10.0,0.0009224795391144341,4344,15.502,0.023720769950278144,0.013374762467259002,130,cwpb-10m,1,1.0,101.39,-90.0,14,2.0,6780160.0,117.0,-82.0,-83.0,8.0,8214200.0,32254.0,117.0,32249.0,,3,11.0,-36.0,43,0.18460514585003243,0.12122876084045223,0.0021584370624703002,21,189.087,0.30583390669048466
2026-07-20T16:39:15.188000Z,161,-66,80.0,3.0,4,10.0,0.0007627441212611705,5200,40.506,0.02072564367646335,0.011886908736069028,195,cwpb-10m,1,1.0,153.406,-92.0,15,1.0,6302596.0,117.0,-81.0,-81.0,11.0,8398969.0,25411.0,175.5,25410.0,,3,7.0,-43.0,45,0.2614008865236459,0.12097414443806745,0.01160430139558719,105,145.967,0.3823750309617133
2026-07-20T16:41:38.656000Z,161,-57,80.0,1.0,4,10.0,0.00630691369144912,50680,2.402,0.032676611037266774,0.006769554722407683,351,cwpb-10m,1,1.0,478.125,-92.0,14,0.0,6143117.0,351.0,-73.0,-69.0,19.0,9687253.0,38068.0,585.0,38065.0,4.0,3,7.0,-36.0,85,0.2956183594609717,0.1833799301408309,0.004128332947891836,42,3.124,0.4789982896018026
2026-07-20T16:43:40.210000Z,161,-66,80.0,2.0,4,10.0,0.0007223476124919832,4344,37.253,0.025008615172549598,0.015458887576395667,195,cwpb-10m,1,1.0,25.343,-92.0,15,0.0,6419975.0,117.0,-82.0,-83.0,10.0,8616047.0,21667.0,29.3,21660.0,,3,11.0,-36.0,44,0.22738808933958063,0.054935467313912606,0.0018451011942297623,21,354.676,0.28232355665349324
2026-07-20T16:44:50.672000Z,161,-64,80.0,3.0,4,10.0,0.0007727541716455586,4344,66.706,0.017204745729335894,0.011505829181860203,195,cwpb-10m,1,1.0,25.343,-92.0,13,2.0,6177024.0,175.5,-80.0,-81.0,13.0,8668496.0,23897.0,29.3,23895.0,,3,7.0,-40.0,51,0.2156188103528379,0.1203381843061447,0.004656952402011188,42,165.381,0.3359569946589826
2026-07-20T16:47:23.054000Z,161,-56,80.0,1.0,4,10.0,0.001018279383088316,8688,2.147,0.0066381135233594245,0.0027050485337168097,468,cwpb-10m,1,1.0,202.78,-92.0,14,0.0,5798215.0,351.0,-73.0,-69.0,19.0,10048220.0,45048.0,234.0,45040.0,4.0,3,7.0,-35.0,84,0.31234326788211253,0.2746455355641424,0.0,0,2.26,0.5869888034462549
2026-07-20T16:49:15.874000Z,161,-67,80.0,2.0,4,10.0,0.0027982497665071616,7240,39.74,0.04509033623787722,0.0226839915772174,195,cwpb-10m,1,1.0,51.585,-91.0,14,1.0,6112080.0,117.0,-82.0,-83.0,8.0,9150795.0,30607.0,58.5,30602.0,,3,11.0,-37.0,39,0.10042519934241763,0.07839318692853907,0.0019235787072583391,21,159.094,0.1788183862709567
2026-07-20T16:50:26.115000Z,161,-67,80.0,3.0,4,10.0,0.0006206202717566711,2896,16.634,0.014634962831684141,0.014856966771095477,195,cwpb-10m,1,1.0,25.343,-92.0,14,1.0,6123732.0,87.8,-80.0,-83.0,12.0,8443287.0,31501.0,29.3,31499.0,,3,7.0,-40.0,51,0.18611918853362935,0.12200037417162239,0.1223474831331051,1191,125.371,0.30811956270525176
2026-07-20T16:53:06.866000Z,161,-66,80.0,1.0,4,10.0,0.000379008871733944,2896,2.686,0.009223649879387584,0.003154434800472498,351,cwpb-10m,1,1.0,434.117,-92.0,14,0.0,5545319.0,351.0,-74.0,-74.0,19.0,10192636.0,47138.0,526.6,47135.0,3.0,3,7.0,-30.0,90,0.2794282375010926,0.2912952618953892,0.0,0,2.665,0.5707234993964818
2026-07-20T16:54:51.515000Z,161,-67,80.0,2.0,3,10.0,0.0008025321776069352,4344,35.554,0.03931866292522031,0.02180422166298598,195,cwpb-10m,1,1.0,101.39,-92.0,14,3.0,6754594.0,117.0,-81.0,-81.0,10.0,8529188.0,32220.0,117.0,32217.0,,2,11.0,-36.0,32,0.21114608295818202,0.10546421603383603,0.09206206013571733,1224,201.149,0.31661029899201804
2026-07-20T16:56:01.811000Z,161,-64,80.0,3.0,4,10.0,0.0007273232718394791,4344,47.002,0.014396691773740953,0.018272815982743565,195,cwpb-10m,1,1.0,227.171,-92.0,15,3.0,6099113.0,175.5,-80.0,-80.0,12.0,8559254.0,25102.0,263.3,25100.0,,3,7.0,-40.0,51,0.2259792828981029,0.13284730066095307,0.001924442202114211,21,166.039,0.35882658355905594
2026-07-20T16:58:51.994000Z,161,-63,80.0,1.0,4,10.0,0.001099652908033124,4344,4.504,0.010093634618224783,0.0035265779877766937,468,cwpb-10m,1,1.0,434.117,-91.0,14,0.0,6500371.0,351.0,-73.0,-68.0,18.0,10945911.0,45398.0,526.6,45396.0,3.0,3,7.0,-28.0,101,0.14482040218554357,0.2934138543521329,0.0020651608336611916,21,6.237,0.43823425653767645
2026-07-20T17:01:41.576000Z,161,-53,80.0,1.0,4,10.0,0.006085020369179508,20272,3.214,0.023762122778516224,0.006629859791484773,351,cwpb-10m,1,1.0,389.406,-92.0,15,0.0,5308529.0,468.0,-74.0,-75.0,19.0,8871584.0,29433.0,468.0,29432.0,4.0,3,7.0,-29.0,87,0.12158290278817636,0.2498965349535072,0.00521719881820568,42,2.453,0.37147943774168357
2026-07-20T17:02:50.592000Z,161,-66,80.0,3.0,4,10.0,0.002362218896099726,10136,21.33,0.029230542017427263,0.01322068717579991,195,cwpb-10m,1,1.0,76.703,-92.0,15,4.0,6080261.0,117.0,-76.0,-75.0,16.0,8563402.0,30739.0,87.8,30736.0,,3,7.0,-44.0,47,0.16542274303651974,0.1230735574427717,0.0021109638468164564,21,135.146,0.2884963004792914
2026-07-20T17:04:03.732000Z,161,-68,80.0,2.0,3,10.0,0.003236188859676562,10136,10.126,0.030374636932013983,0.018779210107339118,130,cwpb-10m,1,1.0,70.953,-92.0,16,0.0,0.0,87.8,-80.0,-81.0,13.0,0.0,0.0,81.0,0.0,,2,7.0,-43.0,50,0.12679292162928185,0.10656426915735683,0.005770088863825899,63,113.446,0.2333571907866387
2026-07-20T17:07:26.665000Z,161,-56,80.0,1.0,4,10.0,0.005876385779034756,44888,3.291,0.006772017919558903,0.0022417954907298036,468,cwpb-10m,1,1.0,101.39,-92.0,15,0.0,4930030.0,351.0,-72.0,-68.0,20.0,8115950.0,31477.0,117.0,31470.0,4.0,3,7.0,-31.0,90,0.28105265407834884,0.18942984799794307,0.011670112278689061,105,2.277,0.47048250207629194
2026-07-20T17:08:26.444000Z,161,-61,80.0,3.0,4,10.0,0.0010078475212929633,4344,25.555,0.07217643873381578,0.02152791330696934,260,cwpb-10m,1,1.0,227.171,-91.0,15,1.0,6569736.0,81.0,-81.0,-83.0,10.0,7786392.0,30780.0,263.3,30768.0,,3,7.0,-44.0,47,0.16246876548229622,0.08431881427974305,0.007584468970231289,63,204.791,0.24678757976203927
2026-07-20T17:09:39.553000Z,161,-64,80.0,2.0,4,10.0,0.0008837301058303457,5792,23.856,0.02618224782159208,0.014838991320425248,195,cwpb-10m,1,1.0,251.312,-91.0,13,2.0,6353310.0,117.0,-79.0,-80.0,12.0,8085724.0,28408.0,292.5,28406.0,,3,4.0,-43.0,49,0.2510379096183249,0.12374309707277688,0.0024601496316253232,21,67.12,0.37478100669110176
2026-07-20T17:13:10.573000Z,161,-63,80.0,1.0,4,10.0,0.009569943999816812,70952,1.853,0.0038123369270910254,0.0020841251091366646,468,cwpb-10m,1,1.0,297.515,-92.0,13,0.0,5424546.0,351.0,-73.0,-74.0,19.0,8528828.0,37682.0,351.0,37664.0,3.0,3,7.0,-31.0,97,0.2732676172456771,0.27427377642343076,0.0020229724320455014,21,2.614,0.5475413936691078
2026-07-20T17:14:03.072000Z,161,-63,80.0,3.0,4,10.0,0.009653268008828772,31856,27.952,0.058407916112834156,0.015579579888038623,260,cwpb-10m,1,1.0,25.343,-92.0,12,2.0,6147012.0,58.5,-85.0,-87.0,7.0,8039800.0,33524.0,29.3,33492.0,,3,7.0,-45.0,55,0.13292898994006053,0.05396121336791467,0.09790472995768311,1186,324.244,0.1868902033079752
2026-07-20T17:15:15.334000Z,161,-66,80.0,2.0,4,10.0,0.0010142011362866865,4344,40.999,0.03230837394771821,0.013174978172667043,195,cwpb-10m,1,1.0,51.585,-92.0,13,3.0,6007692.0,117.0,-79.0,-79.0,13.0,6976977.0,21209.0,58.5,21206.0,,3,4.0,-43.0,50,0.17129645597485701,0.08631775697645264,0.0034752542691965905,42,124.824,0.25761421295130965
2026-07-20T17:18:55.529000Z,161,-57,80.0,1.0,3,10.0,0.0002695480712055312,2896,1.757,0.003335794811204647,0.0023506753633608956,351,cwpb-10m,1,1.0,478.125,-92.0,11,0.0,5284999.0,468.0,-72.0,-68.0,20.0,9316725.0,40339.0,585.0,40337.0,4.0,2,7.0,-32.0,86,0.3933039857746935,0.25392056937376667,0.0036212363535005425,42,2.516,0.6472245551484601
2026-07-20T17:19:39.017000Z,161,-64,80.0,3.0,4,10.0,0.001672320038077034,4344,75.037,0.03780042337419387,0.019574752195572902,195,cwpb-10m,1,1.0,5.242,-92.0,12,0.0,5959288.0,54.0,-86.0,-86.0,6.0,8871619.0,31571.0,6.0,31553.0,,3,7.0,-45.0,55,0.10338921439782488,0.057082698721175544,0.006311654132208054,63,423.063,0.16047191311900041
2026-07-20T17:20:51.073000Z,161,-67,80.0,2.0,4,10.0,0.0011418693019953883,5880,44.619,0.043453945749027716,0.016852241795490733,195,cwpb-10m,1,1.0,76.703,-92.0,12,13.0,4871391.0,117.0,-79.0,-79.0,13.0,7026983.0,23427.0,87.8,23421.0,,3,11.0,-45.0,40,0.20667514286718036,0.05525977013641996,0.4069544256712281,4631,263.417,0.26193491300360033
2026-07-20T17:24:39.271000Z,161,-63,80.0,1.0,4,10.0,0.004875709378381647,41992,2.065,0.00961157879190666,0.004454316676082379,468,cwpb-10m,1,1.0,51.492,-91.0,11,0.0,5804773.0,216.0,-71.0,-70.0,21.0,9213960.0,33358.0,58.6,33351.0,3.0,3,7.0,-30.0,94,0.31552127640617544,0.19056313550835924,0.014168537596837437,168,2.944,0.5060844119145347
2026-07-20T17:25:14.838000Z,161,-65,80.0,3.0,4,10.0,0.009913436555953906,17376,23.749,0.09545808103185152,0.02305171793949977,195,cwpb-10m,1,1.0,5.242,-92.0,13,3.0,5629724.0,58.5,-86.0,-87.0,6.0,7716165.0,24390.0,6.0,24364.0,,3,11.0,-45.0,42,0.06794827517894406,0.048039615388351255,0.005893930373906871,63,463.169,0.1159878905672953
2026-07-20T17:26:26.838000Z,161,-68,80.0,2.0,4,10.0,0.001527760907821491,4344,67.112,0.019711514793482005,0.01651687124441477,195,cwpb-10m,1,1.0,101.39,-92.0,13,2.0,5390702.0,175.5,-79.0,-80.0,12.0,8624188.0,8422.0,117.0,8419.0,,3,11.0,-44.0,46,0.11072988846290886,0.08397377142884752,0.0026082026438307175,21,56.344,0.19470365989175636
2026-07-20T17:30:56.471000Z,161,-64,80.0,3.0,4,10.0,0.0097525863442108,11584,11.969,0.1165893762615074,0.05080016434697756,195,cwpb-10m,1,1.0,25.343,-92.0,12,13.0,6053285.0,13.0,-85.0,-85.0,7.0,8389386.0,14002.0,29.3,13993.0,,3,11.0,-45.0,42,0.0546431231716096,0.027497513121676503,0.09786114014788665,1164,851.498,0.0821406362932861
2026-07-20T17:32:02.640000Z,161,-67,80.0,2.0,3,10.0,0.008343010014939985,14480,13.544,0.03551617190961453,0.022255662266961126,195,cwpb-10m,1,1.0,5.242,-92.0,12,16.0,4077438.0,117.0,-79.0,-80.0,13.0,7634584.0,23373.0,6.0,23366.0,,2,11.0,-45.0,39,0.07087420966428488,0.0358987640049453,0.10702609268829351,1194,359.18,0.10677297366923019
2026-07-20T17:36:09.747000Z,161,-56,80.0,1.0,4,10.0,0.00016298447041520475,1448,2.915,0.004328262688918427,0.0025227261054902163,527,cwpb-10m,1,1.0,389.406,-92.0,12,0.0,5816002.0,468.0,-72.0,-73.0,19.0,9517036.0,39882.0,468.0,39877.0,4.0,3,7.0,-33.0,94,0.3257567346936146,0.27704923378513774,0.0019785846021006187,21,3.124,0.6028059684787523
2026-07-20T17:36:32.955000Z,161,-67,80.0,3.0,4,10.0,0.001973656918982557,4344,48.017,0.09452075025845517,0.02488957937445432,195,cwpb-10m,1,1.0,76.703,-92.0,12,2.0,6184504.0,40.5,-87.0,-86.0,5.0,6691032.0,22916.0,87.8,22902.0,,3,7.0,-45.0,51,0.0901143292627419,0.04872510685181527,0.0044222632981103,42,574.207,0.13883943611455718
2026-07-20T17:37:39.031000Z,161,-67,80.0,2.0,3,10.0,0.001707822265237563,7240,52.581,0.059802097179146356,0.02467823943300293,195,cwpb-10m,1,1.0,153.406,-92.0,10,5.0,3809925.0,58.5,-79.0,-80.0,13.0,7886513.0,28238.0,175.5,28235.0,,2,11.0,-46.0,42,0.16391298804490625,0.03405645343170096,0.00820841500608993,84,1135.365,0.19796944147660722
2026-07-20T17:42:01.790000Z,161,-55,80.0,1.0,4,10.0,0.0005186407430034704,4344,2.047,0.15327721163786737,0.042350675363360894,468,cwpb-10m,1,1.0,25.343,-91.0,12,0.0,3463097.0,351.0,-73.0,-69.0,18.0,9431880.0,41726.0,29.3,41724.0,4.0,3,7.0,-36.0,97,0.3066474325652032,0.1747144424300544,0.013432955309010402,105,4.831,0.4813618749952576
2026-07-20T17:42:10.564000Z,161,-68,80.0,3.0,4,10.0,0.0008467136462126613,2896,22.72,0.026261015113474128,0.012635201068255355,130,cwpb-10m,1,1.0,5.242,-92.0,12,10.0,4247250.0,27.0,-87.0,-89.0,5.0,7861934.0,33386.0,6.0,33377.0,,3,7.0,-45.0,51,0.13145200116294875,0.014006178903029007,0.9762816545193547,11907,892.052,0.14545818006597777
2026-07-20T17:43:14.506000Z,161,-68,80.0,2.0,4,10.0,0.001140022976938034,4344,63.0,0.04062816915275932,0.016485029017513225,195,cwpb-10m,1,1.0,101.39,-91.0,12,22.0,2213750.0,175.5,-79.0,-80.0,12.0,5684359.0,22573.0,117.0,22572.0,,3,11.0,-45.0,42,0.1491460521850048,0.023279240163888375,0.21834192231272823,2390,692.996,0.17242529234889317
2026-07-20T17:47:48.905000Z,161,-57,80.0,1.0,4,10.0,0.005812184784828882,13032,3.873,0.04987938758430563,0.016406450618869087,468,cwpb-10m,1,1.0,209.57,-90.0,10,0.0,1206176.0,292.5,-73.0,-68.0,17.0,4778543.0,12592.0,243.0,12590.0,4.0,3,7.0,-38.0,81,0.07557584364087355,0.017419235613932063,0.11261953674225265,1247,4.129,0.09299507925480562
2026-07-20T17:47:53.330000Z,161,-65,80.0,3.0,4,10.0,0.14501890263589468,18824,227.24,0.13886673558804707,0.04534435827641107,195,cwpb-10m,1,1.0,5.242,-92.0,11,8.0,3710960.0,13.5,-85.0,-84.0,7.0,2870679.0,5196.0,6.0,5190.0,,3,11.0,-46.0,54,0.005908545667734265,0.009498882060659861,0.217035741475275,2326,1297.629,0.015407427728394126
2026-07-20T17:48:50.465000Z,161,-68,80.0,2.0,4,10.0,0.0010518981430379223,5792,32.247,0.02566238369517058,0.017155770119665147,130,cwpb-10m,1,1.0,51.585,-91.0,12,5.0,6577968.0,87.8,-80.0,-81.0,11.0,7922514.0,34138.0,58.5,34131.0,,3,11.0,-45.0,39,0.22002734431253185,0.10325015104138001,0.006192375189212831,63,176.282,0.32327749535391187
2026-07-20T17:53:33.315000Z,161,-56,80.0,1.0,3,10.0,0.003817064559188054,2896,3.332,0.08619701668881996,0.016996045400852554,468,cwpb-10m,1,1.0,202.78,-91.0,12,0.0,1159026.0,351.0,-74.0,-75.0,17.0,2408095.0,5362.0,234.0,5362.0,4.0,2,7.0,-35.0,91,0.03026870245433606,0.025540234026344946,0.011457503106217622,84,3.169,0.055808936480681005
2026-07-20T17:53:38.499000Z,161,-66,80.0,3.0,4,10.0,0.01755626583195372,7240,67.842,0.07861369566287599,0.03287144984849263,195,cwpb-10m,1,1.0,5.242,-92.0,11,5.0,4671779.0,13.5,-88.0,-88.0,4.0,3893010.0,10207.0,6.0,10206.0,,3,11.0,-46.0,54,0.019204693121567945,0.009646282001128634,0.3404998034544754,3468,1043.774,0.02885097512269658
2026-07-20T17:54:27.360000Z,161,-67,80.0,2.0,4,10.0,0.0009406316992701121,4344,26.834,0.017683257027519324,0.01880745724410662,195,cwpb-10m,1,1.0,153.406,-91.0,13,19.0,3554813.0,87.8,-80.0,-81.0,11.0,6904583.0,28331.0,175.5,28330.0,,3,11.0,-45.0,41,0.17867992390480775,0.020173108618885462,0.22555682566779214,2356,1598.526,0.1988530325236932
2026-07-20T17:59:14.345000Z,161,-65,80.0,3.0,4,10.0,0.03307380897878364,43440,29.587,0.09980406636144341,0.025194905243695755,195,cwpb-10m,1,1.0,153.406,-92.0,12,24.0,3348921.0,87.8,-85.0,-86.0,7.0,5104754.0,22736.0,175.5,22736.0,,3,11.0,-46.0,54,0.053176911009608384,0.020927676464560806,0.40536419543755736,3467,681.324,0.07410458747416919
2026-07-20T18:00:07.842000Z,161,-66,80.0,2.0,4,10.0,0.0009512724391322953,5792,35.559,0.026721803770984095,0.019469980997380718,195,cwpb-10m,1,1.0,51.585,-91.0,13,24.0,4399753.0,13.5,-77.0,-77.0,14.0,7843815.0,28385.0,58.5,28383.0,,3,11.0,-45.0,42,0.23036419941446284,0.029176697645532518,0.1311496819080077,1219,343.659,0.2595408970599954
2026-07-20T18:04:50.890000Z,161,-64,80.0,3.0,4,10.0,0.0034497151268806404,8688,14.26,0.17566681435533896,0.03295773201170972,195,cwpb-10m,1,1.0,5.242,-92.0,12,0.0,5773379.0,40.5,-87.0,-86.0,5.0,9029926.0,35569.0,6.0,35563.0,,3,7.0,-44.0,49,0.09749100351761537,0.023017864416944797,0.11668459791091354,1161,233.079,0.12050886793456017
2026-07-20T18:05:43.482000Z,161,-69,80.0,2.0,4,10.0,0.009263890111968553,10136,29.624,0.02552060256978289,0.021750295310975297,195,cwpb-10m,1,1.0,76.703,-92.0,12,3.0,7065603.0,121.5,-78.0,-80.0,14.0,8703805.0,20968.0,87.8,20967.0,,3,11.0,-45.0,43,0.042828393837207525,0.09291382995308228,0.002061478218670288,21,221.576,0.1357422237902898
2026-07-20T18:10:26.730000Z,161,-67,80.0,3.0,4,10.0,0.0023123843673980645,5792,26.868,0.03953330379559888,0.014813825689486932,195,cwpb-10m,1,1.0,11.726,-91.0,12,2.0,6170223.0,40.5,-87.0,-88.0,4.0,7398492.0,26205.0,13.5,26193.0,,3,7.0,-44.0,49,0.10044527635148251,0.06412261984331609,0.006808239047169039,63,292.183,0.1645678961947986
2026-07-20T18:11:19.144000Z,161,-69,80.0,2.0,4,10.0,0.0014684007730645257,8688,61.236,0.019435829271894838,0.0172256175851266,195,cwpb-10m,1,1.0,153.406,-92.0,13,3.0,6183586.0,108.0,-78.0,-81.0,14.0,8697999.0,26535.0,175.5,26533.0,,3,11.0,-45.0,41,0.22891038085404022,0.09423348152558482,0.10671281875980809,1165,195.376,0.32314386237962506
2026-07-20T18:16:02.402000Z,161,-66,80.0,3.0,4,10.0,0.008472999492801784,10136,61.961,0.04178801752572245,0.019644086076729496,195,cwpb-10m,1,1.0,101.39,-92.0,13,3.0,4947567.0,87.8,-86.0,-86.0,7.0,8902637.0,26744.0,117.0,26724.0,,3,11.0,-45.0,42,0.047263640867577075,0.028117709112137807,0.1396303128190553,1195,688.853,0.07538134997971488
2026-07-20T18:16:54.787000Z,161,-69,80.0,2.0,3,10.0,0.0011040957124355002,5792,28.288,0.016074435090828534,0.01710287093626419,195,cwpb-10m,1,1.0,25.343,-91.0,11,3.0,5381877.0,175.5,-80.0,-80.0,12.0,8157004.0,35809.0,29.3,35806.0,,2,11.0,-43.0,33,0.2008102607154738,0.09819816956761221,0.22142486202695413,2364,280.716,0.299008430283086
2026-07-20T18:21:38.418000Z,161,-65,80.0,3.0,4,10.0,0.033863410535647606,39096,276.052,0.05051937183084723,0.028732473935596525,195,cwpb-10m,1,1.0,68.398,-92.0,13,2.0,7309720.0,87.8,-86.0,-87.0,6.0,7950706.0,20478.0,78.0,20475.0,,3,11.0,-45.0,42,0.04873575850440856,0.04929734334426688,0.006030146984224561,63,380.254,0.09803310184867545
2026-07-20T18:22:30.617000Z,161,-68,80.0,2.0,3,10.0,0.0005613387561172039,2896,46.546,0.06517205730320484,0.01767859894201633,195,cwpb-10m,1,1.0,51.585,-92.0,10,2.0,6161002.0,117.0,-79.0,-80.0,13.0,8461242.0,36013.0,58.5,36007.0,,2,11.0,-47.0,47,0.19789671635123476,0.11386056499269293,0.0,0,93.255,0.31175728134392766
2026-07-20T18:27:14.144000Z,161,-64,80.0,3.0,4,10.0,0.0009835072095055906,2896,45.694,0.026394919509673608,0.012544810230599352,195,cwpb-10m,1,1.0,22.617,-91.0,10,1.0,5515625.0,87.8,-84.0,-83.0,7.0,9304978.0,5421.0,26.0,5416.0,,3,7.0,-46.0,44,0.11519361101042025,0.07013786693267361,0.006977848619452982,63,268.601,0.18533147794309385
2026-07-20T18:28:06.251000Z,161,-66,80.0,2.0,4,10.0,0.006892790256258436,14480,40.479,0.034502043026633185,0.0181028195778337,260,cwpb-10m,1,1.0,202.796,-92.0,11,1.0,5600222.0,117.0,-78.0,-78.0,14.0,8948238.0,32526.0,234.0,32524.0,,3,11.0,-45.0,38,0.08268657794166569,0.09944719236714473,0.008629222560445704,84,260.647,0.18213377030881042
2026-07-20T18:32:50.772000Z,161,-66,80.0,3.0,4,10.0,0.0020766613896094142,4344,29.422,0.03402747009304387,0.015977607724307948,195,cwpb-10m,1,1.0,16.703,-92.0,10,1.0,6257211.0,58.5,-85.0,-85.0,7.0,8732422.0,5127.0,19.5,5125.0,,3,7.0,-46.0,44,0.08418836029537168,0.04160958541428998,0.10863051169838656,1187,573.95,0.12579794570966166
2026-07-20T18:33:42.166000Z,161,-68,80.0,2.0,4,10.0,0.0015906745582133569,7240,59.243,0.02687933835474819,0.01943454368034513,195,cwpb-10m,1,1.0,25.343,-92.0,13,2.0,5782007.0,175.5,-80.0,-81.0,12.0,7840611.0,30060.0,29.3,30057.0,,3,11.0,-44.0,45,0.17718552416071218,0.08923370568855,0.0063241980388366965,63,228.241,0.2664192298492622
2026-07-20T18:38:26.565000Z,161,-65,80.0,3.0,4,10.0,0.0015064346178669291,4344,40.267,0.02062521537931374,0.014219095064454831,195,cwpb-10m,1,1.0,5.742,-92.0,12,2.0,6348905.0,58.5,-85.0,-84.0,7.0,9234444.0,4573.0,6.5,4561.0,,3,7.0,-44.0,53,0.11521664052081815,0.08501469977361209,0.0023293723770394866,21,242.475,0.20023134029443024
2026-07-20T18:39:17.868000Z,161,-66,80.0,2.0,4,10.0,0.003126217316377955,11584,37.319,0.04825481218923841,0.024408094088644652,195,cwpb-10m,1,1.0,76.703,-92.0,13,3.0,5836652.0,175.5,-79.0,-80.0,13.0,9039954.0,38737.0,87.8,38735.0,,3,11.0,-45.0,48,0.1402858906690639,0.09417599407850011,0.0019276872240010878,21,172.776,0.23446188474756402
2026-07-20T18:44:02.210000Z,161,-63,80.0,3.0,4,10.0,0.0014810614853213951,4344,21.601,0.011027420863486438,0.010071388218376047,260,cwpb-10m,1,1.0,51.585,-92.0,13,2.0,5731002.0,87.8,-84.0,-85.0,8.0,9014421.0,9240.0,58.5,9233.0,,3,7.0,-44.0,53,0.11521664052081815,0.07066355055996609,0.13536206820842017,1189,256.259,0.18588019108078424
2026-07-20T18:44:53.439000Z,161,-68,80.0,2.0,3,10.0,0.0006911674933426329,4344,45.998,0.02492984788066755,0.014950439114580659,260,cwpb-10m,1,1.0,101.39,-92.0,13,1.0,5897975.0,117.0,-78.0,-79.0,13.0,8393847.0,27449.0,117.0,27448.0,,2,11.0,-45.0,38,0.24663247485564332,0.11681024853585172,0.0020595387612113254,21,107.163,0.363442723391495
2026-07-20T18:49:37.966000Z,161,-63,80.0,3.0,4,10.0,0.0003104761446267885,1448,30.685,0.02883276719342293,0.007609778645164605,260,cwpb-10m,1,1.0,25.343,-92.0,12,1.0,5881590.0,87.8,-83.0,-83.0,9.0,7905522.0,34442.0,29.3,34437.0,,3,7.0,-45.0,51,0.17725637003202793,0.06117599760315253,0.008840536841349365,84,318.453,0.23843236763518047
2026-07-20T18:50:29.187000Z,161,-66,80.0,2.0,4,10.0,0.0009681376298608908,5792,17.939,0.015599862157239205,0.013322890452467774,195,cwpb-10m,1,1.0,101.39,-92.0,12,2.0,5765544.0,234.0,-79.0,-80.0,13.0,7399564.0,26202.0,117.0,26200.0,,3,11.0,-43.0,40,0.22588897246433404,0.09540729214562793,0.0022728219729579685,21,196.03,0.32129626460996197
2026-07-20T18:55:13.445000Z,161,-64,80.0,3.0,4,10.0,0.0017783555397260925,5792,26.076,0.03527987003396839,0.01892250012839608,195,cwpb-10m,1,1.0,51.585,-92.0,12,8.0,5079656.0,87.8,-84.0,-84.0,8.0,7812738.0,37810.0,58.5,37803.0,,3,7.0,-45.0,51,0.12849802360872517,0.050113892210330975,0.1280570215519019,1189,152.368,0.17861191581905614
2026-07-20T18:56:05.370000Z,161,-66,80.0,2.0,4,10.0,0.0006063549252686192,2896,54.925,0.028803229458967166,0.010919315905705924,195,cwpb-10m,1,1.0,25.343,-92.0,12,7.0,5644330.0,58.5,-79.0,-81.0,13.0,7693188.0,25529.0,29.3,25523.0,,3,11.0,-43.0,45,0.18897900964336442,0.07282719110252821,0.1513730892687239,1189,204.175,0.2618062007458926
2026-07-20T19:00:49.170000Z,161,-61,80.0,3.0,4,10.0,0.0068286290023421466,14480,10.538,0.1069423521882538,0.041108314929895744,260,cwpb-10m,1,1.0,153.406,-92.0,12,1.0,5436154.0,87.8,-83.0,-83.0,10.0,8230885.0,24775.0,175.5,24763.0,,3,4.0,-45.0,49,0.08417153440143836,0.06871917675851466,0.10153549965282423,1203,231.426,0.152890711159953
2026-07-20T19:01:41.372000Z,161,-68,80.0,2.0,4,10.0,0.0019241386776640884,8688,11.92,0.037524737852606696,0.023833906835807096,260,cwpb-10m,1,1.0,25.343,-92.0,9,2.0,6619506.0,87.8,-79.0,-80.0,14.0,7987804.0,29105.0,29.3,29096.0,,3,4.0,-49.0,41,0.174232432091367,0.09795746842887705,0.00907565024313267,84,235.891,0.27218990052024405
2026-07-20T19:06:24.804000Z,161,-66,80.0,3.0,4,10.0,0.0022309393254222308,10136,12.363,0.015810564663023684,0.014920137640593703,195,cwpb-10m,1,1.0,101.39,-92.0,13,0.0,6304405.0,87.8,-85.0,-86.0,7.0,7108581.0,32964.0,117.0,32964.0,,3,4.0,-45.0,49,0.1743020971981608,0.07768658950156258,0.005895844243529552,63,254.891,0.2519886866997234
2026-07-20T19:07:16.983000Z,161,-68,80.0,2.0,3,10.0,0.0004875161613550748,2896,43.764,0.021968197705902616,0.013056340198243543,195,cwpb-10m,1,1.0,25.343,-91.0,10,2.0,6273371.0,87.8,-79.0,-80.0,12.0,8365674.0,30047.0,29.3,30046.0,,2,11.0,-36.0,40,0.22891038085404022,0.10404366393019863,0.005536197110189453,63,134.618,0.33295404478423885
2026-07-20T19:12:00.704000Z,161,-64,80.0,3.0,4,10.0,0.24445309804890264,490872,57.941,0.028194505981391223,0.014115008645335797,195,cwpb-10m,1,1.0,5.742,-92.0,12,1.0,5437740.0,117.0,-83.0,-84.0,9.0,5976883.0,24987.0,6.5,24978.0,,3,4.0,-45.0,49,0.08566534907248345,0.06421708704636386,0.12432487989540333,1212,363.922,0.14988243611884733
2026-07-20T19:12:52.671000Z,161,-65,80.0,2.0,3,10.0,0.0013627921273305069,7240,17.001,0.018748584650224,0.0133013199116635,260,cwpb-10m,1,1.0,202.796,-92.0,13,1.0,6262046.0,175.5,-79.0,-78.0,13.0,8349768.0,25170.0,234.0,25165.0,,2,11.0,-37.0,36,0.20526040845263036,0.1429598014216862,0.12263896188553194,1224,143.085,0.34822020987431657
2026-07-20T19:17:36.213000Z,161,-62,80.0,3.0,3,10.0,0.0015190407524684714,2896,44.751,0.04337714763944271,0.0172934107133686,260,cwpb-10m,1,1.0,46.921,-92.0,13,1.0,5679938.0,117.0,-83.0,-85.0,9.0,8724526.0,16957.0,54.0,16950.0,,2,11.0,-45.0,48,0.07680341640981275,0.0695806134828944,0.002109016662782291,21,381.25,0.14638402989270716
2026-07-20T19:18:28.335000Z,161,-67,80.0,2.0,3,10.0,0.0010104269016046798,5792,68.189,0.04304632501353812,0.02132915618098711,260,cwpb-10m,1,1.0,153.406,-92.0,12,1.0,6145832.0,117.0,-78.0,-78.0,14.0,8192828.0,25691.0,175.5,25690.0,,2,7.0,-46.0,24,0.22443499727023544,0.14144581248811122,0.008848519953889127,84,97.513,0.3658808097583467
2026-07-20T19:19:59.358000Z,161,-58,80.0,1.0,4,10.0,0.0004982159191651149,4344,2.633,0.0038517205730320483,0.0019120743670073444,351,cwpb-10m,1,1.0,563.578,-92.0,13,1.0,0.0,526.6,-72.0,-68.0,19.0,0.0,0.0,702.0,0.0,4.0,3,7.0,-34.0,110,0.32022710619696865,0.23605998303987455,0.007728123926378058,84,2.847,0.5562870892368432
2026-07-20T19:21:24.244000Z,161,-61,80.0,3.0,3,10.0,0.0013385519351299113,4344,16.273,0.03125879978338995,0.022035848184479484,260,cwpb-10m,1,1.0,11.726,-92.0,13,3.0,5957344.0,117.0,-82.0,-82.0,10.0,8518353.0,17778.0,13.5,17775.0,,2,11.0,-45.0,48,0.13441941394095452,0.10074147603651694,0.006309589813603897,63,201.373,0.23516088997747148
2026-07-20T19:22:55.370000Z,161,-66,80.0,2.0,4,10.0,0.0008845532399139014,5792,25.076,0.017844729975877514,0.01292075394175954,195,cwpb-10m,1,1.0,251.312,-92.0,13,0.0,6070559.0,87.8,-80.0,-81.0,12.0,8010749.0,24280.0,292.5,24279.0,,3,11.0,-41.0,44,0.24951134866975463,0.13934470609397762,0.0016127716141111383,21,21.655,0.38885605476373225
2026-07-20T19:25:43.735000Z,161,-54,80.0,1.0,4,10.0,0.00899347880755422,72400,2.779,0.00615172549598779,0.002309075034666941,468,cwpb-10m,1,1.0,389.406,-92.0,13,0.0,6367976.0,351.0,-73.0,-66.0,19.0,10014558.0,42068.0,468.0,42062.0,4.0,3,7.0,-32.0,94,0.2956805522593221,0.2899087899908914,0.0022817434998189095,21,2.474,0.5855893422502135
2026-07-20T19:26:59.395000Z,161,-66,80.0,3.0,4,10.0,0.0009990952285086321,4344,40.73,0.041658051494117075,0.01519439165939089,195,cwpb-10m,1,1.0,101.39,-91.0,13,0.0,6224006.0,117.0,-83.0,-83.0,9.0,7912261.0,23218.0,117.0,23208.0,,3,7.0,-45.0,47,0.17577923361509437,0.07265791201581961,0.0831401675614629,1185,209.663,0.24843714563091399
2026-07-20T19:28:31.182000Z,161,-67,80.0,2.0,1,10.0,0.2685521146112826,631328,11.632,0.00864077191946044,0.012727646243130813,260,cwpb-10m,1,1.0,251.312,-92.0,11,2.0,6248429.0,175.5,-79.0,-80.0,13.0,3851591.0,13740.0,292.5,13740.0,,0,11.0,-37.0,33,0.09003332357323283,0.1433419842755632,0.004537324832150036,42,21.023,0.233375307848796
2026-07-20T19:31:28.524000Z,161,-54,80.0,1.0,4,10.0,0.0008064021649699858,7240,1.496,0.005633830551863339,0.0031200246520466336,468,cwpb-10m,1,1.0,299.7,-91.0,13,0.0,5910074.0,468.0,-72.0,-66.0,19.0,10779870.0,34459.0,351.0,34459.0,4.0,3,7.0,-29.0,99,0.32966178044084476,0.2737375911392692,0.002339063311747431,21,6.32,0.603399371580114
2026-07-20T19:32:35.145000Z,161,-65,80.0,3.0,4,10.0,0.0015312212640096867,8688,16.694,0.01914832865652538,0.01580607056648349,195,cwpb-10m,1,1.0,202.796,-92.0,13,1.0,6461275.0,87.8,-83.0,-84.0,9.0,8235858.0,28836.0,234.0,28828.0,,3,7.0,-45.0,47,0.21850697990014015,0.09143116245383098,0.0047755106936103135,42,187.318,0.3099381423539711
2026-07-20T19:34:06.945000Z,161,-66,80.0,2.0,4,10.0,0.0012993164347851348,7240,14.993,0.023324964308570863,0.01628832622875045,260,cwpb-10m,1,1.0,153.406,-92.0,13,2.0,6161243.0,175.5,-80.0,-79.0,12.0,8258997.0,30867.0,175.5,30862.0,,3,11.0,-37.0,43,0.2185724926864384,0.12882556769328996,0.006319666141466418,63,31.125,0.34739806037972837
2026-07-20T19:37:13.346000Z,161,-55,80.0,1.0,4,10.0,0.0011295279644371538,11584,2.163,0.006000098459114853,0.0025458373992090803,122,cwpb-10m,1,1.0,202.78,-92.0,13,0.0,5224619.0,468.0,-71.0,-67.0,21.0,9337032.0,33857.0,234.0,33853.0,4.0,3,7.0,-35.0,93,0.37730000528244145,0.24821752539719746,0.003948285732139923,42,1.558,0.6255175306796389
2026-07-20T19:38:11.188000Z,161,-64,80.0,3.0,4,10.0,0.0010328567301464936,7240,31.394,0.04154974646777925,0.01571054388577885,195,cwpb-10m,1,1.0,25.343,-92.0,12,4.0,6132512.0,117.0,-82.0,-83.0,10.0,7975288.0,24725.0,29.3,24713.0,,3,7.0,-45.0,47,0.2717659349885682,0.09317251417687529,0.13217543260674328,1225,746.304,0.3649384491654435
2026-07-20T19:39:42.603000Z,161,-66,80.0,2.0,4,10.0,0.0006972570322647242,4344,35.456,0.02161571407473047,0.01898361666067485,195,cwpb-10m,1,1.0,153.406,-92.0,13,2.0,5507806.0,175.5,-80.0,-80.0,12.0,8083307.0,25471.0,175.5,25470.0,,3,11.0,-36.0,41,0.2391765590798831,0.10832065359594253,0.01103932811221197,126,134.918,0.3474972126758257
2026-07-20T19:42:57.959000Z,161,-64,80.0,1.0,4,10.0,0.001174003672755624,13032,2.578,0.022330527248560036,0.00809973807200452,468,cwpb-10m,1,1.0,434.117,-91.0,12,0.0,5188685.0,300.0,-71.0,-71.0,18.0,9038864.0,35409.0,526.6,35407.0,3.0,3,7.0,-33.0,90,0.40723198355275403,0.21051373578750215,0.006502457049474451,63,1.358,0.6177457193402562
2026-07-20T19:43:46.917000Z,161,-66,80.0,3.0,4,10.0,0.00043921581221284604,2896,23.141,0.028651602422094226,0.01588516254943249,195,cwpb-10m,1,1.0,5.742,-92.0,13,2.0,5947445.0,87.8,-84.0,-86.0,8.0,8233079.0,30424.0,6.5,30418.0,,3,7.0,-45.0,47,0.25995002477167395,0.08783446854510354,0.00590339925948634,63,301.166,0.3477844933167775
2026-07-20T19:45:18.427000Z,161,-65,80.0,2.0,4,10.0,0.0008420438446547603,5792,34.624,0.04512578151922415,0.020471470391864824,195,cwpb-10m,1,1.0,153.406,-92.0,13,0.0,6382169.0,175.5,-78.0,-79.0,14.0,8141863.0,23718.0,175.5,23716.0,,3,11.0,-36.0,49,0.2643017402063957,0.13691045858437761,0.0069350483886380584,84,66.794,0.4012121987907733
2026-07-20T19:48:41.760000Z,161,-54,80.0,1.0,4,10.0,0.0005652686074501371,5792,2.732,0.005326638113523359,0.002514508756612398,351,cwpb-10m,1,1.0,434.117,-92.0,13,0.0,5460752.0,468.0,-71.0,-66.0,21.0,9274916.0,33124.0,526.6,33124.0,4.0,3,7.0,-33.0,94,0.37682661494756503,0.26626228408881936,0.005440279424035509,63,2.604,0.6430888990363843
2026-07-20T19:49:22.586000Z,161,-65,80.0,3.0,4,10.0,0.0009012357379008388,4344,36.282,0.044414906709988676,0.019369832057932312,195,cwpb-10m,1,1.0,51.585,-92.0,13,1.0,6103479.0,87.8,-85.0,-85.0,7.0,8287496.0,30235.0,58.5,30228.0,,3,7.0,-44.0,52,0.1831466083618612,0.09477794500512704,0.14368322748401635,1233,288.308,0.27792455336698824
2026-07-20T19:50:54.134000Z,161,-66,80.0,2.0,4,10.0,0.0010983166015099003,7240,20.693,0.006907891498055432,0.010406245185147142,325,cwpb-10m,1,1.0,202.796,-92.0,13,2.0,5985156.0,175.5,-78.0,-79.0,14.0,7818787.0,23700.0,234.0,23699.0,,3,11.0,-36.0,41,0.25546799037629536,0.11975621586734767,0.002109838368819141,21,113.925,0.37522420624364305
2026-07-20T19:54:58.151000Z,161,-66,80.0,3.0,4,10.0,0.0010645362557013065,5792,54.664,0.07157386895091815,0.021988084844127165,195,cwpb-10m,1,1.0,153.406,-92.0,11,1.0,6385716.0,87.8,-82.0,-81.0,10.0,8065313.0,29709.0,175.5,29705.0,,3,7.0,-44.0,52,0.2126651280192374,0.09954600714493403,0.008630127318724564,84,224.547,0.3122111351641714
2026-07-20T19:56:29.904000Z,161,-67,80.0,2.0,3,10.0,0.0004914981026753375,2896,35.935,0.01168315856840447,0.010311232088747369,195,cwpb-10m,1,1.0,25.343,-90.0,11,0.0,5745364.0,175.5,-80.0,-81.0,10.0,7902918.0,26933.0,29.3,26932.0,,2,11.0,-36.0,27,0.2302951591948581,0.11906039967350013,0.006475990468109494,63,97.291,0.34935555886835823
2026-07-20T20:00:11.047000Z,161,-55,80.0,1.0,4,10.0,0.00026650719889943504,2896,1.916,0.006451041205139566,0.0038503415335627345,351,cwpb-10m,1,1.0,389.406,-92.0,13,0.0,5927670.0,468.0,-72.0,-73.0,20.0,8985189.0,35194.0,468.0,35194.0,4.0,3,7.0,-35.0,91,0.3999732787378027,0.25031986431622844,0.010108303489068661,105,2.59,0.6502931430540311
2026-07-20T20:00:34.264000Z,161,-65,80.0,3.0,4,10.0,0.0005886159752455035,2896,79.215,0.08017279574656623,0.0269917084667226,195,cwpb-10m,1,1.0,5.742,-92.0,11,2.0,4921109.0,117.0,-83.0,-83.0,9.0,6137072.0,20580.0,6.5,20576.0,,3,4.0,-46.0,46,0.1905315522474201,0.051605314930470686,0.11139899248866075,1162,350.519,0.2421368671778908
2026-07-20T20:02:05.670000Z,161,-67,80.0,2.0,3,10.0,0.0005681221190319332,2896,42.338,0.01557623196967459,0.013907862975707463,195,cwpb-10m,1,1.0,202.796,-91.0,13,4.0,6760259.0,117.0,-78.0,-79.0,13.0,8542705.0,25326.0,234.0,25322.0,,2,11.0,-44.0,40,0.199373557518035,0.10635133108331161,0.0037736430549728302,42,163.727,0.3057248886013466
2026-07-20T20:05:55.563000Z,161,-54,80.0,1.0,3,10.0,0.00041297283282152556,2896,2.091,0.05147048688032294,0.020638898875250375,468,cwpb-10m,1,1.0,434.117,-92.0,13,0.0,3875477.0,351.0,-73.0,-74.0,19.0,9333445.0,17537.0,526.6,17535.0,4.0,2,11.0,-36.0,90,0.25874427496126623,0.22719926553882136,0.2979578113468966,2395,2.391,0.4859435405000876
2026-07-20T20:07:41.468000Z,161,-66,80.0,2.0,3,10.0,0.0006488552461187267,4344,27.147,0.014887018165706688,0.01309383185249859,260,cwpb-10m,1,1.0,202.796,-91.0,11,4.0,6661387.0,175.5,-78.0,-78.0,13.0,8216061.0,28494.0,234.0,28494.0,,2,11.0,-36.0,34,0.26432815189223624,0.1207459366596398,0.0,0,160.048,0.385074088551876
2026-07-20T20:11:39.871000Z,161,-52,80.0,1.0,4,10.0,0.00035467287793499916,2896,2.921,0.4550189533796092,0.1818858815674593,468,cwpb-10m,1,1.0,389.406,-90.0,11,0.0,1245530.0,351.0,-73.0,-74.0,17.0,7430831.0,27387.0,468.0,27384.0,4.0,3,7.0,-31.0,91,0.2999008053019574,0.0025444495793159458,0.1448019346210859,1228,7.503,0.30244525488127333
2026-07-20T20:11:45.241000Z,161,-65,80.0,3.0,4,10.0,0.0007504123671038144,1448,70.168,0.03550632599812927,0.015679215243182172,195,cwpb-10m,1,1.0,22.617,-92.0,11,2.0,4725736.0,87.8,-84.0,-85.0,8.0,7970861.0,4147.0,26.0,4146.0,,3,4.0,-45.0,35,0.07531889950681322,0.06829751559702876,0.871069488599173,10571,200.019,0.143616415103842
2026-07-20T20:13:16.969000Z,161,-65,80.0,2.0,4,10.0,0.0005490503899406475,3936,53.0,0.020026583961010196,0.015235478403779982,195,cwpb-10m,1,1.0,251.312,-92.0,11,3.0,6462269.0,175.5,-79.0,-79.0,13.0,8475088.0,20921.0,292.5,20920.0,,3,11.0,-36.0,42,0.2805437465877943,0.13918478085887417,0.002015048529060597,21,85.953,0.41972852744666844
2026-07-20T20:17:21.554000Z,161,-64,80.0,3.0,4,10.0,0.007091717318339772,11584,117.567,0.05160439127652242,0.019934261208977455,195,cwpb-10m,1,1.0,5.742,-91.0,12,3.0,5593979.0,81.0,-83.0,-84.0,8.0,7017787.0,16727.0,6.5,16724.0,,3,4.0,-45.0,35,0.06351686592814335,0.04183231678521825,0.11630110342504313,1218,296.736,0.1053491827133616
2026-07-20T20:17:28.019000Z,161,-53,80.0,1.0,4,10.0,0.013352970215524434,17376,3.516,0.0038300595677644854,0.0026521493503158544,468,cwpb-10m,1,1.0,330.359,-92.0,9,0.0,1669975.0,468.0,-72.0,-65.0,21.0,3970322.0,14249.0,390.0,14241.0,4.0,3,7.0,-34.0,89,0.03833001302941646,0.036317492328343026,0.6062114951129433,7018,2.836,0.07464750535775949
2026-07-20T20:18:52.847000Z,161,-65,80.0,2.0,3,10.0,0.0038581775540337273,20272,25.804,0.018124353862058785,0.013850341533562734,260,cwpb-10m,1,1.0,153.406,-91.0,10,1.0,6433541.0,175.5,-80.0,-80.0,12.0,8597479.0,26926.0,175.5,26921.0,,2,11.0,-37.0,40,0.19935363410866977,0.11996791296981811,0.006996988114464858,63,95.915,0.31932154707848787
2026-07-20T20:22:57.197000Z,161,-67,80.0,3.0,4,10.0,0.0009876803799683971,5792,35.812,0.02013291980505095,0.016060294797390993,195,cwpb-10m,1,1.0,51.585,-92.0,13,1.0,7184325.0,40.5,-86.0,-86.0,6.0,8035626.0,29846.0,58.5,29839.0,,3,4.0,-45.0,35,0.2230475989569685,0.08517547636388437,0.007385172565817952,84,295.556,0.30822307532085286
2026-07-20T20:23:13.300000Z,161,-54,80.0,1.0,4,10.0,1.0,1133784,3.67,0.00907989957170285,0.0034718299008782293,468,cwpb-10m,1,1.0,297.515,-91.0,12,0.0,5463688.0,351.0,-73.0,-65.0,18.0,3489534.0,10734.0,351.0,10734.0,4.0,3,7.0,-36.0,93,0.04511464981022781,0.28434062990420966,0.0,0,2.113,0.32945527971443744
2026-07-20T20:24:28.382000Z,161,-66,80.0,2.0,3,10.0,0.0007180642303251469,4344,12.023,0.04165608231182002,0.016189718042216632,260,cwpb-10m,1,1.0,251.312,-92.0,12,3.0,6440696.0,175.5,-79.0,-79.0,13.0,7873181.0,21500.0,292.5,21495.0,,2,11.0,-36.0,33,0.24660782886035448,0.11421792444844864,0.0023954827103870487,21,154.175,0.3608257533088031
2026-07-21T12:17:17.642000Z,161,-56,80.0,1.0,4,13.0,0.00019766674719987314,2896,3.228,0.00462560921577315,0.002496019721637307,351,cwpb-13m,1,1.0,389.406,-92.0,12,0.0,0.0,468.0,-71.0,-66.0,21.0,0.0,0.0,468.0,0.0,4.0,3,7.0,-38.0,107,0.5375810997598419,0.3588779204836964,0.0023229037973005718,21,1.659,0.8964590202435383
2026-07-21T12:18:42.979000Z,161,-69,80.0,3.0,4,13.0,0.000902720650281998,4344,27.252,0.02364003347609905,0.014727029941964974,130,cwpb-13m,1,1.0,153.406,-89.0,11,0.0,0.0,13.5,-74.0,-74.0,15.0,0.0,0.0,175.5,0.0,,3,4.0,-46.0,50,0.19645914345216428,0.1253614851601293,0.010013272529375027,105,206.974,0.32182062861229355
2026-07-21T12:20:18.023000Z,161,-64,80.0,2.0,3,13.0,0.0004596227418030301,2896,50.429,0.029222665288239056,0.014775820450927016,260,cwpb-13m,1,1.0,51.585,-92.0,11,0.0,0.0,175.5,-78.0,-78.0,14.0,0.0,0.0,58.5,0.0,,2,7.0,-35.0,47,0.2569190100330327,0.20022338981560164,0.0018064854340063914,21,82.257,0.45714239984863436
2026-07-21T12:23:01.977000Z,161,-55,80.0,1.0,4,13.0,0.0002235573409361287,2896,1.591,0.0042711564023039435,0.0022448769965589853,351,cwpb-13m,1,1.0,478.125,-92.0,11,0.0,5278981.0,468.0,-72.0,-73.0,20.0,9286246.0,35791.0,585.0,35791.0,4.0,3,7.0,-35.0,108,0.4736652934680483,0.24807127947900423,0.003633513248241635,42,2.698,0.7217365729470525
2026-07-21T12:24:19.475000Z,161,-59,80.0,3.0,4,13.0,0.0007175361298758878,5792,20.276,0.018212967065426078,0.009800215705408044,325,cwpb-13m,1,1.0,157.281,-92.0,12,3.0,6866233.0,234.0,-74.0,-74.0,18.0,8235975.0,27579.0,180.0,27579.0,,3,4.0,-46.0,50,0.3219835534103689,0.2717184173768577,0.008038991917947255,63,63.035,0.5937019707872266
2026-07-21T12:25:54.402000Z,161,-68,80.0,2.0,3,13.0,0.00019722533344901204,1448,38.126,0.007935804657116134,0.009108417646756715,260,cwpb-13m,1,1.0,202.796,-91.0,11,0.0,6476189.0,175.5,-80.0,-80.0,11.0,8283446.0,26998.0,234.0,26998.0,,2,7.0,-37.0,41,0.2849733846918121,0.15956453932504244,0.004328588228352899,42,136.849,0.44453792401685455
2026-07-21T12:28:45.818000Z,161,-62,80.0,1.0,4,13.0,0.0002426374721026112,2896,1.915,0.011805247870821642,0.004255045965795286,468,cwpb-13m,1,1.0,478.125,-92.0,11,0.0,6326997.0,351.0,-70.0,-68.0,22.0,9632138.0,33940.0,585.0,33940.0,3.0,3,7.0,-30.0,102,0.4373427083985993,0.315283884400227,0.008332167193453982,63,2.124,0.7526265927988263
2026-07-21T12:29:54.988000Z,161,-61,80.0,3.0,4,13.0,0.00042843651851364795,2896,25.681,0.015820410574508937,0.009801756458322635,260,cwpb-13m,1,1.0,299.7,-91.0,11,5.0,6814717.0,234.0,-74.0,-74.0,17.0,8772755.0,23867.0,351.0,23867.0,,3,4.0,-46.0,50,0.25702173654644056,0.24035896807420298,0.004913485095216532,42,44.39,0.49738070462064354
2026-07-21T12:31:30.320000Z,161,-69,80.0,2.0,4,13.0,0.00044011142491208986,2896,14.416,0.024878649140944224,0.014082995223665965,195,cwpb-13m,1,1.0,70.953,-92.0,11,4.0,6674864.0,117.0,-78.0,-79.0,13.0,8646946.0,24958.0,81.0,24957.0,,3,7.0,-35.0,51,0.2519606774619185,0.14436718174085253,0.0,0,109.564,0.396327859202771
2026-07-21T12:34:29.810000Z,161,-53,80.0,1.0,4,13.0,0.001562404783930632,11584,2.673,0.0029557426278737755,0.0018499306661188435,351,cwpb-13m,1,1.0,389.406,-92.0,12,0.0,6563260.0,351.0,-71.0,-67.0,21.0,8870531.0,26928.0,468.0,26925.0,4.0,3,7.0,-35.0,109,0.2728181789784484,0.3256120685714905,0.0018952324251000979,21,2.987,0.5984302475499389
2026-07-21T12:35:30.737000Z,161,-59,80.0,3.0,4,13.0,0.00102184823765539,7240,13.383,0.01570029045438882,0.010594217040727237,292,cwpb-13m,1,1.0,227.171,-91.0,12,3.0,6605334.0,234.0,-74.0,-74.0,17.0,8329279.0,34362.0,263.3,34361.0,,3,7.0,-40.0,44,0.27327023713270976,0.2428432550354728,0.006310363774819127,63,73.658,0.5161134921681826
2026-07-21T12:37:06.102000Z,161,-67,80.0,2.0,4,13.0,0.0002760385156026228,1448,14.896,0.03299168020479497,0.014050639412459556,195,cwpb-13m,1,1.0,25.343,-91.0,11,3.0,6664948.0,117.0,-80.0,-80.0,11.0,8225928.0,30476.0,29.3,30475.0,,3,7.0,-35.0,49,0.2081929908888368,0.12335744078373173,0.005902270416121744,42,140.997,0.33155043167256854
2026-07-21T12:40:15.624000Z,161,-53,80.0,1.0,4,13.0,0.002036712912017784,4344,3.594,0.02476640575001231,0.007180422166298598,468,cwpb-13m,1,1.0,389.406,-92.0,11,0.0,4852454.0,351.0,-72.0,-73.0,20.0,8124254.0,22063.0,468.0,22062.0,4.0,3,7.0,-30.0,95,0.07814843317162899,0.2277367886597832,0.009645303162388845,105,1.808,0.3058852218314122
2026-07-21T12:41:06.415000Z,161,-61,80.0,3.0,4,13.0,0.001070031942929486,5792,38.871,0.034389799635701275,0.016462944892404085,292,cwpb-13m,1,1.0,227.171,-92.0,11,1.0,4527499.0,263.3,-74.0,-75.0,18.0,7315959.0,20543.0,263.3,20543.0,,3,7.0,-40.0,44,0.20829705616469846,0.1516314936765442,0.010012655378525756,126,234.761,0.3599285498412427
2026-07-21T12:42:41.924000Z,161,-66,80.0,2.0,1,13.0,0.0008123426180690461,4344,36.436,0.029506227539014426,0.014880078064814341,260,cwpb-13m,1,1.0,76.703,-92.0,11,1.0,5221240.0,87.8,-79.0,-79.0,13.0,6843488.0,26047.0,87.8,26046.0,,0,7.0,-34.0,37,0.2052398988194916,0.11145822557528792,0.002018527385502514,21,150.556,0.3166981243947795
2026-07-21T12:46:00.310000Z,161,-53,80.0,1.0,4,13.0,0.0005027428069349695,4344,2.443,0.021997735440358396,0.004775306866622156,351,cwpb-13m,1,1.0,478.125,-92.0,11,0.0,5943226.0,234.0,-71.0,-73.0,21.0,7892725.0,29357.0,585.0,29354.0,4.0,3,7.0,-31.0,90,0.31775983035223765,0.27740981977413665,0.0063473469263505885,63,3.263,0.5951696501263743
2026-07-21T12:46:41.883000Z,161,-60,80.0,3.0,3,13.0,0.0005498719289916665,4344,26.472,0.01743907842268498,0.008611781623953573,260,cwpb-13m,1,1.0,202.796,-91.0,11,2.0,6573237.0,234.0,-74.0,-74.0,17.0,8364457.0,33392.0,234.0,33391.0,,2,7.0,-41.0,44,0.31167578397298246,0.2152765910738538,0.005052588105867571,42,98.656,0.5269523750468362
2026-07-21T12:48:19.528000Z,161,-66,80.0,2.0,4,13.0,0.00021825711417658054,1448,23.97,0.05363264904248511,0.028427404858507525,195,cwpb-13m,1,1.0,51.585,-91.0,11,4.0,4838512.0,58.5,-80.0,-84.0,11.0,7682824.0,27166.0,58.5,27166.0,,3,7.0,-35.0,44,0.25251460320431507,0.06567949172968995,0.0063308133087517995,63,490.202,0.318194094934005
2026-07-21T12:51:44.301000Z,161,-54,80.0,1.0,4,13.0,0.0007427202905923627,7240,3.019,0.022176931029390043,0.005216989368804889,351,cwpb-13m,1,1.0,202.78,-91.0,10,0.0,3370839.0,351.0,-72.0,-67.0,19.0,7901271.0,30553.0,234.0,30551.0,4.0,3,7.0,-29.0,96,0.35668706288764734,0.08244175827978485,0.0142864808650385,105,2.325,0.4391288211674322
2026-07-21T12:52:18.841000Z,161,-61,80.0,3.0,3,13.0,0.0012744360978178405,7240,33.113,0.0303135922808054,0.018743259205998664,292,cwpb-13m,1,1.0,76.703,-92.0,10,3.0,5396515.0,117.0,-76.0,-77.0,16.0,7145736.0,27171.0,87.8,27170.0,,2,7.0,-41.0,44,0.22450229412099115,0.08407918468771361,0.013570382435273037,126,192.534,0.3085814788087048
2026-07-21T12:53:54.263000Z,161,-69,80.0,2.0,3,13.0,0.008963188059163848,28960,18.964,0.01745680106335844,0.016514303322890455,195,cwpb-13m,1,1.0,76.703,-90.0,10,2.0,4676876.0,81.0,-82.0,-83.0,8.0,7929919.0,23020.0,87.8,23019.0,,2,7.0,-35.0,44,0.12549387359129668,0.0903799846935116,0.0037619150966666983,42,282.556,0.2158738582848083
2026-07-21T12:57:29.312000Z,161,-53,80.0,1.0,4,13.0,0.0007468217936373836,5792,2.759,0.01807709348692955,0.005413178573262801,325,cwpb-13m,1,1.0,231.812,-91.0,10,0.0,5544703.0,243.0,-70.0,-67.0,21.0,9543826.0,20572.0,270.0,20568.0,4.0,3,7.0,-34.0,103,0.2848333401508463,0.22777363031480122,0.00522130257511021,42,4.525,0.5126069704656475
2026-07-21T12:57:54.656000Z,161,-63,80.0,3.0,4,13.0,0.061168756068699016,262088,13.456,0.19511741249446168,0.04735589680379368,292,cwpb-13m,1,1.0,101.39,-91.0,10,1.0,4769157.0,117.0,-76.0,-76.0,15.0,7114675.0,24190.0,117.0,24174.0,,3,7.0,-45.0,43,0.1625012494901903,0.07852687194682155,0.006464868230840983,63,421.352,0.24102812143701186
2026-07-21T12:59:30.499000Z,161,-67,80.0,2.0,4,13.0,0.0012128751302303736,4344,16.944,0.01849062176931029,0.02020697447486005,195,cwpb-13m,1,1.0,23.46,-91.0,10,4.0,5064329.0,58.5,-80.0,-82.0,11.0,8130971.0,21493.0,27.0,21492.0,,3,7.0,-37.0,42,0.1446437001668331,0.040028053411524524,0.005044660728780087,42,325.126,0.1846717535783576
2026-07-21T13:03:16.398000Z,161,-52,80.0,1.0,4,13.0,0.000601003075648239,4344,2.733,0.5307733963471668,0.2349442761029223,351,cwpb-13m,1,1.0,231.812,-91.0,10,0.0,5770196.0,243.0,-69.0,-70.0,22.0,8713147.0,16722.0,270.0,16722.0,4.0,3,7.0,-36.0,107,0.2650762515140521,0.2845851065699544,0.010561753499818742,105,3.747,0.5496613580840065
2026-07-21T13:03:30.413000Z,161,-62,80.0,3.0,4,13.0,0.0032986082940220044,4344,61.059,0.051257815192241415,0.02836012531457039,292,cwpb-13m,1,1.0,202.796,-91.0,10,3.0,4748020.0,234.0,-75.0,-76.0,16.0,6331654.0,17331.0,234.0,17330.0,,3,7.0,-45.0,43,0.05613118384347552,0.10874961182973361,0.10201266880354015,1186,151.846,0.16488079567320912
2026-07-21T13:05:06.176000Z,161,-68,80.0,2.0,3,13.0,0.0008811228060813198,2896,24.821,0.031270614877172254,0.016989368804889323,195,cwpb-13m,1,1.0,101.39,-90.0,11,4.0,5197382.0,175.5,-80.0,-82.0,10.0,6833084.0,18973.0,117.0,18973.0,,2,7.0,-34.0,43,0.1342449652655794,0.09490257444824522,0.004218033325564587,42,212.517,0.22914753971382462
2026-07-21T13:09:06.303000Z,161,-54,80.0,1.0,4,13.0,0.0014505185892376422,7240,2.787,0.3516959582533354,0.14370602434389607,351,cwpb-13m,1,1.0,141.546,-90.0,9,0.0,916943.0,292.5,-73.0,-74.0,17.0,7784357.0,12766.0,162.0,12766.0,4.0,3,7.0,-31.0,101,0.14844207073991988,0.006092702826395688,0.23678698034185203,1228,1.921,0.15453477356631556
2026-07-21T13:09:10.137000Z,161,-61,80.0,3.0,4,13.0,0.006059903032890323,8688,44.213,0.09528873135430513,0.0391453957167069,292,cwpb-13m,1,1.0,5.242,-92.0,9,2.0,4888762.0,175.5,-76.0,-75.0,16.0,6586691.0,14612.0,6.0,14610.0,,3,4.0,-44.0,38,0.05909136345097829,0.06527620558763544,0.005778298208122782,63,305.215,0.12436756903861373
2026-07-21T13:10:43.479000Z,161,-69,80.0,2.0,3,13.0,0.003621541541257201,14480,68.144,0.023334810220056124,0.011402085152277749,195,cwpb-13m,1,1.0,51.585,-92.0,10,3.0,5834818.0,27.0,-80.0,-81.0,12.0,8527892.0,31032.0,58.5,31027.0,,2,7.0,-35.0,38,0.15208424157127798,0.040939279023117524,0.13110664771020442,1184,773.17,0.1930235205943955
2026-07-21T13:14:42.174000Z,161,-62,80.0,3.0,4,13.0,0.010343147467132907,36200,23.371,0.026881307537045238,0.018693955112731756,292,cwpb-13m,1,1.0,93.851,-91.0,11,1.0,4107128.0,175.5,-76.0,-75.0,15.0,7221191.0,12595.0,108.0,12561.0,,3,4.0,-44.0,38,0.13294227752402096,0.06754242843341075,0.08913459886930021,1206,170.748,0.20048470595743173
2026-07-21T13:16:19.724000Z,161,-68,80.0,2.0,3,13.0,0.001208627882764697,4344,16.559,0.08289272879436815,0.024659750398027834,130,cwpb-13m,1,1.0,101.39,-91.0,10,18.0,4119972.0,117.0,-79.0,-80.0,11.0,6127564.0,21284.0,117.0,21281.0,,2,7.0,-35.0,58,0.14164934404796067,0.025319396958387547,0.19406673999572144,2299,233.013,0.16696874100634823
2026-07-21T13:20:18.084000Z,161,-63,80.0,3.0,4,13.0,0.006216641733022199,11584,30.57,0.06586324028946978,0.027201479122798015,292,cwpb-13m,1,1.0,57.203,-92.0,9,0.0,4769654.0,108.0,-77.0,-76.0,15.0,9056275.0,13293.0,65.0,13291.0,,3,4.0,-44.0,38,0.07384943885558919,0.10349775332205477,0.006794301863999622,63,172.042,0.17734719217764394
2026-07-21T13:20:34.912000Z,161,-62,80.0,1.0,4,13.0,0.29894596248908084,421368,4.255,0.005700782749963078,0.0030876688408402243,325,cwpb-13m,1,1.0,304.687,-91.0,9,0.0,5876062.0,468.0,-73.0,-74.0,19.0,3215821.0,7076.0,360.0,7075.0,3.0,3,7.0,-35.0,102,0.05161689363520034,0.21422205765356078,0.005921519657781197,63,2.672,0.2658389512887611
2026-07-21T13:21:56.155000Z,161,-68,80.0,2.0,2,13.0,0.001742271539423425,4344,35.722,0.03952148870181657,0.019757588208104356,195,cwpb-13m,1,1.0,251.312,-90.0,10,4.0,5067031.0,87.8,-80.0,-81.0,10.0,8712914.0,10037.0,292.5,10036.0,,1,7.0,-36.0,49,0.0988495678819117,0.0726196188774275,0.005902044699252415,63,421.043,0.1714691867593392
2026-07-21T13:25:53.759000Z,161,-60,80.0,3.0,3,13.0,0.00760370437209976,24616,53.402,0.013347117609412694,0.010473011144779418,260,cwpb-13m,1,1.0,153.406,-91.0,10,3.0,3867623.0,263.3,-76.0,-76.0,15.0,7994350.0,24256.0,175.5,24249.0,,2,4.0,-44.0,42,0.12406705727738984,0.08175275949100862,0.0019677621185731453,21,386.74,0.20581981676839844
2026-07-21T13:26:20.252000Z,161,-55,80.0,1.0,4,13.0,0.0037914315702935303,17376,2.137,0.01021021021021021,0.0046433157002722,468,cwpb-13m,1,1.0,297.515,-92.0,10,0.0,5511913.0,351.0,-72.0,-67.0,20.0,8437811.0,30978.0,351.0,30973.0,4.0,3,7.0,-35.0,91,0.16992457668281608,0.21491633163972965,0.0073968531349473746,84,2.61,0.3848409083225457
2026-07-21T13:27:32.061000Z,161,-70,80.0,2.0,4,13.0,0.00289764203101243,10136,18.791,0.021993797075764286,0.012963381439063223,130,cwpb-13m,1,1.0,101.39,-92.0,10,2.0,4251739.0,81.0,-81.0,-82.0,12.0,7697909.0,29524.0,117.0,29522.0,,3,7.0,-34.0,47,0.13879532725922455,0.05530457999639155,0.004312621938335293,42,210.005,0.1940999072556161
2026-07-21T13:31:29.669000Z,161,-61,80.0,3.0,3,13.0,0.0015412040518719575,7240,41.289,0.022828730369713973,0.012946946741307586,292,cwpb-13m,1,1.0,153.406,-92.0,10,3.0,3654844.0,87.8,-76.0,-76.0,16.0,7684826.0,29778.0,175.5,29776.0,,2,4.0,-44.0,42,0.1831466083618612,0.06589028376887263,0.142487412329067,1223,516.047,0.24903689213073382
2026-07-21T13:32:05.421000Z,161,-54,80.0,1.0,4,13.0,0.006527374960175408,24616,3.241,0.02753507605966622,0.006730522315238047,300,cwpb-13m,1,1.0,389.406,-92.0,10,0.0,6248856.0,650.0,-73.0,-74.0,19.0,8669226.0,28053.0,468.0,28047.0,4.0,3,7.0,-31.0,95,0.13974188077705085,0.23593212788431375,0.00888025218741557,105,2.516,0.3756740086613646
2026-07-21T13:33:08.140000Z,161,-68,80.0,2.0,3,13.0,0.23116383848337427,493768,37.324,0.055664845173041884,0.02213086128087926,130,cwpb-13m,1,1.0,202.796,-92.0,11,2.0,5756169.0,87.8,-79.0,-78.0,13.0,6264677.0,13498.0,234.0,13493.0,,2,7.0,-35.0,46,0.08249698654572726,0.10823499636340567,0.004784949559066818,42,175.482,0.19073198290913293
2026-07-21T13:37:06.117000Z,161,-64,80.0,3.0,3,13.0,0.00182412677879657,7240,30.893,0.033119677054103284,0.01947563042473422,260,cwpb-13m,1,1.0,51.585,-91.0,11,5.0,5265694.0,87.8,-81.0,-83.0,10.0,6532479.0,32230.0,58.5,32225.0,,2,7.0,-41.0,40,0.15656081037384909,0.11351410959026854,0.010757881419263307,105,221.702,0.27007491996411764
2026-07-21T13:37:49.749000Z,161,-52,80.0,1.0,4,13.0,0.030979105655446565,143352,4.88,0.04449564318416777,0.007924092239741155,468,cwpb-13m,1,1.0,299.7,-92.0,11,0.0,3499687.0,526.6,-72.0,-66.0,20.0,6342082.0,27433.0,351.0,27428.0,4.0,3,7.0,-32.0,104,0.16796605941604217,0.16808682148804238,0.016716615106694824,147,3.598,0.3360528809040846
2026-07-21T13:38:43.872000Z,161,-66,80.0,2.0,3,13.0,0.000750967618610355,2896,40.576,0.018878550681829375,0.011305531302963382,260,cwpb-13m,1,1.0,46.921,-91.0,11,3.0,4331109.0,117.0,-79.0,-82.0,13.0,7558257.0,28926.0,54.0,28923.0,,2,7.0,-34.0,46,0.1505776040889457,0.06477157640964784,0.004119572296604039,42,266.575,0.21534918049859353
2026-07-21T13:42:41.706000Z,161,-63,80.0,3.0,3,13.0,0.001032548857043131,5792,27.77,0.03265298084970216,0.01771968568640542,260,cwpb-13m,1,1.0,202.796,-92.0,12,5.0,3054165.0,175.5,-80.0,-79.0,11.0,8019391.0,31547.0,234.0,31547.0,,2,7.0,-41.0,40,0.2142061925097963,0.04541047523284472,0.23290151843830234,2325,347.447,0.259616667742641
2026-07-21T13:43:36.673000Z,161,-56,80.0,1.0,4,13.0,0.0006778913738899574,4344,3.694,0.0057854575887362775,0.0033008063273586357,351,cwpb-13m,1,1.0,297.515,-92.0,9,0.0,4672501.0,351.0,-73.0,-75.0,19.0,5760345.0,24323.0,351.0,24323.0,4.0,3,7.0,-35.0,103,0.19427858591428768,0.23681720632160377,0.002116304541494421,21,6.307,0.43109579223589145
2026-07-21T13:44:20.200000Z,161,-67,80.0,2.0,3,13.0,0.0038961120127444598,14480,11.056,0.0589829173435731,0.01814904216527143,195,cwpb-13m,1,1.0,76.703,-91.0,9,6.0,4647999.0,117.0,-79.0,-81.0,12.0,6600278.0,24881.0,87.8,24878.0,,2,7.0,-35.0,45,0.1461926650130245,0.08493335468458914,0.006629690572651375,63,191.495,0.23112601969761365
2026-07-21T13:48:17.415000Z,161,-61,80.0,3.0,3,13.0,0.000841825936617918,4688,78.134,0.0200344606901984,0.015802475476349442,292,cwpb-13m,1,1.0,76.703,-92.0,11,1.0,4140310.0,175.5,-80.0,-83.0,12.0,7249283.0,27676.0,87.8,27674.0,,2,7.0,-45.0,49,0.2111882868524371,0.09254545721454151,0.1264515719325222,1203,212.028,0.3037337440669786
2026-07-21T13:49:20.607000Z,161,-57,80.0,1.0,4,13.0,0.00012970178109221635,1448,3.169,0.05776005513710432,0.010373889373940733,468,cwpb-13m,1,1.0,202.796,-91.0,12,0.0,4015068.0,468.0,-73.0,-68.0,18.0,8889040.0,34067.0,234.0,34065.0,4.0,3,7.0,-37.0,98,0.4105321580496272,0.1507461194098428,0.011638430149521999,105,2.171,0.56127827745947
2026-07-21T13:49:56.008000Z,161,-67,80.0,2.0,3,13.0,0.0013514984040345014,5792,51.107,0.02345296115787919,0.016948282060500232,195,cwpb-13m,1,1.0,153.406,-91.0,10,3.0,4325328.0,81.0,-80.0,-83.0,10.0,7159380.0,31087.0,175.5,31087.0,,2,7.0,-34.0,46,0.16684970191800397,0.0649027203430776,0.11515731900269721,1204,583.732,0.23175242226108156
2026-07-21T13:53:53.120000Z,161,-61,80.0,3.0,3,13.0,0.0022553418177663717,4344,128.388,0.06520947176684883,0.02367366853268964,260,cwpb-13m,1,1.0,70.953,-92.0,10,3.0,4642324.0,108.0,-76.0,-75.0,16.0,4971140.0,14703.0,81.0,14703.0,,2,7.0,-45.0,49,0.07533395726361188,0.10974369687265459,0.13849102294281185,1219,34.636,0.18507765413626648
2026-07-21T13:55:32.066000Z,161,-67,80.0,2.0,1,13.0,0.0008697604446791966,4344,41.0,0.02849406783833013,0.01536644240152021,195,cwpb-13m,1,1.0,251.312,-91.0,12,4.0,4419295.0,117.0,-80.0,-80.0,11.0,6596613.0,20983.0,292.5,20982.0,,0,7.0,-35.0,39,0.1929263230681129,0.07406727625296955,0.0024591500249488314,21,260.646,0.26699359932108246
2026-07-21T13:59:28.792000Z,161,-61,80.0,3.0,3,13.0,0.07882911253093604,256296,31.702,0.0352030719243834,0.03478146987828052,292,cwpb-13m,1,1.0,227.171,-92.0,10,0.0,5280881.0,234.0,-76.0,-76.0,16.0,5450938.0,15797.0,263.3,15797.0,,2,7.0,-45.0,49,0.13000099959215222,0.1334400749326182,0.1248090273218909,1217,177.694,0.2634410745247704
2026-07-21T14:00:52.107000Z,161,-55,80.0,1.0,4,13.0,0.04012369085503442,104256,3.725,0.05974499089253187,0.020230085768578914,325,cwpb-13m,1,1.0,51.492,-92.0,9,0.0,5359446.0,243.0,-70.0,-67.0,22.0,8711343.0,27723.0,58.6,27717.0,4.0,3,7.0,-35.0,116,0.09664138866714016,0.2148192349435294,0.010735991849933143,84,2.747,0.31146062361066956
2026-07-21T14:01:07.850000Z,161,-68,80.0,2.0,4,13.0,0.011857959811427793,10136,11.302,0.08211490178703294,0.03592008628216322,195,cwpb-13m,1,1.0,76.703,-92.0,9,3.0,6031989.0,108.0,-81.0,-82.0,11.0,4998756.0,14168.0,87.8,14166.0,,3,7.0,-34.0,50,0.03544064606376351,0.09599375550728997,0.008045697364234772,63,266.128,0.1314344015710535
2026-07-21T14:05:04.415000Z,161,-61,80.0,3.0,3,13.0,0.007579197717918301,32488,52.31,0.034637916605129715,0.016337116737712494,292,cwpb-13m,1,1.0,25.343,-92.0,10,1.0,5192269.0,121.5,-76.0,-78.0,16.0,7241231.0,27041.0,29.3,27037.0,,2,7.0,-42.0,42,0.16689973181363152,0.1484286453240966,0.1340837629480836,1244,384.144,0.3153283771377281
2026-07-21T14:06:37.986000Z,161,-55,80.0,1.0,4,13.0,0.00436743470561184,20272,2.865,0.2628858366563285,0.11894098916337117,351,cwpb-13m,1,1.0,330.359,-91.0,11,1.0,748406.0,351.0,-73.0,-74.0,18.0,8155088.0,34750.0,390.0,34743.0,4.0,3,7.0,-33.0,108,0.16608908487030463,0.0010499282584929296,0.158874990955539,1157,3.38,0.16713901312879756
2026-07-21T14:06:43.744000Z,161,-66,80.0,2.0,3,13.0,0.0008147511156269358,2896,48.778,0.04342834637916605,0.015704380874120488,260,cwpb-13m,1,1.0,46.921,-91.0,11,4.0,4591255.0,234.0,-80.0,-81.0,11.0,7196519.0,14700.0,54.0,14688.0,,2,7.0,-35.0,50,0.14176258425505406,0.07976756058720572,0.4151716615689341,4734,162.489,0.22153014484225977
2026-07-21T14:10:40.173000Z,161,-60,80.0,3.0,3,13.0,0.0004558719731275502,2896,13.113,0.028078570373652342,0.014630476092650608,292,cwpb-13m,1,1.0,68.398,-92.0,11,0.0,5473682.0,234.0,-76.0,-76.0,16.0,8060455.0,29156.0,78.0,29156.0,,2,7.0,-41.0,50,0.23777142785484176,0.14492215298452585,0.009223190373615851,105,142.751,0.3826935808393676
2026-07-21T14:12:19.345000Z,161,-66,80.0,2.0,3,13.0,0.0029041611390108494,4344,30.648,0.017281543838920884,0.014286374608391968,195,cwpb-13m,1,1.0,22.617,-91.0,10,1.0,6151107.0,175.5,-79.0,-81.0,12.0,7420107.0,4195.0,26.0,4192.0,,2,7.0,-35.0,51,0.05905594051355139,0.11195295865832625,0.006490697795846969,63,190.809,0.17100889917187764
2026-07-21T14:12:23.108000Z,161,-53,80.0,1.0,4,13.0,0.006318733324090303,11584,1.889,0.0,0.005854861075445535,468,cwpb-13m,1,1.0,51.585,-92.0,10,0.0,1104446.0,351.0,-73.0,-74.0,19.0,3663838.0,12215.0,58.5,12214.0,4.0,3,7.0,-31.0,99,0.06714031008351572,0.007647842533525928,0.2552202179726816,2351,4.345,0.07478815261704165
2026-07-21T14:16:15.751000Z,161,-61,80.0,3.0,3,13.0,0.0016340648222923037,5792,17.429,0.033801014128882985,0.015738791022546352,292,cwpb-13m,1,1.0,251.312,-91.0,10,0.0,5662810.0,117.0,-75.0,-76.0,16.0,8239341.0,17704.0,292.5,17701.0,,2,7.0,-41.0,50,0.13735995627139588,0.1473792790619093,0.008044753735004049,84,175.599,0.2847392353333052
2026-07-21T14:17:55.084000Z,161,-66,80.0,2.0,1,13.0,0.001224092356312578,5792,24.531,0.03364544872741595,0.01639566534846695,195,cwpb-13m,1,1.0,251.312,-92.0,10,2.0,5379389.0,87.8,-81.0,-82.0,11.0,7403453.0,23626.0,292.5,23626.0,,0,7.0,-35.0,38,0.19484566960148322,0.07602145321764862,0.00861928272546153,84,309.492,0.27086712281913183
2026-07-21T14:18:10.875000Z,161,-60,80.0,1.0,4,13.0,0.0026642952385338555,5792,5.158,0.04704376507655196,0.012655230856145037,351,cwpb-13m,1,1.0,434.117,-92.0,11,0.0,5835640.0,351.0,-73.0,-68.0,19.0,3798399.0,11704.0,526.6,11704.0,4.0,3,7.0,-34.0,105,0.06304254095292311,0.23658056050431525,0.0046722845417480705,42,2.439,0.29962310145723836
2026-07-21T14:21:51.456000Z,161,-62,80.0,3.0,3,13.0,0.00025879718417032863,1448,36.627,0.05277999310786196,0.02030044681834523,292,cwpb-13m,1,1.0,101.39,-92.0,11,1.0,5327847.0,117.0,-75.0,-76.0,17.0,8078406.0,33716.0,117.0,33714.0,,2,7.0,-41.0,50,0.21859433901254402,0.1268561220391627,0.10023957798375491,1215,140.926,0.34545046105170674
2026-07-21T14:23:30.703000Z,161,-66,80.0,2.0,3,13.0,0.0009138513169867531,2896,15.243,0.05322699748929257,0.021942889425299164,195,cwpb-13m,1,1.0,51.585,-91.0,10,4.0,5689495.0,108.0,-81.0,-81.0,10.0,8171539.0,16575.0,58.5,16572.0,,2,7.0,-35.0,45,0.12108887405119202,0.0795777131601834,0.006803736938336297,63,279.569,0.20066658721137542
2026-07-21T14:23:56.543000Z,161,-54,80.0,1.0,3,13.0,0.0019559614413222153,11584,3.378,0.005973317579874958,0.003072415386985774,243,cwpb-13m,1,1.0,478.125,-92.0,11,0.0,5714566.0,351.0,-73.0,-67.0,19.0,8901472.0,39541.0,585.0,39541.0,4.0,2,7.0,-31.0,101,0.2144804406819548,0.1945864092523691,0.007107759862791214,84,3.521,0.4090668499343239
2026-07-21T14:27:27.003000Z,161,-61,80.0,3.0,3,13.0,0.007027421602875001,18824,52.803,0.05465268547235761,0.020036464485645323,260,cwpb-13m,1,1.0,51.585,-91.0,10,6.0,5624995.0,263.3,-76.0,-76.0,15.0,8440579.0,26324.0,58.5,26323.0,,2,7.0,-44.0,51,0.1048766856022832,0.12280715706528952,0.11687065928256357,1166,140.412,0.22768384266757274
2026-07-21T14:29:06.603000Z,161,-69,80.0,2.0,3,13.0,0.01094311204974885,21720,78.145,0.049497366218677695,0.01877869652303426,195,cwpb-13m,1,1.0,153.406,-92.0,9,3.0,4776384.0,117.0,-80.0,-78.0,12.0,8765102.0,34694.0,175.5,34685.0,,2,7.0,-36.0,46,0.07825693983764788,0.06623895109964732,0.004543134980078343,42,250.511,0.1444958909372952
2026-07-21T14:29:40.640000Z,161,-54,80.0,1.0,2,13.0,0.002508939019378927,17376,2.269,0.003097523753261459,0.0026783421498639,234,cwpb-13m,1,1.0,153.7,-91.0,11,0.0,5288156.0,351.0,-73.0,-68.0,18.0,8283284.0,26449.0,175.6,26446.0,4.0,1,7.0,-34.0,99,0.25533637522007213,0.17804393881525724,0.00807426794795741,84,4.343,0.4333803140353294
2026-07-21T14:33:02.778000Z,161,-61,80.0,3.0,3,13.0,0.00035309574469200705,1448,21.837,0.03479742037119086,0.021903857018129528,292,cwpb-13m,1,1.0,70.953,-90.0,10,6.0,4925917.0,175.5,-75.0,-75.0,15.0,8666172.0,15340.0,81.0,15339.0,,2,7.0,-44.0,51,0.16543927869655944,0.09887016468415116,0.012252700649482477,105,206.777,0.2643094433807106
2026-07-21T14:34:42.085000Z,161,-69,80.0,2.0,4,13.0,0.010388831701236579,11584,45.953,0.02024516319598287,0.020065225206717684,195,cwpb-13m,1,1.0,11.726,-92.0,11,3.0,5359344.0,87.8,-80.0,-84.0,12.0,8650597.0,24815.0,13.5,24813.0,,3,7.0,-41.0,50,0.04429638104017805,0.07664639764659632,0.13838524759732743,1182,234.031,0.12094277868677437
2026-07-21T14:35:25.277000Z,161,-54,80.0,1.0,4,13.0,0.0012452612452233092,4344,4.624,0.01775020922561906,0.005812233578141852,351,cwpb-13m,1,1.0,51.492,-91.0,10,0.0,6622348.0,351.0,-72.0,-67.0,18.0,9992081.0,26393.0,58.6,26392.0,4.0,3,7.0,-36.0,91,0.12687450510972048,0.2335594862201355,0.0,0,3.632,0.360433991329856
2026-07-21T14:38:38.563000Z,161,-61,80.0,3.0,3,13.0,0.00031937208245057345,1448,33.914,0.02042238960271747,0.011508910687689384,292,cwpb-13m,1,1.0,35.468,-91.0,10,1.0,5812422.0,175.5,-75.0,-76.0,16.0,8332868.0,12887.0,40.5,12886.0,,2,7.0,-46.0,45,0.17282496078122725,0.10610002877686935,0.0024573879933562836,21,160.972,0.2789249895580966
2026-07-21T14:40:17.872000Z,161,-71,80.0,2.0,4,13.0,0.005009103679819828,5792,100.511,0.03839905479249741,0.019875712598223,195,cwpb-13m,1,1.0,101.39,-92.0,10,0.0,4190081.0,175.5,-81.0,-85.0,11.0,7815920.0,26479.0,117.0,26474.0,,3,7.0,-42.0,48,0.04430080757970439,0.04752283097652163,0.0041197372477460685,42,433.368,0.09182363855622602
2026-07-21T14:41:10.113000Z,161,-62,80.0,1.0,4,13.0,0.000400523069669367,4344,1.77,0.004810712351695959,0.003243284885213908,351,cwpb-13m,1,1.0,389.406,-92.0,11,0.0,5698085.0,351.0,-74.0,-74.0,18.0,8880465.0,32662.0,468.0,32662.0,3.0,3,7.0,-35.0,108,0.3972057021950168,0.1850092528775349,0.11700371796620974,1217,2.194,0.5822149550725517
2026-07-21T14:44:14.348000Z,161,-62,80.0,3.0,3,13.0,0.00040722310589808675,1448,30.699,0.036130556786294496,0.016579528529608135,292,cwpb-13m,1,1.0,70.953,-91.0,10,3.0,5002049.0,108.0,-77.0,-77.0,15.0,7830723.0,13820.0,81.0,13818.0,,2,7.0,-46.0,45,0.1358829674942841,0.07738418719368703,0.007348819905754556,63,310.513,0.21326715468797114
2026-07-21T14:45:58.762000Z,161,-71,80.0,2.0,3,13.0,0.010102964089527676,14480,35.616,0.030983114261802787,0.01319552154486159,195,cwpb-13m,1,1.0,5.242,-91.0,11,8.0,5884126.0,6.5,-84.0,-85.0,7.0,8082631.0,27786.0,6.0,27780.0,,2,7.0,-43.0,41,0.056119964338409864,0.03900408028941144,0.004028676843017904,42,366.609,0.09512404462782131
2026-07-21T14:46:54.276000Z,161,-55,80.0,1.0,4,13.0,0.00027766961086038097,2896,3.147,0.011590607000443067,0.0043654665913409685,351,cwpb-13m,1,1.0,227.171,-92.0,10,0.0,5813414.0,585.0,-73.0,-67.0,18.0,8845034.0,31332.0,263.3,31330.0,4.0,3,7.0,-34.0,106,0.38331796659676004,0.18203760709955666,0.007202882731232417,63,2.674,0.5653555736963167
2026-07-21T15:31:27.673000Z,161,-66,80.0,1.0,4,13.0,0.0005328774402939735,5792,3.857,0.014359277310096983,0.005002311129371887,234,cwpb-13m,1,1.0,389.406,-92.0,11,0.0,11637028.0,351.0,-76.0,-71.0,16.0,22472912.0,81376.0,468.0,81365.0,3.0,3,7.0,-31.0,113,0.4003818242004959,0.27976957019491877,0.002536508095896117,21,2.583,0.6801513943954147
2026-07-21T15:32:45.185000Z,161,-78,80.0,3.0,3,13.0,0.00019957959181223054,1448,95.621,0.0214168266627283,0.011357403317754613,130,cwpb-13m,1,1.0,68.398,-91.0,11,0.0,0.0,234.0,-80.0,-80.0,11.0,0.0,0.0,78.0,0.0,,2,7.0,-49.0,39,0.28801281153679786,0.17471583664171295,0.0035355615921732675,42,122.348,0.4627286481785108
2026-07-21T15:33:57.899000Z,161,-76,80.0,2.0,3,13.0,0.005939750423521985,31856,23.594,0.012807561660020674,0.014414257100303017,65,cwpb-13m,1,1.0,51.585,-92.0,10,0.0,0.0,117.0,-82.0,-82.0,10.0,0.0,0.0,58.5,0.0,,2,1.0,-39.0,53,0.20675776335203633,0.14028226718301695,0.004911686801736115,63,48.201,0.3470400305350533
2026-07-21T15:37:11.983000Z,161,-59,80.0,1.0,4,13.0,0.0003495353742223462,4344,1.924,0.00662826761187417,0.0036171742591546404,351,cwpb-13m,1,1.0,478.125,-92.0,10,0.0,5506935.0,104.0,-74.0,-70.0,18.0,9172748.0,35395.0,585.0,35391.0,4.0,3,7.0,-31.0,117,0.45432261168917637,0.2043817890549421,0.009600035259513346,84,1.857,0.6587044007441185
2026-07-21T15:38:20.795000Z,161,-65,80.0,3.0,3,13.0,0.0020732632247776345,10136,57.85,0.026692266036528328,0.022150377484464075,260,cwpb-13m,1,1.0,76.703,-92.0,10,3.0,6121195.0,87.8,-77.0,-77.0,16.0,8503853.0,29201.0,87.8,29201.0,,2,7.0,-49.0,39,0.1875963249505629,0.1430572648709042,0.10491393807468205,1222,160.64,0.3306535898214671
2026-07-21T15:39:33.881000Z,161,-70,80.0,2.0,3,13.0,0.00048746156358464663,2896,62.333,0.034543395854871276,0.02136407991371784,195,cwpb-13m,1,1.0,118.742,-92.0,10,0.0,6365370.0,175.5,-82.0,-82.0,10.0,8200875.0,30527.0,135.0,30526.0,,2,1.0,-42.0,55,0.2288875058284727,0.13085218804691287,0.006969812890789477,63,170.38,0.35973969387538557
2026-07-21T15:42:56.643000Z,161,-58,80.0,1.0,4,13.0,0.00022270546508854755,2896,2.626,0.004225865209471767,0.0030465820964511326,351,cwpb-13m,1,1.0,434.117,-92.0,11,0.0,5112883.0,351.0,-74.0,-70.0,18.0,9549576.0,40670.0,526.6,40669.0,4.0,3,7.0,-33.0,119,0.47730622847881193,0.2070658146175029,0.006828383660057691,84,4.072,0.6843720430963148
2026-07-21T15:43:56.756000Z,161,-63,80.0,3.0,3,13.0,0.0004499145412070339,3160,13.28,0.026325998129276818,0.011750295310975298,260,cwpb-13m,1,1.0,23.46,-91.0,11,4.0,5779254.0,175.5,-79.0,-83.0,12.0,8394017.0,23230.0,27.0,23230.0,,2,7.0,-42.0,55,0.28062786765123887,0.15024103409519488,0.006167135538091966,63,183.495,0.4308689017464338
2026-07-21T15:45:09.583000Z,161,-72,80.0,2.0,2,13.0,0.0013194583565391501,4344,23.565,0.021562546152710086,0.013604848235837913,195,cwpb-13m,1,1.0,153.406,-92.0,10,0.0,5333815.0,175.5,-83.0,-83.0,9.0,8557718.0,15757.0,175.5,15752.0,,1,1.0,-42.0,42,0.12845950501651635,0.09840540789700225,0.0023881433023195727,21,225.749,0.2268649129135186
2026-07-21T15:48:41.739000Z,161,-59,80.0,1.0,4,13.0,0.00047383645416197733,5792,2.112,0.005175011076650421,0.002135997123927893,351,cwpb-13m,1,1.0,478.125,-91.0,10,0.0,5358867.0,351.0,-74.0,-71.0,16.0,9539688.0,40960.0,585.0,40958.0,4.0,3,7.0,-28.0,108,0.4491513576473053,0.20994544101251641,0.00511746690233939,63,2.447,0.6590967986598217
2026-07-21T15:49:32.633000Z,161,-64,80.0,3.0,3,13.0,0.0008900414201820802,2896,15.81,0.058405946930537106,0.019377535822505263,292,cwpb-13m,1,1.0,251.312,-92.0,11,1.0,4575362.0,175.5,-78.0,-78.0,13.0,7557603.0,14982.0,292.5,14982.0,,2,7.0,-42.0,55,0.1299880046901538,0.1229206453536023,0.11815917323120335,1179,32.648,0.2529086500437561
2026-07-21T15:50:45.581000Z,161,-70,80.0,2.0,3,13.0,0.001179251927820353,5792,25.448,0.029734652685472367,0.015433208361152485,130,cwpb-13m,1,1.0,46.921,-92.0,11,2.0,5931714.0,175.5,-82.0,-82.0,10.0,7370545.0,28155.0,54.0,28155.0,,2,1.0,-43.0,45,0.1915490530412246,0.11529806003378927,0.008274982806935546,63,240.027,0.3068471130750139
2026-07-21T15:54:26.591000Z,161,-60,80.0,1.0,4,13.0,0.00023250079760531742,2896,4.312,0.04615763304287895,0.021262390221354836,216,cwpb-13m,1,1.0,478.125,-91.0,11,0.0,4677633.0,351.0,-74.0,-74.0,18.0,9214060.0,36407.0,585.0,36406.0,4.0,3,36.0,-40.0,116,0.45562682546931127,0.17192466369818515,0.11138570839697867,1242,2.635,0.6275514891674965
2026-07-21T15:55:08.766000Z,161,-61,80.0,3.0,3,13.0,0.00031904824604736385,1448,18.156,0.08793580465711613,0.03545991474500539,260,cwpb-13m,1,1.0,101.39,-92.0,10,1.0,5083468.0,117.0,-77.0,-78.0,15.0,6143589.0,19670.0,117.0,19668.0,,2,7.0,-40.0,54,0.1787156420305258,0.11439544573161867,0.0021582106830666014,21,129.59,0.29311108776214445
2026-07-21T15:56:21.796000Z,161,-72,80.0,2.0,2,13.0,0.0006784350381046528,2896,13.771,0.01711219416137449,0.014832314724462023,195,cwpb-13m,1,1.0,227.171,-92.0,10,2.0,5980974.0,87.8,-81.0,-81.0,11.0,8322036.0,22461.0,263.3,22461.0,,1,4.0,-45.0,38,0.17867992390480775,0.10256437013024321,0.006163933494718083,63,369.886,0.28124429403505097
2026-07-21T16:00:10.597000Z,161,-58,80.0,1.0,4,13.0,0.0006638404260877628,5792,4.175,0.09632452124255406,0.04478711930563402,351,cwpb-13m,1,1.0,434.117,-92.0,10,0.0,5627551.0,526.6,-74.0,-71.0,18.0,8610456.0,34896.0,526.6,34896.0,4.0,3,7.0,-31.0,112,0.3220700298694608,0.24064569136657232,0.0036237233787847077,42,2.87,0.5627157212360332
2026-07-21T16:00:44.407000Z,161,-60,80.0,3.0,3,13.0,0.0004119696002195305,2896,21.496,0.03614827942696794,0.018444353140568023,260,cwpb-13m,1,1.0,101.39,-92.0,9,2.0,4918525.0,175.5,-78.0,-78.0,14.0,7586245.0,23566.0,117.0,23565.0,,2,7.0,-40.0,54,0.27173877469124774,0.10922119223004263,0.1023183663875685,1219,205.896,0.38095996692129036
2026-07-21T16:01:57.223000Z,161,-70,80.0,2.0,3,13.0,0.0015629449519757388,5792,72.321,0.08800275685521586,0.029233218632838582,195,cwpb-13m,1,1.0,202.796,-92.0,11,4.0,6146398.0,175.5,-83.0,-84.0,9.0,7011932.0,29942.0,234.0,29939.0,,2,4.0,-46.0,41,0.14468705425820091,0.14582714612582948,0.005056436892757727,42,47.373,0.2905142003840304
2026-07-21T16:05:55.653000Z,161,-57,80.0,1.0,4,13.0,0.000533643845824114,5792,2.382,0.0038714123960025605,0.002683477992912537,351,cwpb-13m,1,1.0,434.117,-91.0,10,0.0,5421467.0,650.0,-74.0,-75.0,17.0,8217123.0,31350.0,526.6,31350.0,4.0,3,7.0,-35.0,99,0.39778709373742316,0.257595580965412,0.11868498511270398,1238,3.723,0.6553826747028352
2026-07-21T16:06:19.814000Z,161,-60,80.0,3.0,3,13.0,0.0011227861119872868,5792,40.569,0.033523359424998775,0.016474243747111088,260,cwpb-13m,1,1.0,227.171,-92.0,10,1.0,5848066.0,175.5,-79.0,-79.0,14.0,6336465.0,20712.0,263.3,20711.0,,2,7.0,-35.0,49,0.21270764403843354,0.16624023032104102,0.004206823178731849,42,134.04,0.3789478743594745
2026-07-21T16:07:32.903000Z,161,-70,80.0,2.0,3,13.0,0.00043950038424725327,2896,41.6,0.03117018658002265,0.014397308818242516,195,cwpb-13m,1,1.0,51.585,-92.0,10,5.0,6623864.0,175.5,-84.0,-84.0,8.0,8808673.0,33044.0,58.5,33042.0,,2,4.0,-47.0,50,0.2518602246850973,0.10199626423659928,0.0034069563368212775,42,190.748,0.3538564889216966
2026-07-21T16:11:41.519000Z,161,-57,80.0,1.0,4,13.0,0.0004505197231719658,4344,1.704,0.10952591936198493,0.033131323506753636,351,cwpb-13m,1,1.0,434.117,-92.0,10,0.0,2541951.0,351.0,-76.0,-77.0,16.0,8087311.0,35709.0,526.6,35708.0,4.0,3,7.0,-29.0,102,0.3538515411615807,0.08311013788683802,0.2165278814792239,1237,2.013,0.4369616790484187
2026-07-21T16:11:55.978000Z,161,-62,80.0,3.0,3,13.0,0.0008189668134617952,2896,48.846,0.07328508836705558,0.026897437214318733,260,cwpb-13m,1,1.0,153.406,-89.0,10,0.0,4921918.0,175.5,-78.0,-80.0,11.0,4993521.0,17893.0,175.5,17893.0,,2,7.0,-35.0,49,0.1388508231917552,0.12311949568894795,0.008820830991605485,84,153.193,0.26197031888070316
2026-07-21T16:13:08.695000Z,161,-69,80.0,2.0,4,13.0,0.0007373165349381581,4344,36.78,0.028056909368384775,0.01564429151045144,195,cwpb-13m,1,1.0,46.921,-91.0,11,4.0,5694517.0,234.0,-83.0,-83.0,8.0,8510587.0,35710.0,54.0,35710.0,,3,4.0,-46.0,47,0.22443499727023544,0.12438461030042815,0.14266024967816,1185,155.429,0.3488196075706636
2026-07-21T16:17:25.972000Z,161,-57,80.0,1.0,4,13.0,0.00045131296482710855,4344,2.203,0.04977699010485895,0.016274973036823997,351,cwpb-13m,1,1.0,251.312,-92.0,10,0.0,926735.0,234.0,-78.0,-77.0,14.0,7855818.0,35005.0,292.5,35005.0,4.0,3,7.0,-32.0,102,0.3404422938933434,0.0021720521044276413,0.11521127402323163,1223,5.786,0.3426143459977711
2026-07-21T16:18:25.506000Z,161,-62,80.0,1.0,4,13.0,0.00038508010700269636,4344,3.159,0.06823216659282233,0.018274870319963023,176,cwpb-13m,1,1.0,389.406,-91.0,10,0.0,5961327.0,216.0,-76.0,-75.0,15.0,7640086.0,32201.0,468.0,32199.0,3.0,3,7.0,-30.0,88,0.4170867271781551,0.2403947196078733,0.004039908037295201,42,2.528,0.6574814467860284
2026-07-21T16:19:38.171000Z,161,-75,80.0,3.0,3,13.0,0.0009510819019297416,5792,37.038,0.01654703884212081,0.010975810179240921,130,cwpb-13m,1,1.0,202.796,-92.0,12,2.0,7711487.0,108.0,-83.0,-86.0,9.0,14139694.0,49023.0,234.0,49023.0,,2,7.0,-38.0,45,0.23481774552124127,0.12390427841880086,0.008840119075319985,105,168.063,0.35872202394004216
2026-07-21T16:21:05.553000Z,161,-74,80.0,2.0,4,13.0,0.001270450364561784,5792,19.308,0.07760744350908286,0.03062965435776283,65,cwpb-13m,1,1.0,251.312,-92.0,10,5.0,6167324.0,175.5,-84.0,-84.0,8.0,7577607.0,27902.0,292.5,27901.0,,3,4.0,-46.0,53,0.17867992390480775,0.12446974762791836,0.1350402551475063,1219,166.505,0.3031496715327261
2026-07-21T16:24:09.793000Z,161,-68,80.0,1.0,4,13.0,0.012035564649567065,73848,3.46,0.03531531531531531,0.021062092342458014,81,cwpb-13m,1,1.0,202.78,-87.0,10,0.0,5489990.0,526.6,-74.0,-75.0,13.0,6718678.0,31235.0,234.0,31228.0,3.0,3,7.0,-37.0,88,0.2255490212791643,0.16610266940253096,0.01731285572008579,189,2.398,0.39165169068169525
2026-07-21T16:25:14Z,161,-63,80.0,3.0,3,13.0,0.0003821310983139627,2896,74.081,0.02515236548023433,0.015821991679934266,292,cwpb-13m,1,1.0,227.171,-92.0,10,2.0,5184164.0,175.5,-78.0,-79.0,14.0,7937950.0,23710.0,263.3,23709.0,,2,7.0,-38.0,45,0.28505883398257426,0.11101785328933264,0.001925666814408275,21,36.129,0.3960766872719069
2026-07-21T16:26:41.435000Z,161,-69,80.0,2.0,4,13.0,0.0030028787991244945,10136,13.347,0.03402550091074682,0.017380206460890554,195,cwpb-13m,1,1.0,202.796,-92.0,10,5.0,4292415.0,175.5,-84.0,-84.0,8.0,7240405.0,24464.0,234.0,24464.0,,3,4.0,-47.0,43,0.13288914312053413,0.060155400820796116,0.003847589016634915,42,365.242,0.19304454394133025
2026-07-21T16:29:53.645000Z,161,-57,80.0,1.0,4,13.0,0.001544841801374309,10136,2.09,0.009089745483188106,0.003502644959170048,351,cwpb-13m,1,1.0,478.125,-92.0,11,0.0,4680809.0,351.0,-74.0,-71.0,18.0,8986078.0,32844.0,585.0,32844.0,4.0,3,7.0,-31.0,103,0.24239125536390033,0.2072948562681551,0.005225324333116126,63,3.295,0.4496861116320554
2026-07-21T16:30:49.486000Z,161,-60,80.0,3.0,3,13.0,0.00024248836334377427,1448,31.024,0.019654408506867522,0.012068717579990755,292,cwpb-13m,1,1.0,153.406,-91.0,10,0.0,6220532.0,175.5,-78.0,-78.0,14.0,8871570.0,25683.0,175.5,25683.0,,2,7.0,-38.0,40,0.24372750879403843,0.16490311892939827,0.0035423173260516866,42,161.823,0.4086306277234367
2026-07-21T16:32:17.014000Z,161,-70,80.0,2.0,4,13.0,0.0007331423597744663,4344,35.791,0.021172648057893956,0.016724359303579687,260,cwpb-13m,1,1.0,76.703,-92.0,10,3.0,5990175.0,175.5,-83.0,-84.0,9.0,7502163.0,28147.0,87.8,28146.0,,3,4.0,-46.0,48,0.23624736554761633,0.09876387217338511,0.12813025332492178,1189,210.378,0.33501123772100144
2026-07-21T16:35:39.016000Z,161,-58,80.0,1.0,4,13.0,0.00047388533038356947,4344,2.093,0.05805937084625609,0.01374402958245596,351,cwpb-13m,1,1.0,202.78,-91.0,10,0.0,5136046.0,351.0,-75.0,-72.0,16.0,9754994.0,42092.0,234.0,42090.0,4.0,3,7.0,-34.0,106,0.3305998974026739,0.22252196446740805,0.1368778282180079,1264,3.014,0.5531218618700819
2026-07-21T16:36:25.253000Z,161,-61,80.0,3.0,3,13.0,0.0020806936285814336,7240,41.518,0.0244040762073549,0.014659750398027837,292,cwpb-13m,1,1.0,202.796,-90.0,10,3.0,2979842.0,121.5,-74.0,-76.0,16.0,4299406.0,13265.0,234.0,13265.0,,2,7.0,-38.0,40,0.1388369450485077,0.06471757585262419,0.12176400531397183,1214,374.497,0.20355452090113188
2026-07-21T16:37:52.897000Z,161,-69,80.0,2.0,2,13.0,0.004692422505775661,7240,31.547,0.1933481022005612,0.044272507832160655,195,cwpb-13m,1,1.0,11.726,-91.0,11,3.0,6152180.0,175.5,-83.0,-85.0,8.0,7138780.0,18567.0,13.5,18567.0,,1,4.0,-44.0,46,0.06792111759493967,0.09918136975612474,0.005361003433401119,42,185.952,0.16710248735106442
2026-07-21T16:41:24.065000Z,161,-62,80.0,1.0,4,13.0,0.021076303468257684,111496,4.039,0.004877664549795697,0.003010117610805814,468,cwpb-13m,1,1.0,478.125,-91.0,11,0.0,3790149.0,526.6,-75.0,-71.0,16.0,5666502.0,20240.0,585.0,20240.0,3.0,3,7.0,-34.0,93,0.1918804170824111,0.1842780146511614,0.19675993160411942,2375,5.266,0.3761584317335725
2026-07-21T16:42:04.333000Z,161,-63,80.0,3.0,3,13.0,0.00036441755032031337,2896,42.632,0.020530694629055282,0.01207642134456371,292,cwpb-13m,1,1.0,101.39,-91.0,11,2.0,6190632.0,81.0,-75.0,-76.0,16.0,8118217.0,24340.0,117.0,24340.0,,2,7.0,-37.0,46,0.3027524391940532,0.19651811125864696,0.008205141982840962,84,88.942,0.4992705504527002
2026-07-21T16:43:28.507000Z,161,-72,80.0,2.0,4,13.0,0.0014679360303030775,4344,27.656,0.019299955693398322,0.012043038364747575,130,cwpb-13m,1,1.0,11.726,-92.0,11,2.0,4924376.0,87.8,-82.0,-85.0,10.0,8836458.0,19320.0,13.5,19318.0,,3,4.0,-44.0,33,0.11517059070446292,0.08227173054547408,0.007369699727371553,63,315.517,0.197442321249937
2026-07-21T16:47:08.038000Z,161,-58,80.0,1.0,4,13.0,0.0016690534966933247,14480,2.195,0.002457539506719835,0.0018324687997534797,351,cwpb-13m,1,1.0,478.125,-92.0,11,0.0,4832200.0,117.0,-74.0,-73.0,17.0,8925063.0,34239.0,585.0,34238.0,4.0,3,7.0,-30.0,106,0.31349594220368493,0.20083841690193827,0.007721599121472018,84,2.495,0.5143343591056232
2026-07-21T16:49:04.318000Z,161,-74,80.0,2.0,3,13.0,0.0016691847353604032,4344,34.889,0.02795648107123517,0.015445020800164348,195,cwpb-13m,1,1.0,25.343,-91.0,11,4.0,5000277.0,87.8,-83.0,-83.0,8.0,8412263.0,15015.0,29.3,15015.0,,2,4.0,-44.0,46,0.10189185743332012,0.08417817270193788,0.11344352853356343,1157,274.307,0.186070030135258
2026-07-21T16:52:52.238000Z,161,-58,80.0,1.0,4,13.0,0.0007567216357601892,7240,1.732,0.0037611381873676954,0.0032324996148117716,351,cwpb-13m,1,1.0,478.125,-92.0,12,0.0,4817324.0,351.0,-75.0,-71.0,17.0,9447266.0,42601.0,585.0,42596.0,4.0,3,7.0,-32.0,107,0.3522856228166789,0.16330358774141582,0.24023300358270142,2390,2.762,0.5155892105580947
2026-07-21T16:53:15.262000Z,161,-62,80.0,3.0,3,13.0,0.0009259513326542195,5792,12.753,0.04162693841382366,0.014909352370191569,260,cwpb-13m,1,1.0,251.312,-91.0,11,2.0,5257043.0,175.5,-77.0,-78.0,14.0,7305631.0,23969.0,292.5,23969.0,,2,7.0,-37.0,46,0.23927218189210897,0.10730187819670771,0.00384751707622363,42,237.059,0.3465740600888167
2026-07-21T16:54:40.087000Z,161,-69,80.0,2.0,2,13.0,0.0020216243387708487,8688,26.576,0.022369910894501056,0.016789070925992505,195,cwpb-13m,1,1.0,70.953,-91.0,11,3.0,5871132.0,121.5,-81.0,-81.0,10.0,8758354.0,36036.0,81.0,36031.0,,1,4.0,-44.0,35,0.16686637521688658,0.0788350191086835,0.0023294251147599927,21,336.371,0.2457013943255701
2026-07-21T16:58:38.195000Z,161,-56,80.0,1.0,4,13.0,0.0017204807247328,5792,1.905,0.01687589228572835,0.00895691027682194,351,cwpb-13m,1,1.0,202.796,-90.0,11,0.0,3973009.0,526.6,-75.0,-70.0,15.0,8760690.0,43187.0,234.0,43185.0,4.0,3,7.0,-28.0,94,0.12269231934581054,0.16445265256760622,0.011816403329849755,84,2.52,0.28714497191341676
2026-07-21T17:00:15.759000Z,161,-70,80.0,2.0,1,13.0,0.0033885315689705367,7240,26.739,0.05575542755870626,0.015870268604591443,260,cwpb-13m,1,1.0,93.851,-91.0,10,2.0,5930214.0,87.8,-82.0,-82.0,10.0,8618933.0,25592.0,108.0,25592.0,,0,4.0,-41.0,35,0.0856396700110109,0.09909998826887689,0.13694897380147866,1235,177.473,0.1847396582798878
2026-07-21T17:04:22.406000Z,161,-63,80.0,1.0,4,13.0,0.011657789038958156,18824,2.362,0.042150347068379855,0.007762826768013969,234,cwpb-13m,1,1.0,11.726,-92.0,10,0.0,5095236.0,162.0,-74.0,-77.0,18.0,8872447.0,35270.0,13.5,35261.0,3.0,3,7.0,-36.0,101,0.059736147030217394,0.1330773420546827,0.011682037592687317,105,2.031,0.1928134890849001
2026-07-21T17:05:34.839000Z,161,-61,80.0,3.0,3,13.0,0.0005084445338789593,2896,62.212,0.018667848176044895,0.011042062554568332,260,cwpb-13m,1,1.0,153.406,-92.0,11,1.0,5237842.0,150.0,-80.0,-82.0,12.0,8349930.0,13944.0,175.5,13944.0,,2,7.0,-37.0,40,0.22154831656676757,0.1345085448472488,0.012921346855387759,126,238.675,0.3560568614140164
2026-07-21T17:10:06.302000Z,161,-63,80.0,1.0,4,13.0,0.0009068525559680144,5792,2.589,0.005110028060847734,0.0024836936983205797,234,cwpb-13m,1,1.0,202.78,-92.0,12,0.0,6814922.0,243.0,-74.0,-72.0,18.0,10226935.0,51086.0,234.0,51085.0,3.0,3,7.0,-38.0,97,0.23381925847332077,0.26305318193578875,0.001778291297553219,21,2.801,0.4968724404091095
2026-07-21T17:11:31.210000Z,161,-59,80.0,3.0,3,13.0,0.0023032897526989887,10136,9.268,0.04683897011765863,0.019066303733757898,292,cwpb-13m,1,1.0,202.796,-92.0,11,1.0,6297274.0,234.0,-79.0,-79.0,13.0,8162806.0,30986.0,234.0,30986.0,,2,7.0,-37.0,40,0.17282496078122725,0.1817995350327259,0.009808545987527497,63,106.893,0.35462449581395317
2026-07-21T17:13:02.552000Z,161,-69,80.0,2.0,4,13.0,0.001677815352080475,5792,42.173,0.02075518141091912,0.013882183760464281,130,cwpb-13m,1,1.0,251.312,-92.0,10,0.0,0.0,81.0,-82.0,-82.0,10.0,0.0,0.0,292.5,0.0,,3,4.0,-43.0,47,0.14468705425820091,0.1149751348418579,0.004217514619246756,42,156.045,0.2596621891000588
2026-07-21T17:15:50.144000Z,161,-60,80.0,1.0,4,13.0,0.003133319318021726,20272,2.481,0.004174666469748438,0.002062554568332392,351,cwpb-13m,1,1.0,202.78,-92.0,10,0.0,4905246.0,351.0,-73.0,-71.0,19.0,9119862.0,44083.0,234.0,44075.0,4.0,3,11.0,-40.0,99,0.23859795028476477,0.2096954192582972,0.1930411811708451,2327,2.818,0.448293369543062
2026-07-21T17:17:06.814000Z,161,-61,80.0,3.0,3,13.0,0.001105743550470425,5792,35.281,0.039954708807167824,0.02512968003697807,292,cwpb-13m,1,1.0,76.703,-91.0,11,2.0,6444624.0,121.5,-77.0,-79.0,14.0,7995756.0,24138.0,87.8,24138.0,,2,7.0,-37.0,52,0.20234746246431437,0.16624008276298818,0.11710388924958592,1170,106.451,0.3685875452273025
