_time,AP_channel,RSSI,channel_width,client_ID,client_opportunity_medium_use,distance_m,download_packet_loss,download_retrans,download_tcp_rtt_ms,jitter_ms,latency_ms,link_speed_mbps,local,obstacles,radio,router_expected_throughput_mbps,router_noise,router_opportunity_medium_use,router_rx_drop_misc,router_rx_duration_us,router_rx_rate_mbps,router_signal_avg_dbm,router_signal_dbm,router_snr,router_tx_duration_us,router_tx_failed,router_tx_rate_mbps,router_tx_retries,signal_level,site_survey_same_channel_aps,site_survey_strongest_channel,site_survey_strongest_rssi,site_survey_total_aps,speedtest_down_mbps,speedtest_up_mbps,upload_packet_loss,upload_retrans,upload_tcp_rtt_ms
2026-07-10 16:55:43.280000+00:00,48,-52,80.0,3.0,4,2.0,0.0008773746739353,2896,18.34,10.246666666666666,17.039,433,cwpb-2m,0,1.0,0.0,0.0,13,0.0,0.0,0.0,0.0,0.0,0.0,0.0,0.0,0.0,0.0,0.0,3,3.0,-44.0,44,274.06082685582976,159.60662671164914,0.0,0,32.675
2026-07-10 16:56:49.600000+00:00,48,-49,80.0,2.0,5,2.0,0.292147159671425,260640,10.319,3.657777777777776,19.077000000000005,433,cwpb-2m,0,1.0,330.359,-92.0,13,2.0,6734152.0,234.0,-67.0,-68.0,25.0,3042408.0,1239.0,390.0,1236.0,0.0,4,3.0,-26.0,43,83.84415792103948,114.17966587112171,0.0950699443161754,42,19.83
2026-07-10 16:58:12.081000+00:00,48,-29,80.0,1.0,6,2.0,0.000233700407327,1448,2.341,2.0266666666666664,4.093999999999999,867,cwpb-2m,0,1.0,619.0,-90.0,13,0.0,6653088.0,650.0,-59.0,-60.0,31.0,8241293.0,6891.0,780.0,6891.0,0.0,5,3.0,-28.0,89,493.9206342479161,282.58612164051425,0.0,0,2.222
2026-07-10 17:01:19.018000+00:00,48,-56,80.0,3.0,3,2.0,0.0004635127738102,1448,35.849,5.475555555555555,19.342,390,cwpb-2m,0,1.0,619.0,-90.0,13,0.0,6653088.0,650.0,-59.0,-60.0,31.0,8241293.0,6891.0,780.0,6891.0,0.0,2,3.0,-41.0,29,268.16728871128873,133.13929967265153,0.0783757557662163,42,33.973
2026-07-10 17:02:25.223000+00:00,48,-50,80.0,2.0,4,2.0,0.9679145434435934,2099192,13.119,7.966666666666667,21.85,433,cwpb-2m,0,1.0,330.359,-92.0,13,2.0,6615036.0,263.3,-65.0,-66.0,27.0,5361745.0,2686.0,390.0,2685.0,0.0,3,3.0,-32.0,40,177.58986379069302,119.34161769982062,5.590004412550222,2407,19.577
2026-07-10 17:04:00.922000+00:00,48,-35,80.0,1.0,8,2.0,0.0,0,1.629,5.501111111111111,6.647,780,cwpb-2m,0,1.0,619.0,-91.0,13,0.0,6265678.0,780.0,-61.0,-61.0,30.0,8368457.0,6833.0,780.0,6833.0,0.0,7,1.0,-33.0,95,482.6479515221397,279.9133830058963,0.0393878010353364,21,2.63
2026-07-10 17:06:54.775000+00:00,48,-49,80.0,3.0,3,2.0,0.0008493009537579,2896,27.992,6.782222222222223,16.206,433,cwpb-2m,0,1.0,619.0,-91.0,13,0.0,6265678.0,780.0,-61.0,-61.0,30.0,8368457.0,6833.0,780.0,6833.0,0.0,2,3.0,-41.0,29,285.73722185595847,141.82328818272094,0.0,0,51.583
2026-07-10 17:09:51.748000+00:00,48,-35,80.0,1.0,10,2.0,0.0,0,2.954,2.5033333333333334,5.96,780,cwpb-2m,0,1.0,619.0,-92.0,13,0.0,6579875.0,866.7,-59.0,-51.0,33.0,8704595.0,10211.0,780.0,10211.0,0.0,9,1.0,-37.0,91,488.8936320085446,310.55256775942223,0.0453622499675983,21,2.733
2026-07-10 17:12:31.486000+00:00,48,-51,80.0,3.0,4,2.0,0.0,0,22.275,6.815555555555556,19.386,433,cwpb-2m,0,1.0,619.0,-92.0,13,0.0,6579875.0,866.7,-59.0,-51.0,33.0,8704595.0,10211.0,780.0,10211.0,0.0,3,3.0,-40.0,42,271.49225771651186,138.955344268814,0.0,0,36.908
2026-07-10 17:15:41.380000+00:00,48,-33,80.0,1.0,9,2.0,0.0,0,1.691,2.071111111111111,5.593,780,cwpb-2m,0,1.0,619.0,-90.0,13,0.0,6519716.0,780.0,-59.0,-51.0,31.0,9084911.0,10943.0,780.0,10943.0,0.0,8,3.0,-27.0,99,502.770114584744,313.0685101694259,0.0,0,2.409
2026-07-10 17:17:47.184000+00:00,48,-53,80.0,2.0,3,2.0,1.009113528531959,2259672,5.305,13.587777777777776,21.423,433,cwpb-2m,0,1.0,330.359,-92.0,13,1.0,5989410.0,433.3,-66.0,-66.0,26.0,5822177.0,2461.0,390.0,2456.0,0.0,2,3.0,-41.0,44,184.32818218138237,115.68624987575788,0.0,0,12.256
2026-07-10 17:19:04.426000+00:00,48,-34,80.0,1.0,10,2.0,0.0004577505798913,2560,1.65,2.2488888888888887,4.479,650,cwpb-2m,0,1.0,619.0,-91.0,13,0.0,5547113.0,702.0,-61.0,-54.0,30.0,7814019.0,13634.0,780.0,13634.0,0.0,9,3.0,-30.0,87,442.7413821436813,235.3362291280575,0.0330422468727873,21,3.211
2026-07-10 17:20:19.204000+00:00,48,-50,80.0,2.0,5,2.0,1.3902337493997985,3081344,9.466,13.377777777777776,22.647,433,cwpb-2m,0,1.0,330.359,-92.0,11,2.0,5705968.0,325.0,-60.0,-60.0,32.0,5956396.0,2409.0,390.0,2401.0,0.0,4,3.0,-31.0,45,185.2215374163253,127.87766597035711,0.0369985376768442,21,9.369
2026-07-10 17:24:54.106000+00:00,48,-38,80.0,1.0,9,2.0,0.0,0,2.675,2.7133333333333334,5.045,867,cwpb-2m,0,1.0,619.0,-92.0,13,0.0,6550702.0,866.7,-58.0,-50.0,34.0,8803778.0,10481.0,780.0,10481.0,0.0,8,3.0,-31.0,97,482.1946671472588,329.5139913083948,0.0,0,2.618
2026-07-10 17:25:55.079000+00:00,48,-52,80.0,2.0,3,2.0,1.047392430612814,2260328,10.279,5.5088888888888885,13.544999999999998,433,cwpb-2m,0,1.0,330.359,-92.0,13,3.0,6165881.0,390.0,-69.0,-70.0,23.0,5907248.0,4634.0,390.0,4625.0,0.0,2,3.0,-32.0,45,174.03056692599242,123.5156848194694,0.0370572976406853,21,10.317
2026-07-10 17:27:02.002000+00:00,48,-55,80.0,3.0,4,2.0,0.0010217385892544,2896,29.705,11.377777777777778,22.494000000000003,433,cwpb-2m,0,1.0,330.359,-92.0,13,3.0,6165881.0,390.0,-69.0,-70.0,23.0,5907248.0,4634.0,390.0,4625.0,0.0,3,3.0,-36.0,44,248.1043133493205,90.52229333864383,0.0902759865875677,42,95.083
2026-07-10 17:30:44.036000+00:00,48,-36,80.0,1.0,9,2.0,0.0,0,2.105,10.264444444444443,9.935,780,cwpb-2m,0,1.0,619.0,-91.0,12,0.0,5747570.0,650.0,-58.0,-52.0,32.0,8622673.0,10358.0,780.0,10358.0,0.0,8,3.0,-28.0,85,482.8825282380402,196.03599168524235,0.0490390677906732,21,4.345
2026-07-10 17:31:30.804000+00:00,48,-54,80.0,2.0,0,2.0,0.000431096202857,1448,30.947,12.574444444444444,22.289,433,cwpb-2m,0,1.0,330.359,-90.0,13,4.0,5886424.0,325.0,-67.0,-68.0,24.0,8251650.0,2451.0,390.0,2438.0,0.0,0,3.0,-28.0,0,279.8716483867745,123.7786454689984,0.0,0,9.165
2026-07-10 17:32:37.332000+00:00,48,-57,80.0,3.0,4,2.0,0.1488625917767783,212856,10.368,4.357777777777778,5.595000000000001,390,cwpb-2m,0,1.0,330.359,-90.0,13,4.0,5886424.0,325.0,-67.0,-68.0,24.0,8251650.0,2451.0,390.0,2438.0,0.0,3,3.0,-36.0,44,128.24310791366906,78.68749428486234,0.0926743159752868,42,99.282
2026-07-10 17:36:32.746000+00:00,48,-37,80.0,1.0,11,2.0,0.0005751296270387,2896,1.844,10.203333333333331,7.953,702,cwpb-2m,0,1.0,619.0,-92.0,13,1.0,5903423.0,650.0,-60.0,-53.0,32.0,8798421.0,17542.0,780.0,17542.0,0.0,10,3.0,-31.0,82,402.7389615863064,141.00730217683213,0.1544799176107106,84,1.446
2026-07-10 17:37:07.128000+00:00,48,-54,80.0,2.0,0,2.0,0.0009451984142494,2896,36.983,6.058888888888889,18.836,433,cwpb-2m,0,1.0,330.359,-92.0,13,3.0,5606135.0,390.0,-66.0,-68.0,26.0,7851228.0,8752.0,390.0,8751.0,0.0,0,3.0,-31.0,0,249.65596564466196,109.9171116615476,0.0,0,7.282
2026-07-10 17:38:13.064000+00:00,48,-57,80.0,3.0,6,2.0,0.0010408059172979,2896,38.298,4.47111111111111,15.322,390,cwpb-2m,0,1.0,330.359,-92.0,13,3.0,5606135.0,390.0,-66.0,-68.0,26.0,7851228.0,8752.0,390.0,8751.0,0.0,5,3.0,-43.0,39,232.10912156627708,67.06797652442057,0.0738630368259997,42,118.659
2026-07-10 17:42:21.789000+00:00,48,-35,80.0,1.0,12,2.0,0.00025563676823,1448,1.612,3.183333333333333,4.541,527,cwpb-2m,0,1.0,619.0,-91.0,13,0.0,5360795.0,468.0,-59.0,-52.0,32.0,8655402.0,13737.0,780.0,13737.0,0.0,11,1.0,-35.0,85,452.66879665632416,141.62286563652555,0.1645338208409506,63,2.798
2026-07-10 17:42:42.627000+00:00,48,-54,80.0,2.0,0,2.0,0.0873720825646181,101360,9.878,0.0,0.0,433,cwpb-2m,0,1.0,330.359,-92.0,12,4.0,5264305.0,263.3,-68.0,-68.0,25.0,3905206.0,3711.0,390.0,3709.0,0.0,0,1.0,-35.0,0,103.87331655682046,98.34302500992456,0.0,0,12.533
2026-07-10 17:43:49.036000+00:00,48,-54,80.0,3.0,6,2.0,0.0010865857566496,2896,21.203,17.755555555555553,25.344,433,cwpb-2m,0,1.0,330.359,-92.0,13,4.0,5264305.0,263.3,-68.0,-68.0,25.0,3905206.0,3711.0,390.0,3709.0,0.0,5,3.0,-43.0,39,225.36058643763107,80.42848433330039,0.0820665129547852,42,84.929
2026-07-10 17:48:11.818000+00:00,48,-33,80.0,1.0,8,2.0,0.0005464393139734,2896,2.55,32.35333333333333,18.853,867,cwpb-2m,0,1.0,619.0,-92.0,13,0.0,1588422.0,866.7,-62.0,-63.0,30.0,8291271.0,12226.0,780.0,12226.0,0.0,7,3.0,-29.0,82,423.78551277330587,9.871438951347754,3.42932083263575,1229,8.004
2026-07-10 17:49:24.745000+00:00,48,-56,80.0,3.0,4,2.0,0.0010474616142211,2896,56.413,10.43777777777778,22.984,390,cwpb-2m,0,1.0,619.0,-92.0,13,0.0,1588422.0,866.7,-62.0,-63.0,30.0,8291271.0,12226.0,780.0,12226.0,0.0,3,1.0,-46.0,40,232.9936081526626,81.82078189218703,0.1290613348629491,63,98.541
2026-07-10 17:53:54.143000+00:00,48,-54,80.0,2.0,0,2.0,0.0009505351736219,2896,84.198,10.844444444444443,22.401,433,cwpb-2m,0,1.0,330.359,-88.0,13,1.0,4211197.0,263.3,-68.0,-69.0,20.0,7111117.0,5254.0,390.0,5254.0,0.0,0,1.0,-46.0,0,250.51875669196963,67.74069425424233,0.0,0,20.37
2026-07-10 17:54:00.241000+00:00,48,-44,80.0,1.0,9,2.0,0.0010773821668407,2896,6.428,3.864444444444444,4.583,780,cwpb-2m,0,1.0,619.0,-92.0,11,0.0,2590098.0,866.7,-62.0,-55.0,30.0,5116735.0,4743.0,780.0,4743.0,0.0,8,3.0,-29.0,86,212.38061606740987,34.51308209878744,18.05522126328096,10502,6.66
2026-07-10 17:55:00.262000+00:00,48,-55,80.0,3.0,4,2.0,0.0005204652545303,1448,21.559,9.406666666666666,21.871,433,cwpb-2m,0,1.0,619.0,-92.0,13,0.0,2590098.0,866.7,-62.0,-55.0,30.0,5116735.0,4743.0,780.0,4743.0,0.0,3,1.0,-46.0,40,238.0222471775402,81.58376728431959,0.1463856681460139,63,99.302
2026-07-10 17:59:30.022000+00:00,48,-54,80.0,2.0,0,2.0,0.0010467982432296,2896,39.183,14.635555555555555,17.445,433,cwpb-2m,0,1.0,330.359,-91.0,13,1.0,5520006.0,390.0,-66.0,-68.0,25.0,6388353.0,1775.0,390.0,1775.0,0.0,0,1.0,-46.0,0,227.8966616060727,114.57124940617577,0.0,0,22.939
2026-07-10 17:59:49.806000+00:00,48,-43,80.0,1.0,11,2.0,0.0046034584157647,15928,5.54,2.7522222222222226,4.952,867,cwpb-2m,0,1.0,619.0,-91.0,13,0.0,6117418.0,702.0,-57.0,-50.0,34.0,6725465.0,6482.0,780.0,6482.0,0.0,10,1.0,-33.0,92,275.0012195621019,141.43522455494283,0.1957722516139557,84,2.0
2026-07-10 18:00:35.991000+00:00,48,-56,80.0,3.0,4,2.0,0.000511159155051,1448,21.683,6.635555555555556,18.135,390,cwpb-2m,0,1.0,619.0,-91.0,13,0.0,6117418.0,702.0,-57.0,-50.0,34.0,6725465.0,6482.0,780.0,6482.0,0.0,3,3.0,-40.0,41,231.31739514437007,74.75756906951449,0.0882037927630888,42,92.698
2026-07-10 18:05:05.967000+00:00,48,-54,80.0,2.0,0,2.0,0.0009840254076447,2896,37.873,6.838888888888888,20.393,433,cwpb-2m,0,1.0,330.359,-92.0,11,4.0,4884633.0,390.0,-65.0,-65.0,27.0,7487907.0,6003.0,390.0,6003.0,0.0,0,3.0,-40.0,0,246.40331221900288,79.46751949211388,0.0394699746264448,21,9.652
2026-07-10 18:05:38.084000+00:00,48,-43,80.0,1.0,4,2.0,0.0,0,2.654,4.25,5.026,867,cwpb-2m,0,1.0,619.0,-90.0,12,0.0,7830477.0,526.6,-60.0,-51.0,30.0,10431366.0,7078.0,780.0,7078.0,0.0,3,3.0,-32.0,56,489.3675440131563,150.26086059226083,0.1134624043223773,63,2.757
2026-07-10 18:06:11.934000+00:00,48,-57,80.0,3.0,4,2.0,0.000511072945978,1448,27.08,7.201111111111112,18.105,390,cwpb-2m,0,1.0,619.0,-90.0,11,0.0,7830477.0,526.6,-60.0,-51.0,30.0,10431366.0,7078.0,780.0,7078.0,0.0,3,3.0,-40.0,41,232.94706063330335,87.21615122873347,0.1637810014038371,63,85.166
2026-07-10 18:10:42.005000+00:00,48,-54,80.0,2.0,0,2.0,0.0004481812248763,1448,56.276,11.443333333333335,20.390000000000004,433,cwpb-2m,0,1.0,330.359,-91.0,13,0.0,5561962.0,390.0,-68.0,-69.0,23.0,7620037.0,3503.0,390.0,3503.0,0.0,0,3.0,-40.0,0,268.0334058911632,107.65046789902604,0.1265085644290046,63,12.851
2026-07-10 18:11:27.746000+00:00,48,-34,80.0,1.0,5,2.0,0.0,0,2.67,4.960000000000001,8.485,780,cwpb-2m,0,1.0,619.0,-91.0,13,0.0,7159138.0,360.0,-60.0,-54.0,31.0,10254883.0,9303.0,780.0,9303.0,0.0,4,3.0,-32.0,61,477.7290074861548,136.00246136617022,0.0757316215582682,42,2.596
2026-07-10 18:11:47.866000+00:00,48,-56,80.0,3.0,4,2.0,0.3425638961096052,592232,21.921,5.11,12.748,390,cwpb-2m,0,1.0,619.0,-91.0,13,0.0,7159138.0,360.0,-60.0,-54.0,31.0,10254883.0,9303.0,780.0,9303.0,0.0,3,3.0,-39.0,37,145.83053172145068,71.60654000788332,0.1262727491381383,63,147.548
2026-07-10 18:16:17.654000+00:00,48,-54,80.0,2.0,0,2.0,0.0004457663208226,1448,48.608,10.104444444444445,21.653,433,cwpb-2m,0,1.0,330.359,-92.0,13,2.0,5466486.0,390.0,-67.0,-68.0,26.0,7586114.0,1206.0,390.0,1206.0,0.0,0,3.0,-39.0,0,266.5444988009592,112.32882122627448,0.0,0,8.003
2026-07-10 18:17:18.082000+00:00,48,-33,80.0,1.0,10,2.0,0.0,0,2.565,16.10222222222222,32.064,867,cwpb-2m,0,1.0,202.78,-89.0,12,1.0,3343874.0,650.0,-59.0,-53.0,30.0,10022391.0,10240.0,234.0,10240.0,0.0,9,1.0,-33.0,80,461.3821782401507,7.133230031689494,4.574059861857252,2384,11.312
2026-07-10 18:17:22.867000+00:00,48,-57,80.0,3.0,4,2.0,0.0012360191973584,2896,44.527,17.191111111111113,27.303999999999995,390,cwpb-2m,0,1.0,202.78,-89.0,11,1.0,3343874.0,650.0,-59.0,-53.0,30.0,10022391.0,10240.0,234.0,10240.0,0.0,3,3.0,-39.0,37,191.92638944949545,45.62498638484242,0.0750160748731871,21,86.308
2026-07-10 18:21:53.406000+00:00,48,-54,80.0,2.0,0,2.0,0.0009036248636824,2896,43.858,9.82,18.363,433,cwpb-2m,0,1.0,330.359,-90.0,12,3.0,5734280.0,325.0,-65.0,-67.0,25.0,7773780.0,4290.0,390.0,4290.0,0.0,0,3.0,-39.0,0,269.0053114885115,129.05550769230769,0.0,0,10.124
2026-07-10 18:22:58.922000+00:00,48,-50,80.0,3.0,4,2.0,0.0005362770379919,1448,25.086,9.713333333333336,19.646,433,cwpb-2m,0,1.0,330.359,-90.0,12,3.0,5734280.0,325.0,-65.0,-67.0,25.0,7773780.0,4290.0,390.0,4290.0,0.0,3,3.0,-44.0,42,225.45064961534615,76.671643454039,0.1232563144405532,63,92.027
2026-07-10 18:27:29.237000+00:00,48,-54,80.0,2.0,0,2.0,0.0008775864162616,2896,42.31,5.505555555555555,18.741000000000003,433,cwpb-2m,0,1.0,330.359,-91.0,12,3.0,5613330.0,325.0,-66.0,-66.0,25.0,7898343.0,2837.0,390.0,2837.0,0.0,0,3.0,-44.0,0,276.54751648351646,102.26196003578885,0.0,0,6.872
2026-07-10 18:28:34.682000+00:00,48,-55,80.0,3.0,4,2.0,0.0,0,30.742,11.589999999999998,23.574,433,cwpb-2m,0,1.0,330.359,-91.0,12,3.0,5613330.0,325.0,-66.0,-66.0,25.0,7898343.0,2837.0,390.0,2837.0,0.0,3,3.0,-44.0,42,234.64637762237763,86.9906567312469,0.0767613999817234,42,71.685
2026-07-10 18:29:00.016000+00:00,48,-33,80.0,1.0,7,2.0,0.0002441489888719,1448,1.871,5.724444444444444,8.775,780,cwpb-2m,0,1.0,478.125,-91.0,12,0.0,6188276.0,526.6,-56.0,-49.0,35.0,8761991.0,10174.0,585.0,10174.0,0.0,6,3.0,-33.0,75,471.77936197401584,158.26915177226323,0.0788022064617809,42,2.872
2026-07-10 18:33:05.265000+00:00,48,-54,80.0,2.0,0,2.0,0.0011091221806543,2896,22.698,10.608888888888888,23.183,433,cwpb-2m,0,1.0,299.7,-92.0,12,3.0,5247216.0,325.0,-67.0,-68.0,25.0,6416128.0,4348.0,351.0,4348.0,0.0,0,3.0,-33.0,0,225.02348942959716,84.7731931211702,2.576011697415387,1198,23.363
2026-07-10 18:34:10.547000+00:00,48,-54,80.0,3.0,4,2.0,0.0026054154447684,4344,39.879,22.97222222222222,32.645,433,cwpb-2m,0,1.0,299.7,-92.0,10,3.0,5247216.0,325.0,-67.0,-68.0,25.0,6416128.0,4348.0,351.0,4348.0,0.0,3,3.0,-42.0,36,137.43573546453547,69.46140103133678,0.1348170340252514,63,118.788
2026-07-10 18:34:48.879000+00:00,48,-33,80.0,1.0,3,2.0,0.0002838580912792,1448,3.796,3.758888888888889,5.429,400,cwpb-2m,0,1.0,619.0,-91.0,12,0.0,5822806.0,866.7,-57.0,-58.0,35.0,8621761.0,7236.0,780.0,7236.0,0.0,2,3.0,-38.0,65,406.4615642928234,135.22943670736518,0.1901226743922864,84,3.079
2026-07-10 18:38:40.540000+00:00,48,-54,80.0,2.0,0,2.0,1.147873730058163,2780160,5.662,5.181111111111111,25.266,433,cwpb-2m,0,1.0,330.359,-92.0,12,2.0,6174939.0,325.0,-66.0,-67.0,26.0,6123268.0,3898.0,390.0,3896.0,0.0,0,3.0,-38.0,0,199.4294979522525,129.9619950184318,0.0,0,10.391
2026-07-10 18:39:46.230000+00:00,48,-52,80.0,3.0,4,2.0,0.0,0,35.105,6.844444444444445,19.380000000000003,433,cwpb-2m,0,1.0,330.359,-92.0,10,2.0,6174939.0,325.0,-66.0,-67.0,26.0,6123268.0,3898.0,390.0,3896.0,0.0,3,3.0,-42.0,36,229.5265220691033,79.64924080334062,0.0946692212329539,42,93.118
2026-07-10 18:40:38.042000+00:00,48,-32,80.0,1.0,11,2.0,0.0,0,2.823,8.597777777777777,11.044,81,cwpb-2m,0,1.0,619.0,-92.0,11,0.0,5962742.0,780.0,-57.0,-60.0,32.0,8518273.0,10318.0,780.0,10318.0,0.0,10,1.0,-35.0,89,465.3113858628891,157.18824733932428,0.090497737556561,42,1.891
2026-07-10 18:44:16.280000+00:00,48,-47,80.0,2.0,0,2.0,0.8957209186408601,441640,3.55,2.6955555555555555,5.159000000000001,433,cwpb-2m,0,1.0,330.359,-92.0,12,2.0,5146604.0,292.5,-66.0,-68.0,27.0,2446928.0,2268.0,390.0,2267.0,0.0,0,1.0,-35.0,0,44.25604459486362,86.37915388451182,0.0,0,4.635
2026-07-10 18:45:21.571000+00:00,48,-52,80.0,3.0,4,2.0,0.0005339775679268,1448,34.255,13.11888888888889,26.003,433,cwpb-2m,0,1.0,330.359,-92.0,10,2.0,5146604.0,292.5,-66.0,-68.0,27.0,2446928.0,2268.0,390.0,2267.0,0.0,3,3.0,-33.0,39,225.3830954854175,111.34952669638434,0.0819144579018196,42,51.645
2026-07-10 18:47:28.583000+00:00,48,-37,80.0,1.0,7,2.0,0.0002536150735712,1448,2.033,1.6844444444444444,3.666,527,cwpb-2m,0,1.0,619.0,-92.0,12,0.0,9442509.0,650.0,-59.0,-52.0,33.0,16114516.0,24534.0,780.0,24534.0,0.0,6,1.0,-37.0,92,455.51921229467087,196.13401998153464,0.0881778673552938,42,3.141
2026-07-10 18:48:45.652000+00:00,48,-50,80.0,2.0,4,2.0,1.1739571896534575,2777552,7.949,24.835555555555555,30.004,433,cwpb-2m,0,1.0,330.359,-92.0,12,5.0,5924952.0,234.0,-66.0,-68.0,27.0,6101920.0,2560.0,390.0,2554.0,0.0,3,3.0,-30.0,48,198.6312414826656,116.65930199203189,0.1761264755834189,84,17.309
2026-07-10 18:49:59.184000+00:00,48,-52,80.0,3.0,4,2.0,0.0010548757742445,2896,17.321,7.283333333333335,19.425,433,cwpb-2m,0,1.0,299.7,-90.0,12,32.0,136476550.0,263.3,-63.0,-64.0,26.0,151927617.0,121082.0,351.0,121070.0,0.0,3,3.0,-33.0,39,239.69846018583277,156.41050119331743,0.0462229265715795,21,23.778
2026-07-10 18:53:13.909000+00:00,48,-34,80.0,1.0,10,2.0,0.0,0,3.094,7.766666666666667,8.65,780,cwpb-2m,0,1.0,619.0,-91.0,10,0.0,5724306.0,526.6,-59.0,-51.0,32.0,7959466.0,7113.0,780.0,7113.0,0.0,9,1.0,-35.0,86,432.69458098693934,201.74770759355573,0.1672560451113447,105,3.193
2026-07-10 18:54:21.540000+00:00,48,-48,80.0,2.0,4,2.0,1.5973443376516432,3343840,12.118,9.166250000000002,24.552222222222223,433,cwpb-2m,0,1.0,330.359,-89.0,12,1.0,3981672.0,234.0,-65.0,-65.0,24.0,5344050.0,3496.0,390.0,3489.0,0.0,3,3.0,-30.0,61,169.36519900049976,74.02694242815949,1.992788930033132,1227,40.639
2026-07-10 18:55:34.844000+00:00,48,-52,80.0,3.0,4,2.0,0.0005902846773414,1448,49.638,24.532222222222217,37.821000000000005,433,cwpb-2m,0,1.0,299.7,-89.0,12,0.0,4846757.0,263.3,-64.0,-64.0,26.0,7131307.0,978.0,351.0,978.0,0.0,3,3.0,-33.0,39,216.23147806973725,106.55709177687184,0.0734972438533555,42,36.443
2026-07-10 18:58:57.875000+00:00,48,-35,80.0,1.0,5,2.0,0.0,0,2.262,6.555555555555555,9.587,360,cwpb-2m,0,1.0,619.0,-91.0,12,0.0,5543642.0,866.7,-63.0,-54.0,28.0,8291576.0,10806.0,780.0,10806.0,0.0,4,3.0,-35.0,74,448.32947481639593,175.25382773940203,0.0771109111939339,42,6.421
2026-07-10 18:59:57.579000+00:00,48,-47,80.0,2.0,4,2.0,1.2656610703921112,2359448,10.465,9.275555555555558,16.955000000000002,433,cwpb-2m,0,1.0,330.359,-90.0,12,2.0,5450700.0,234.0,-63.0,-63.0,27.0,4849425.0,1847.0,390.0,1839.0,0.0,3,3.0,-32.0,39,150.00607712287712,104.09693173010037,0.0968947538411848,63,10.962
2026-07-10 19:01:10.612000+00:00,48,-54,80.0,3.0,5,2.0,0.0,0,49.964,13.02111111111111,27.171000000000003,433,cwpb-2m,0,1.0,299.7,-89.0,12,2.0,3972687.0,234.0,-63.0,-64.0,26.0,6405407.0,845.0,351.0,845.0,0.0,4,3.0,-35.0,43,215.28582544437788,78.27838727634195,0.1460903441239217,63,141.354
2026-07-10 19:04:42.468000+00:00,48,-33,80.0,1.0,11,2.0,0.0002629598323244,1448,2.641,3.7288888888888887,5.528,780,cwpb-2m,0,1.0,619.0,-92.0,12,0.0,5767557.0,650.0,-58.0,-58.0,34.0,8264441.0,10592.0,780.0,10592.0,0.0,10,3.0,-31.0,81,438.9050903645216,239.21761039018705,0.088224173423518,42,3.088
2026-07-10 19:05:33.036000+00:00,48,-48,80.0,2.0,3,2.0,1.3487504778692554,1966384,4.973,15.966666666666663,19.823,433,cwpb-2m,0,1.0,330.359,-92.0,12,1.0,4998283.0,234.0,-65.0,-65.0,28.0,4539080.0,4649.0,390.0,4646.0,0.0,2,3.0,-34.0,39,118.17301708462384,79.52273813778042,2.0317656765676566,1182,14.682
2026-07-10 19:06:46.254000+00:00,48,-52,80.0,3.0,5,2.0,0.001594330267952,4344,23.285,6.42,19.042,433,cwpb-2m,0,1.0,299.7,-91.0,12,0.0,6290345.0,234.0,-63.0,-63.0,29.0,6853904.0,1323.0,351.0,1323.0,0.0,4,3.0,-35.0,43,227.9421954045954,128.8420415879017,0.0487759557764667,21,75.79
2026-07-10 19:10:26.191000+00:00,48,-31,80.0,1.0,8,2.0,0.0007344944605244,4344,1.753,10.35111111111111,11.621,867,cwpb-2m,0,1.0,619.0,-91.0,12,0.0,6011488.0,866.7,-57.0,-47.0,32.0,8582383.0,10011.0,780.0,10011.0,0.0,7,3.0,-30.0,73,471.9043321735574,290.74005912192223,0.2004849827201038,105,2.561
2026-07-10 19:11:08.589000+00:00,48,-48,80.0,2.0,4,2.0,1.529557973439641,2919168,7.093,13.388888888888893,21.865,433,cwpb-2m,0,1.0,330.359,-91.0,12,1.0,5252563.0,234.0,-64.0,-65.0,27.0,4830129.0,3337.0,390.0,3334.0,0.0,3,3.0,-32.0,44,155.01872739986015,90.6009653391598,2.191849619744583,1222,16.153
2026-07-10 19:12:21.994000+00:00,48,-60,80.0,3.0,1,2.0,0.0015877402359896,4344,24.429,10.737777777777778,22.755000000000003,390,cwpb-2m,0,1.0,299.7,-89.0,12,0.0,5681020.0,325.0,-64.0,-65.0,25.0,6731192.0,1280.0,351.0,1280.0,0.0,0,3.0,-38.0,27,226.22095085896925,123.16013083556348,2.526620880851868,1203,101.4
2026-07-10 19:16:10.844000+00:00,48,-41,80.0,1.0,7,2.0,0.0029062828037343,15928,3.155,4.232222222222223,8.207,780,cwpb-2m,0,1.0,619.0,-91.0,12,0.0,5871299.0,780.0,-58.0,-60.0,33.0,8206357.0,9643.0,780.0,9641.0,0.0,6,3.0,-30.0,79,437.08740660555975,279.8901843277926,0.1263309871864284,63,3.893
2026-07-10 19:16:44.368000+00:00,48,-52,80.0,2.0,4,2.0,0.865469297786186,1678232,8.231,12.60222222222222,24.033,433,cwpb-2m,0,1.0,330.359,-92.0,12,3.0,5099346.0,263.3,-65.0,-66.0,27.0,5271409.0,5595.0,390.0,5590.0,0.0,3,3.0,-34.0,42,156.66330730050933,96.84930777634324,0.1871935819343337,63,30.667
2026-07-10 19:17:57.891000+00:00,48,-53,80.0,3.0,1,2.0,0.0010150646530288,2896,25.391,8.492222222222221,19.125,433,cwpb-2m,0,1.0,299.7,-92.0,12,0.0,5333563.0,325.0,-63.0,-65.0,29.0,7176069.0,1456.0,351.0,1456.0,0.0,0,3.0,-38.0,27,239.67451428571428,132.7932001591723,2.728813186329526,1240,74.438
2026-07-10 19:22:20.156000+00:00,48,-50,80.0,2.0,2,2.0,0.8486436938975016,1476960,4.303,11.946666666666667,19.799,433,cwpb-2m,0,1.0,330.359,-91.0,12,3.0,5652441.0,263.3,-65.0,-65.0,26.0,5454712.0,7511.0,390.0,7501.0,0.0,1,3.0,-29.0,27,142.49234212629895,99.48082362330408,0.0683271242414875,42,10.062
2026-07-10 19:23:33.332000+00:00,48,-53,80.0,3.0,1,2.0,0.0014699052731322,4344,16.835,5.888888888888889,17.19,433,cwpb-2m,0,1.0,299.7,-88.0,12,1.0,6077365.0,175.5,-63.0,-64.0,25.0,7407359.0,1484.0,351.0,1484.0,0.0,0,3.0,-38.0,27,243.86462817182817,151.2865708095332,0.0463146751356358,21,24.841
2026-07-10 19:27:38.609000+00:00,48,-34,80.0,1.0,7,2.0,0.0,0,2.078,2.9566666666666666,6.167,780,cwpb-2m,0,1.0,619.0,-91.0,10,0.0,5422127.0,526.6,-60.0,-51.0,31.0,8308994.0,7841.0,780.0,7841.0,0.0,6,3.0,-33.0,71,459.10916908266114,245.7515115599763,0.0806714941513166,42,3.027
2026-07-10 19:27:55.987000+00:00,48,-49,80.0,2.0,4,2.0,1.3065642551769223,1613072,13.163,28.7475,27.666666666666668,433,cwpb-2m,0,1.0,299.7,-92.0,11,3.0,4442714.0,390.0,-65.0,-66.0,29.0,4539917.0,4131.0,351.0,4126.0,0.0,3,3.0,-32.0,33,106.43952602657608,85.64920011953382,0.0518237007057894,21,12.374
2026-07-10 19:29:09.008000+00:00,48,-52,80.0,3.0,4,2.0,0.0004824839403487,1448,43.765,14.013333333333332,23.107,433,cwpb-2m,0,1.0,299.7,-92.0,11,0.0,5969981.0,263.3,-65.0,-65.0,27.0,7384649.0,957.0,351.0,957.0,0.0,3,3.0,-38.0,41,246.32947982421092,134.09593635640414,2.7317458107041728,1177,30.062
2026-07-10 19:33:22.761000+00:00,48,-45,80.0,1.0,4,2.0,0.0002589771240981,1448,1.628,124.15333333333334,122.841,780,cwpb-2m,0,1.0,299.7,-88.0,12,0.0,4283884.0,780.0,-62.0,-63.0,26.0,8609858.0,11838.0,351.0,11838.0,0.0,3,1.0,-39.0,56,449.3422024531799,139.93880699497757,0.0534228802564298,21,6.091
2026-07-10 19:34:44.889000+00:00,48,-53,80.0,3.0,4,2.0,0.0014775502162992,4344,26.037,6.628888888888889,20.595,433,cwpb-2m,0,1.0,299.7,-90.0,12,0.0,5756478.0,234.0,-63.0,-63.0,28.0,7257102.0,1099.0,351.0,1099.0,0.0,3,3.0,-38.0,41,242.2611883681423,140.09483659481475,0.2251479543700145,105,99.523
2026-07-10 19:39:07.621000+00:00,48,-48,80.0,2.0,4,2.0,1.69156814681572,1403112,7.126,3.577777777777778,28.15,433,cwpb-2m,0,1.0,330.359,-89.0,12,2.0,3170387.0,234.0,-63.0,-64.0,26.0,2636716.0,3537.0,390.0,3520.0,0.0,3,3.0,-31.0,39,71.25329069651244,75.65002245851137,0.0738630368259997,42,48.633
2026-07-10 19:39:11.392000+00:00,48,-35,80.0,1.0,10,2.0,0.0013615734704104,5792,2.152,36.61111111111111,31.011,867,cwpb-2m,0,1.0,619.0,-92.0,12,0.0,3864946.0,780.0,-62.0,-63.0,30.0,6902440.0,8263.0,780.0,8263.0,0.0,9,1.0,-33.0,88,339.95837061681874,133.32053363156638,0.1111542397402872,63,5.519
2026-07-10 19:40:20.484000+00:00,48,-52,80.0,3.0,3,2.0,0.0009479581204671,2896,46.542,11.311111111111112,22.01,433,cwpb-2m,0,1.0,299.7,-91.0,12,2.0,5749482.0,263.3,-64.0,-65.0,27.0,7308447.0,606.0,351.0,606.0,0.0,2,3.0,-37.0,43,248.12910642550216,131.68019271398953,2.6821808226210084,1254,47.024
2026-07-10 19:44:43.297000+00:00,48,-48,80.0,2.0,4,2.0,1.2076610660278246,2032992,23.47,10.263333333333332,27.978,433,cwpb-2m,0,1.0,330.359,-89.0,13,3.0,2989143.0,325.0,-65.0,-65.0,26.0,4299178.0,4657.0,390.0,4642.0,0.0,3,3.0,-32.0,44,134.93514716754922,55.59920405123622,2.517667844522968,1197,41.921
2026-07-10 19:45:56.226000+00:00,48,-52,80.0,3.0,3,2.0,0.0009528175037313,2896,36.747,9.046666666666663,16.809,433,cwpb-2m,0,1.0,299.7,-91.0,12,2.0,6266431.0,234.0,-64.0,-65.0,27.0,7412711.0,750.0,351.0,750.0,0.0,2,3.0,-37.0,43,249.755738235588,128.07114791956997,0.0859968467822846,42,63.941
2026-07-10 19:50:19.095000+00:00,48,-48,80.0,2.0,4,2.0,1.08749892667783,2247296,8.941,9.05777777777778,20.339,433,cwpb-2m,0,1.0,330.359,-91.0,12,3.0,4175175.0,390.0,-66.0,-67.0,26.0,5472330.0,3177.0,390.0,3164.0,0.0,3,3.0,-33.0,38,174.3261528624238,78.55713142970849,4.51117720425981,2351,30.886
2026-07-10 19:50:37.663000+00:00,48,-34,80.0,1.0,8,2.0,0.0056584069446015,18824,3.033,18.636666666666667,13.544,780,cwpb-2m,0,1.0,619.0,-90.0,12,0.0,6479748.0,780.0,-64.0,-54.0,26.0,6153043.0,6609.0,780.0,6609.0,0.0,7,3.0,-33.0,82,263.10336958121275,270.8326074852484,0.0843661490870377,42,2.651
2026-07-10 19:51:31.795000+00:00,48,-55,80.0,3.0,3,2.0,0.0010398643189632,2896,31.561,7.1933333333333325,18.756,433,cwpb-2m,0,1.0,299.7,-92.0,12,7.0,6977524.0,390.0,-64.0,-65.0,29.0,7007307.0,1326.0,351.0,1326.0,0.0,2,3.0,-35.0,36,229.61824095904092,188.4576003186299,0.0440343887607464,21,17.48
2026-07-10 19:55:54.725000+00:00,48,-48,80.0,2.0,4,2.0,1.0773928333116949,2102496,8.925,8.126666666666665,26.348000000000003,433,cwpb-2m,0,1.0,330.359,-89.0,10,1.0,4750302.0,263.3,-64.0,-64.0,26.0,5354005.0,6333.0,390.0,6320.0,0.0,3,3.0,-33.0,42,160.94860957329868,87.25149479940565,2.080926848611279,1207,14.227
2026-07-10 19:56:21.727000+00:00,48,-35,80.0,1.0,5,2.0,0.00080166633804,4344,2.659,2.157777777777778,3.884,867,cwpb-2m,0,1.0,619.0,-92.0,12,0.0,7098381.0,780.0,-63.0,-64.0,31.0,8748376.0,10360.0,780.0,10360.0,0.0,4,3.0,-33.0,65,432.41885405546367,284.9892898138085,0.0443580752819906,21,2.447
2026-07-10 19:57:07.555000+00:00,48,-51,80.0,3.0,3,2.0,0.0009647584144989,2896,36.384,4.962222222222223,16.098999999999997,433,cwpb-2m,0,1.0,299.7,-91.0,12,3.0,6490780.0,390.0,-63.0,-64.0,28.0,7421385.0,1031.0,351.0,1031.0,0.0,2,3.0,-35.0,36,248.9673804336964,140.60403426977484,0.1690912018895271,63,28.738
2026-07-10 20:01:30.401000+00:00,48,-48,80.0,2.0,4,2.0,0.5730393721593935,1036768,7.609,2.74,6.305,433,cwpb-2m,0,1.0,299.7,-91.0,12,3.0,4986433.0,263.3,-62.0,-59.0,29.0,4956441.0,4471.0,351.0,4469.0,0.0,3,3.0,-31.0,29,149.16805434565435,94.62326455079096,0.0533143771103607,21,17.91
2026-07-10 20:02:06.507000+00:00,48,-37,80.0,1.0,3,2.0,0.0,0,2.875,3.7511111111111113,5.462,780,cwpb-2m,0,1.0,619.0,-92.0,12,0.0,6658595.0,780.0,-62.0,-54.0,30.0,9378442.0,11044.0,780.0,11044.0,0.0,2,1.0,-39.0,72,486.258314360504,243.35538916371237,0.1855246593193011,84,3.588
2026-07-10 20:02:46.397000+00:00,48,-55,80.0,3.0,3,2.0,0.0009363875224758,2896,28.28,8.511111111111111,19.629,433,cwpb-2m,0,1.0,299.7,-90.0,12,7.0,5511452.0,234.0,-63.0,-64.0,27.0,7631482.0,1001.0,351.0,1001.0,0.0,2,3.0,-36.0,45,254.8098353317346,142.60383417834774,0.1385132906800343,63,76.045
2026-07-10 20:07:06.131000+00:00,48,-49,80.0,2.0,4,2.0,1.0510113118732538,1925840,4.903,15.847777777777775,11.62,433,cwpb-2m,0,1.0,330.359,-92.0,11,2.0,4904458.0,325.0,-62.0,-59.0,31.0,4880819.0,2281.0,390.0,2272.0,0.0,3,3.0,-32.0,35,150.8440999000999,87.47713664905811,3.1911404858605987,1265,26.189
2026-07-10 20:07:50.259000+00:00,48,-45,80.0,1.0,7,2.0,0.0002457017449188,1448,1.908,24.047777777777775,25.832,780,cwpb-2m,0,1.0,619.0,-91.0,11,0.0,6019447.0,866.7,-62.0,-54.0,29.0,9062561.0,11060.0,780.0,11060.0,0.0,6,3.0,-30.0,74,471.2981187186953,230.8279220058429,0.0806451612903225,42,2.825
2026-07-10 20:08:22.061000+00:00,48,-59,80.0,3.0,3,2.0,0.0010428954118507,2896,42.359,12.685555555555556,21.293,390,cwpb-2m,0,1.0,299.7,-90.0,11,0.0,5788823.0,200.0,-62.0,-62.0,29.0,7063411.0,2809.0,351.0,2809.0,0.0,2,3.0,-36.0,45,233.0168888888889,103.30592829476612,0.2092383723247379,105,75.249
2026-07-10 20:12:42.221000+00:00,48,-47,80.0,2.0,4,2.0,0.7853096444656782,1004912,4.31,11.075555555555557,17.659,433,cwpb-2m,0,1.0,330.359,-90.0,11,4.0,4996144.0,390.0,-64.0,-66.0,26.0,3698211.0,3219.0,390.0,3217.0,0.0,3,3.0,-32.0,36,108.14815430741557,85.0648658560893,0.0769639552143079,42,30.554
2026-07-10 20:13:34.357000+00:00,48,-37,80.0,1.0,10,2.0,0.0005433400500494,2896,2.079,3.281111111111111,4.806,702,cwpb-2m,0,1.0,563.578,-89.0,10,0.0,5332058.0,702.0,-63.0,-64.0,26.0,8466842.0,9540.0,702.0,9540.0,0.0,9,3.0,-29.0,77,424.66507046466194,142.39821552481808,0.1203093669435691,63,1.267
2026-07-10 20:13:57.860000+00:00,48,-60,80.0,3.0,3,2.0,0.0012090598394108,2896,32.219,38.5,50.01,390,cwpb-2m,0,1.0,202.796,-90.0,10,2.0,5374251.0,263.3,-64.0,-65.0,25.0,6104771.0,2725.0,234.0,2725.0,0.0,2,3.0,-38.0,41,198.67093994204055,77.91502222222222,0.195443377261559,105,152.085
2026-07-10 20:18:18.029000+00:00,48,-49,80.0,2.0,4,2.0,0.9572497755766534,1497232,3.773,11.211111111111112,11.692000000000002,433,cwpb-2m,0,1.0,330.359,-90.0,12,2.0,3886410.0,234.0,-64.0,-64.0,27.0,4508646.0,5299.0,390.0,5297.0,0.0,3,3.0,-31.0,39,133.20569979027263,58.868889508262,4.457716286297344,2381,33.937
2026-07-10 20:19:20.466000+00:00,48,-38,80.0,1.0,9,2.0,0.0004956458275658,2896,2.084,64.71111111111111,67.38,650,cwpb-2m,0,1.0,619.0,-92.0,12,0.0,4599613.0,650.0,-64.0,-65.0,28.0,8747521.0,9447.0,780.0,9447.0,0.0,8,1.0,-33.0,100,464.2013501589875,127.9306936166208,0.2133550074928246,84,3.573
2026-07-10 20:23:53.765000+00:00,48,-51,80.0,2.0,3,2.0,0.4524550086873384,773232,6.843,6.2622222222222215,10.486,433,cwpb-2m,0,1.0,330.359,-92.0,12,4.0,5584660.0,325.0,-64.0,-64.0,28.0,4681436.0,4569.0,390.0,4557.0,0.0,2,3.0,-31.0,43,139.96378619242682,85.43178964143426,3.94734621550924,2339,31.139
2026-07-10 20:25:09.300000+00:00,48,-38,80.0,1.0,7,2.0,0.0009532827860695,4344,1.808,110.23333333333332,248.76,650,cwpb-2m,0,1.0,619.0,-91.0,10,0.0,1918252.0,650.0,-63.0,-57.0,28.0,7448940.0,10255.0,780.0,10255.0,0.0,6,1.0,-32.0,84,350.3981560844396,11.049742716503037,3.447480021925396,1195,14.763
2026-07-10 20:25:13.298000+00:00,48,-57,80.0,3.0,3,2.0,0.0014097997007602,2896,37.434,24.380000000000003,30.314,433,cwpb-2m,0,1.0,251.312,-92.0,11,2.0,4663511.0,234.0,-64.0,-61.0,28.0,5226764.0,1502.0,292.5,1502.0,0.0,2,3.0,-39.0,45,170.99081055155875,75.54492170288776,0.09486594538432,42,102.58
2026-07-10 20:29:29.352000+00:00,48,-48,80.0,2.0,3,2.0,0.9316940674961626,1633344,4.591,10.025555555555558,10.901,433,cwpb-2m,0,1.0,330.359,-91.0,12,0.0,5730998.0,234.0,-62.0,-63.0,29.0,4723849.0,3718.0,390.0,3715.0,0.0,2,3.0,-31.0,41,146.6979514339962,85.91800956937799,0.1289926289926289,63,31.972
2026-07-10 20:30:45.215000+00:00,48,-55,80.0,3.0,3,2.0,0.0010589923073862,2896,37.319,15.427777777777775,29.774999999999995,433,cwpb-2m,0,1.0,299.7,-90.0,12,1.0,4315195.0,175.5,-64.0,-65.0,26.0,6690844.0,1895.0,351.0,1895.0,0.0,2,3.0,-39.0,45,223.77443660705364,59.96893559857764,0.1230925538774154,63,163.55
2026-07-10 20:35:05.239000+00:00,48,-49,80.0,2.0,3,2.0,2.35923853259407,5516880,7.803,7.742222222222221,20.256,433,cwpb-2m,0,1.0,330.359,-91.0,12,0.0,5669863.0,263.3,-62.0,-59.0,30.0,5762893.0,2586.0,390.0,2581.0,0.0,2,3.0,-30.0,34,188.6116518437094,85.671679874152,4.467571297148114,2331,27.333
2026-07-10 20:36:21.019000+00:00,48,-57,80.0,3.0,3,2.0,0.0005473190588894,1448,56.023,4.37888888888889,19.038000000000004,390,cwpb-2m,0,1.0,227.171,-91.0,12,2.0,4784192.0,234.0,-65.0,-66.0,26.0,6536683.0,871.0,263.3,871.0,0.0,2,3.0,-39.0,34,220.4440351718625,70.99679351586438,0.1004664513814137,42,110.817
2026-07-10 20:36:38.801000+00:00,48,-36,80.0,1.0,8,2.0,0.0042701179411293,7240,5.358,2.522222222222222,4.937,650,cwpb-2m,0,1.0,619.0,-92.0,12,0.0,5149519.0,780.0,-61.0,-64.0,32.0,4441764.0,3530.0,780.0,3530.0,0.0,7,3.0,-34.0,87,135.0369597351043,84.32143704646671,0.124054820415879,63,3.148
2026-07-10 20:40:41.124000+00:00,48,-48,80.0,2.0,4,2.0,1.3427411206855986,2910480,5.747,6.608888888888889,21.394,433,cwpb-2m,0,1.0,330.359,-92.0,11,1.0,5065522.0,263.3,-62.0,-60.0,30.0,5433513.0,4091.0,390.0,4077.0,0.0,3,3.0,-32.0,42,179.3906377535725,75.88104652087475,2.7450461185400945,1244,52.352
2026-07-10 20:41:56.682000+00:00,48,-55,80.0,3.0,3,2.0,0.0017726747379844,4344,24.5,11.148888888888887,21.937,433,cwpb-2m,0,1.0,299.7,-91.0,12,0.0,5205382.0,175.5,-65.0,-65.0,27.0,6166453.0,2595.0,351.0,2595.0,0.0,2,3.0,-39.0,34,202.8217740033969,76.19770080301377,0.2060995657187722,84,126.521
2026-07-10 20:42:23.748000+00:00,48,-43,80.0,1.0,5,2.0,0.0,0,1.446,2.957777777777778,5.38,780,cwpb-2m,0,1.0,619.0,-91.0,12,0.0,5131324.0,526.6,-56.0,-49.0,35.0,8390195.0,7201.0,780.0,7201.0,0.0,4,3.0,-33.0,58,469.4300418525063,129.7548845833038,0.1008548650465853,42,4.032
2026-07-10 20:46:16.475000+00:00,48,-50,80.0,2.0,4,2.0,0.3159780196347405,566168,7.681,4.2444444444444445,9.179,433,cwpb-2m,0,1.0,330.359,-91.0,12,3.0,6235391.0,263.3,-62.0,-58.0,30.0,4871646.0,4686.0,390.0,4680.0,0.0,3,3.0,-32.0,38,148.37449945038472,102.9015344314348,4.272998097699293,2381,23.319
2026-07-10 20:47:32.352000+00:00,48,-51,80.0,3.0,3,2.0,0.0005068275126246,1448,45.391,3.7077777777777774,15.068999999999996,433,cwpb-2m,0,1.0,299.7,-88.0,12,0.0,4642287.0,234.0,-64.0,-65.0,25.0,7064011.0,1675.0,351.0,1675.0,0.0,2,3.0,-39.0,34,237.23154431897672,76.55942531894014,0.0440880080618071,21,70.795
2026-07-10 20:48:07.565000+00:00,48,-33,80.0,1.0,4,2.0,0.0002444107803478,1448,2.877,2.037777777777778,4.7620000000000005,867,cwpb-2m,0,1.0,619.0,-90.0,12,0.0,4358657.0,780.0,-56.0,-49.0,34.0,8264231.0,7858.0,780.0,7858.0,0.0,3,3.0,-33.0,75,474.02911616547584,103.27184651850348,0.1906274821286735,84,2.409
2026-07-10 20:51:52.250000+00:00,48,-52,80.0,2.0,4,2.0,1.2648276327729782,2487664,8.409,7.082222222222222,18.665,433,cwpb-2m,0,1.0,330.359,-92.0,12,3.0,5841012.0,263.3,-63.0,-65.0,29.0,5260262.0,6073.0,390.0,6064.0,0.0,3,3.0,-33.0,40,162.59266180437606,88.11650242502228,3.9139137483250894,2366,112.589
2026-07-10 20:53:08.130000+00:00,48,-57,80.0,3.0,4,2.0,0.0011500942950239,2896,32.574,23.00444444444444,27.675,433,cwpb-2m,0,1.0,299.7,-91.0,12,4.0,5387380.0,263.3,-64.0,-65.0,28.0,6519566.0,1896.0,351.0,1896.0,0.0,3,3.0,-43.0,41,217.0695845738835,85.90441678266058,0.2573151007204822,105,80.737
2026-07-10 20:53:51.551000+00:00,48,-40,80.0,1.0,5,2.0,0.0,0,2.354,4.253333333333334,9.222,867,cwpb-2m,0,1.0,619.0,-91.0,12,0.0,4517235.0,866.7,-59.0,-60.0,33.0,8924744.0,6265.0,780.0,6265.0,0.0,4,3.0,-31.0,63,512.6689556004561,127.04429528437092,0.1087951370300654,63,2.86
2026-07-10 20:57:28.002000+00:00,48,-50,80.0,2.0,4,2.0,0.4283537050008524,925272,7.311,6.38,18.651000000000003,433,cwpb-2m,0,1.0,330.359,-86.0,12,3.0,4854492.0,263.3,-65.0,-66.0,21.0,5933833.0,4194.0,390.0,4174.0,0.0,3,3.0,-34.0,32,177.71408973718397,65.37934023904383,0.2009040683073832,84,83.418
2026-07-10 20:58:43.747000+00:00,48,-57,80.0,3.0,4,2.0,0.0005344141766558,1448,30.883,12.36,24.462000000000003,390,cwpb-2m,0,1.0,227.171,-90.0,12,0.0,5059128.0,150.0,-64.0,-63.0,26.0,6955005.0,1612.0,263.3,1611.0,0.0,3,3.0,-43.0,41,232.20190026981112,66.92152535980149,0.171951444187427,84,121.538
2026-07-10 20:59:35.563000+00:00,48,-30,80.0,1.0,5,2.0,0.0,0,2.295,1.7966666666666666,4.459,867,cwpb-2m,0,1.0,619.0,-90.0,12,0.0,5635363.0,866.7,-56.0,-47.0,34.0,8522934.0,6202.0,780.0,6202.0,0.0,4,3.0,-27.0,81,486.9102411830363,161.34859461727038,0.086244070720138,42,2.635
2026-07-10 21:03:03.517000+00:00,48,-48,80.0,2.0,4,2.0,1.962070144545012,4038472,8.876,17.99111111111111,29.738000000000007,433,cwpb-2m,0,1.0,299.7,-88.0,12,2.0,2469147.0,351.0,-64.0,-66.0,25.0,5519429.0,3853.0,351.0,3842.0,0.0,3,3.0,-33.0,40,170.1186237762238,39.24482795592177,2.286088747425576,1221,127.884
2026-07-10 21:04:19.255000+00:00,48,-53,80.0,3.0,3,2.0,0.0005109580457712,1448,60.58,21.30666666666667,32.455000000000005,433,cwpb-2m,0,1.0,299.7,-90.0,12,2.0,5204427.0,200.0,-61.0,-62.0,29.0,7068459.0,1546.0,351.0,1546.0,0.0,2,3.0,-44.0,38,234.6932693844924,76.85461197735624,0.173720260745839,105,62.973
2026-07-10 21:05:19.607000+00:00,48,-40,80.0,1.0,6,2.0,0.000255799051501,1448,2.79,3.3888888888888884,5.303,867,cwpb-2m,0,1.0,619.0,-92.0,12,0.0,5004736.0,866.7,-59.0,-60.0,33.0,8352793.0,9304.0,780.0,9304.0,0.0,5,3.0,-32.0,86,451.7535544682163,124.46915946896776,0.2014736357356666,105,2.323
2026-07-10 21:08:39.442000+00:00,48,-48,80.0,2.0,4,2.0,1.0517407555899865,823912,3.944,6.834444444444444,9.015,433,cwpb-2m,0,1.0,330.359,-91.0,12,2.0,4384175.0,234.0,-64.0,-64.0,28.0,3639887.0,1814.0,390.0,1806.0,0.0,3,3.0,-35.0,45,63.71519168498901,64.5422378292099,6.171903914277154,3502,17.642
2026-07-10 21:09:55.724000+00:00,48,-52,80.0,3.0,3,2.0,0.0004195881874441,1216,28.323,7.75777777777778,21.524,433,cwpb-2m,0,1.0,299.7,-92.0,12,4.0,6029545.0,263.3,-64.0,-65.0,29.0,7338373.0,1617.0,351.0,1617.0,0.0,2,3.0,-44.0,38,244.77601039272508,100.68831172962228,0.135341253302971,63,58.015
2026-07-10 21:11:03.358000+00:00,48,-31,80.0,1.0,7,2.0,0.0002336409130435,1448,1.693,11.512222222222222,20.823,867,cwpb-2m,0,1.0,619.0,-91.0,12,0.0,5940595.0,866.7,-54.0,-46.0,37.0,8866915.0,5800.0,780.0,5800.0,0.0,6,3.0,-29.0,91,492.7866545863263,168.44308414225017,0.1449400396859632,84,2.875
2026-07-10 21:14:14.951000+00:00,48,-49,80.0,2.0,4,2.0,1.3105192493165954,2746856,6.531,10.525555555555554,16.077999999999996,433,cwpb-2m,0,1.0,330.359,-91.0,12,3.0,6844700.0,325.0,-64.0,-65.0,28.0,5595952.0,4655.0,390.0,4640.0,0.0,3,3.0,-35.0,46,174.3435715427658,104.4398406374502,5.948816833274133,3517,27.483
2026-07-10 21:15:31.459000+00:00,48,-50,80.0,3.0,3,2.0,9.45771714037267e-05,264,40.487,7.892222222222222,18.817,433,cwpb-2m,0,1.0,299.7,-92.0,12,1.0,6444490.0,234.0,-63.0,-63.0,30.0,6868753.0,1344.0,351.0,1344.0,0.0,2,3.0,-41.0,50,227.964969127785,110.34915415019763,3.228933012101576,1166,46.063
2026-07-10 21:16:48.200000+00:00,48,-31,80.0,1.0,6,2.0,0.0002391216304195,1448,2.411,1.7200000000000002,3.332,867,cwpb-2m,0,1.0,619.0,-92.0,12,0.0,5552246.0,650.0,-54.0,-47.0,38.0,8730063.0,7587.0,780.0,7587.0,0.0,5,3.0,-30.0,87,482.1441411857359,146.50013486020893,0.1957996317102165,84,2.537
2026-07-10 21:19:50.777000+00:00,48,-49,80.0,2.0,4,2.0,0.3955728897439164,703728,5.862,2.95,5.591999999999999,433,cwpb-2m,0,1.0,330.359,-89.0,12,3.0,5107850.0,175.5,-64.0,-64.0,25.0,4939698.0,4691.0,390.0,4673.0,0.0,3,3.0,-34.0,44,145.83053172145068,77.52642562024316,0.1180305755395683,63,104.893
2026-07-10 21:21:06.392000+00:00,48,-58,80.0,3.0,3,2.0,0.0009814227251468,2896,28.552,10.013333333333332,21.905,433,cwpb-2m,0,1.0,251.312,-91.0,12,0.0,5041910.0,263.3,-64.0,-65.0,27.0,7376531.0,755.0,292.5,755.0,0.0,2,3.0,-41.0,50,246.4525584091136,112.7310448533068,0.0,0,58.537
2026-07-10 21:22:31.926000+00:00,48,-31,80.0,1.0,5,2.0,0.0,0,1.935,2.76,5.438,867,cwpb-2m,0,1.0,619.0,-91.0,12,0.0,7182594.0,780.0,-57.0,-58.0,35.0,9475812.0,10065.0,780.0,10065.0,0.0,4,3.0,-27.0,80,524.1431562540917,274.0640093336029,0.0,0,2.143
2026-07-10 21:25:26.279000+00:00,48,-49,80.0,2.0,4,2.0,1.1391632525696782,2777424,9.172,7.41,21.714,433,cwpb-2m,0,1.0,330.359,-92.0,12,4.0,6176497.0,390.0,-64.0,-65.0,28.0,6495525.0,4567.0,390.0,4553.0,0.0,3,3.0,-34.0,47,200.28744375624376,122.71681274900398,0.0421839218994817,21,8.862
2026-07-10 21:26:42.350000+00:00,48,-56,80.0,3.0,4,2.0,0.000915915375694,2896,30.989,4.975555555555555,17.391,390,cwpb-2m,0,1.0,299.7,-90.0,12,2.0,5711158.0,390.0,-65.0,-66.0,26.0,8091846.0,1580.0,351.0,1580.0,0.0,3,3.0,-41.0,52,268.0334058911632,119.57901278113545,0.056395520584365,21,55.753
2026-07-10 21:28:16.447000+00:00,48,-33,80.0,1.0,6,2.0,0.0,0,2.729,3.2511111111111117,5.448,867,cwpb-2m,0,1.0,619.0,-90.0,12,0.0,7013914.0,866.7,-59.0,-60.0,33.0,9293607.0,8996.0,780.0,8996.0,0.0,5,3.0,-26.0,89,541.0849821044778,238.91928954316344,0.0,0,1.349
2026-07-13 12:47:56.642000+00:00,44,-32,80.0,1.0,6,2.0,0.0002813704123392,1448,2.531,3.69,4.841,527,cwpb-2m,0,1.0,619.0,-92.0,8,0.0,7835660.0,585.0,-54.0,-49.0,38.0,11176887.0,26469.0,780.0,26469.0,4.0,5,3.0,-37.0,84,411.536150386958,254.9970739289681,0.0782983165861933,42,1.791
2026-07-13 12:50:59.852000+00:00,44,-53,80.0,3.0,1,2.0,0.0004384988203654,1448,47.603,2.812222222222222,16.673,433,cwpb-2m,0,1.0,330.359,-92.0,8,0.0,8341867.0,263.3,-59.0,-59.0,33.0,8177716.0,4839.0,390.0,4839.0,4.0,0,3.0,-37.0,32,278.0291360686832,185.9569333598568,0.0,0,21.799
2026-07-13 12:52:04.030000+00:00,44,-48,80.0,3.0,1,2.0,0.0,0,20.338,11.494444444444447,22.172,433,cwpb-2m,0,1.0,330.359,-92.0,8,0.0,16242366.0,433.3,-61.0,-61.0,32.0,16050416.0,8834.0,390.0,8834.0,4.0,0,3.0,-37.0,32,279.95554276578736,181.52643916028256,0.0391433204719566,21,27.23
2026-07-13 12:52:25.304000+00:00,0,0,80.0,3.0,0,2.0,1.7354080797586713,3594976,9.014,67.95999999999998,61.51,0,cwpb-2m,0,unknown,330.359,-92.0,0,0.0,16242366.0,433.3,-61.0,-61.0,32.0,16050416.0,8834.0,390.0,8834.0,4.0,0,3.0,-37.0,0,170.8201269714514,165.20165979073244,4.723732061158253,2416,49.163
2026-07-13 12:53:41.495000+00:00,44,-40,80.0,1.0,7,2.0,0.0002559059021838,1448,2.431,1.406666666666667,4.385,780,cwpb-2m,0,1.0,619.0,-91.0,8,0.0,14624805.0,780.0,-62.0,-56.0,29.0,20044172.0,42998.0,780.0,42998.0,4.0,6,3.0,-33.0,85,453.0047327790088,255.93678420229057,0.0,0,2.393
2026-07-13 13:01:42.669000+00:00,44,-37,80.0,2.0,1,2.0,1.373181914650067,3366600,7.379,11.59777777777778,19.324,433,cwpb-2m,0,1.0,330.359,-90.0,8,11.0,22441485.0,390.0,-58.0,-58.0,33.0,18268935.0,4818.0,390.0,4776.0,4.0,0,11.0,-34.0,34,202.0240359748176,199.77351737874716,6.600363357120114,3524,19.146
2026-07-13 13:03:01.175000+00:00,44,-38,80.0,2.0,1,2.0,1.1715708874864073,2557168,6.391,13.28777777777778,16.372,433,cwpb-2m,0,1.0,330.359,-92.0,8,1.0,5692843.0,390.0,-54.0,-55.0,38.0,5368628.0,521.0,390.0,520.0,4.0,0,3.0,-30.0,36,176.03754172079545,158.48259360366643,0.0515527187921934,21,35.866
2026-07-13 13:03:15.432000+00:00,44,-49,80.0,3.0,1,2.0,0.0025036997004482,2896,22.525,21.55333333333333,34.541,433,cwpb-2m,0,1.0,330.359,-91.0,8,0.0,31798878.0,234.0,-61.0,-62.0,30.0,27177312.0,15350.0,390.0,15350.0,4.0,0,3.0,-37.0,35,104.77378097521982,138.36103488140324,0.1205880101064237,63,33.091
2026-07-13 13:05:03.805000+00:00,44,-37,80.0,2.0,1,2.0,0.7203341474900086,579200,4.894,26.084444444444447,20.607000000000003,433,cwpb-2m,0,1.0,330.359,-91.0,8,2.0,7217997.0,390.0,-54.0,-54.0,38.0,2658869.0,398.0,390.0,390.0,4.0,0,3.0,-30.0,36,67.04852033170147,210.55196887780548,0.0368958307711228,21,16.372
2026-07-13 13:07:16.285000+00:00,44,-38,80.0,1.0,6,2.0,0.0,0,4.894,0.5122222222222222,2.327,650,cwpb-2m,0,1.0,619.0,-92.0,8,0.0,5520196.0,866.7,-54.0,-49.0,38.0,812780.0,262.0,780.0,262.0,4.0,5,11.0,-33.0,81,0.0,0.0,0.0,0,16.372
2026-07-13 13:09:38.329000+00:00,161,-39,80.0,1.0,4,2.0,0.0,0,2.5,1.6822222222222225,3.954,867,cwpb-2m,0,1.0,619.0,-92.0,11,0.0,6435945.0,866.7,-56.0,-53.0,36.0,8353883.0,2264.0,780.0,2264.0,4.0,3,11.0,-31.0,85,542.2944859582373,347.5490702493801,0.0,0,2.058
2026-07-13 13:12:50.029000+00:00,161,-40,80.0,1.0,4,2.0,0.0,0,2.454,1.9466666666666668,4.568,867,cwpb-2m,0,1.0,619.0,-92.0,12,0.0,12434077.0,650.0,-54.0,-49.0,38.0,16254830.0,11456.0,780.0,11456.0,4.0,3,3.0,-32.0,83,484.7853341674656,303.15615990572746,0.0531928366979913,21,2.338
2026-07-13 13:14:05.653000+00:00,161,-48,80.0,2.0,3,2.0,0.6944652316027699,1416144,6.443,7.493333333333333,13.260000000000002,433,cwpb-2m,0,1.0,330.359,-92.0,12,0.0,0.0,390.0,-63.0,-60.0,29.0,0.0,0.0,390.0,0.0,4.0,2,3.0,-39.0,46,167.6548016388528,131.7077050381075,8.354266848489198,3492,11.891
2026-07-13 13:15:19.981000+00:00,161,-39,80.0,3.0,4,2.0,0.0008346033752651,2896,40.986,9.63111111111111,19.549,433,cwpb-2m,0,1.0,330.359,-91.0,12,1.0,0.0,390.0,-59.0,-60.0,32.0,0.0,0.0,390.0,0.0,4.0,3,3.0,-43.0,35,283.1102849725412,177.14334533160982,0.0,0,24.399
2026-07-13 13:18:34.712000+00:00,161,-50,80.0,1.0,4,2.0,0.0,0,2.094,5.724444444444445,6.564,780,cwpb-2m,0,1.0,619.0,-92.0,12,0.0,6351039.0,866.7,-59.0,-56.0,33.0,8894102.0,7393.0,780.0,7393.0,4.0,3,11.0,-33.0,78,499.46473790059326,297.2308556951524,0.0,0,2.314
2026-07-13 13:19:41.647000+00:00,161,-52,80.0,2.0,3,2.0,0.6048499862947584,1132336,4.461,6.164444444444445,11.601,433,cwpb-2m,0,1.0,330.359,-92.0,12,7.0,7323089.0,263.3,-65.0,-69.0,26.0,5184106.0,2406.0,390.0,2403.0,4.0,2,3.0,-33.0,45,158.2598235176682,121.32716125174407,0.0503295386458957,21,18.666
2026-07-13 13:20:56.209000+00:00,161,-45,80.0,3.0,3,2.0,0.0,0,22.21,4.5,19.65,433,cwpb-2m,0,1.0,330.359,-92.0,13,2.0,4590215.0,263.3,-62.0,-63.0,30.0,6296031.0,1442.0,390.0,1442.0,4.0,2,3.0,-37.0,36,233.0168888888889,69.9399146560319,3.176053310404127,1182,92.482
2026-07-13 13:24:19.081000+00:00,161,-41,80.0,1.0,4,2.0,0.0,0,1.983,1.227777777777778,2.849,867,cwpb-2m,0,1.0,619.0,-91.0,12,0.0,5020602.0,526.6,-56.0,-54.0,35.0,8554503.0,2799.0,780.0,2799.0,4.0,3,3.0,-33.0,80,525.1419790564736,266.3914039676736,0.1394761894219486,63,1.891
2026-07-13 13:25:17.399000+00:00,161,-54,80.0,2.0,3,2.0,0.5627496506349303,884728,4.44,15.51333333333333,25.399,433,cwpb-2m,0,1.0,101.39,-91.0,12,1.0,6407216.0,325.0,-66.0,-72.0,24.0,4418243.0,1626.0,117.0,1618.0,4.0,2,3.0,-30.0,46,129.09419726191666,147.19971943807911,2.1686566324904875,1157,10.971
2026-07-13 13:26:31.412000+00:00,161,-44,80.0,3.0,3,2.0,0.0,0,55.177,7.711111111111112,16.668,433,cwpb-2m,0,1.0,330.359,-90.0,12,4.0,4797131.0,390.0,-61.0,-62.0,28.0,7395134.0,1411.0,390.0,1411.0,4.0,2,3.0,-37.0,36,274.87147092907094,99.81977208655944,0.0709903148927539,42,28.853
2026-07-13 13:30:03.001000+00:00,161,-41,80.0,1.0,4,2.0,0.0002470840924549,1448,2.135,1.702222222222222,3.301,650,cwpb-2m,0,1.0,619.0,-92.0,12,0.0,5680529.0,866.7,-59.0,-54.0,33.0,7911389.0,2105.0,780.0,2105.0,4.0,3,3.0,-34.0,78,468.356436412272,262.3386850846354,0.2016051610921239,105,2.053
2026-07-13 13:30:53.188000+00:00,161,-55,80.0,2.0,3,2.0,0.3476725325058553,299736,5.828,9.073333333333334,12.385000000000002,433,cwpb-2m,0,1.0,299.7,-92.0,12,3.0,6901347.0,390.0,-64.0,-64.0,28.0,2869271.0,1287.0,351.0,1276.0,4.0,2,3.0,-29.0,48,72.93712732360584,136.0612593180016,2.2438476653878543,1199,28.154
2026-07-13 13:32:07.068000+00:00,161,-42,80.0,3.0,4,2.0,0.0012966592874893,4344,31.77,7.517777777777777,17.169999999999998,433,cwpb-2m,0,1.0,330.359,-91.0,12,4.0,5682703.0,234.0,-60.0,-61.0,31.0,7332882.0,1275.0,390.0,1275.0,4.0,3,3.0,-37.0,40,271.54650734339094,111.1432282651846,2.6148394338916647,1188,44.279
2026-07-13 13:35:47.899000+00:00,161,-41,80.0,1.0,4,2.0,0.0002951047404066,1448,2.646,6.386666666666667,9.839,650,cwpb-2m,0,1.0,619.0,-91.0,12,1.0,6046251.0,780.0,-58.0,-55.0,33.0,7303658.0,3701.0,780.0,3701.0,4.0,3,11.0,-38.0,71,391.038381200992,292.6899844709084,0.0,0,2.191
2026-07-13 13:36:28.854000+00:00,161,-52,80.0,2.0,3,2.0,1.133650663381818,2102496,5.246,8.797777777777778,25.751,433,cwpb-2m,0,1.0,330.359,-92.0,12,3.0,6519701.0,325.0,-61.0,-61.0,30.0,4854989.0,1419.0,390.0,1416.0,4.0,2,3.0,-31.0,44,154.2270055955236,174.53622246586266,2.779779198140616,1196,15.501
2026-07-13 13:37:42.732000+00:00,161,-45,80.0,3.0,4,2.0,0.0012416972643282,4344,29.154,8.083333333333334,18.472,433,cwpb-2m,0,1.0,251.312,-91.0,12,2.0,6757371.0,234.0,-63.0,-64.0,28.0,7935779.0,3783.0,292.5,3782.0,4.0,3,3.0,-37.0,40,285.765767032967,145.5124630958231,0.0,0,45.394
2026-07-13 13:41:31.372000+00:00,161,-40,80.0,1.0,4,2.0,0.0,0,2.939,2.322222222222222,4.435,780,cwpb-2m,0,1.0,619.0,-92.0,12,0.0,6187832.0,780.0,-58.0,-57.0,34.0,8935733.0,11093.0,780.0,11093.0,4.0,3,3.0,-34.0,79,484.7492269897765,290.9554874610919,0.0,0,2.32
2026-07-13 13:42:04.692000+00:00,161,-52,80.0,2.0,3,2.0,1.0940347248640756,2177792,3.741,12.51125,11.50111111111111,433,cwpb-2m,0,1.0,330.359,-91.0,12,0.0,7179348.0,433.3,-62.0,-62.0,28.0,5279105.0,2007.0,390.0,2007.0,4.0,2,3.0,-31.0,43,165.99484149510295,173.6834549800797,0.1084692067974036,63,20.974
2026-07-13 13:43:18.560000+00:00,161,-45,80.0,3.0,3,2.0,0.0008578765209978,2896,15.866,4.552222222222222,14.823,433,cwpb-2m,0,1.0,330.359,-91.0,12,2.0,6970821.0,263.3,-65.0,-65.0,27.0,7882302.0,870.0,390.0,870.0,4.0,2,3.0,-36.0,45,291.5736699960048,150.5861505718548,0.1463244687028219,63,20.868
2026-07-13 13:47:15.572000+00:00,161,-38,80.0,1.0,5,2.0,0.0002358894337351,1448,1.836,2.303333333333333,5.172,867,cwpb-2m,0,1.0,619.0,-92.0,12,0.0,6068821.0,526.6,-56.0,-51.0,36.0,8279412.0,2342.0,780.0,2342.0,4.0,4,3.0,-37.0,80,488.872673742474,289.19266686793475,0.086458890855943,42,1.96
2026-07-13 13:47:40.440000+00:00,161,-52,80.0,2.0,3,2.0,0.6108899917733593,987536,5.155,10.96,17.851999999999997,433,cwpb-2m,0,1.0,299.7,-92.0,12,2.0,5531158.0,86.7,-65.0,-68.0,27.0,4392896.0,3111.0,351.0,3105.0,4.0,2,3.0,-33.0,42,131.5958689048761,134.51577070063695,0.1920614596670934,105,36.932
2026-07-13 13:48:54.089000+00:00,161,-47,80.0,3.0,3,2.0,0.0008267100611801,2896,40.196,9.562222222222225,19.769,433,cwpb-2m,0,1.0,330.359,-87.0,12,3.0,6473235.0,325.0,-64.0,-64.0,23.0,8800928.0,977.0,390.0,977.0,4.0,2,3.0,-36.0,45,289.8979592489013,142.7936746401985,0.0361813201013076,21,21.126
2026-07-13 13:52:59.473000+00:00,161,-40,80.0,1.0,5,2.0,0.0,0,1.943,7.51,10.336,867,cwpb-2m,0,1.0,619.0,-91.0,12,0.0,5583231.0,526.6,-55.0,-53.0,36.0,8477436.0,8499.0,780.0,8499.0,4.0,4,3.0,-30.0,78,474.175654373061,219.10325735286543,0.1237283475391806,63,2.712
2026-07-13 13:53:16.358000+00:00,161,-53,80.0,2.0,3,2.0,0.0545735581462417,28960,11.737,13.414444444444449,22.08,433,cwpb-2m,0,1.0,330.359,-84.0,12,3.0,4561597.0,263.3,-67.0,-71.0,17.0,1801831.0,979.0,390.0,974.0,4.0,2,3.0,-32.0,45,50.27634402157626,100.09653180334357,2.6958942855880146,1220,75.546
2026-07-13 13:54:29.964000+00:00,161,-44,80.0,3.0,3,2.0,0.000814263338432,2896,36.583,11.066666666666666,20.940999999999995,433,cwpb-2m,0,1.0,330.359,-89.0,12,0.0,4146447.0,175.5,-57.0,-58.0,32.0,7868537.0,1524.0,390.0,1524.0,4.0,2,3.0,-35.0,36,294.20477697841727,75.91877951268026,0.1175877708718293,63,73.12
2026-07-13 13:58:45.379000+00:00,161,-48,80.0,1.0,4,2.0,0.0,0,2.196,15.104444444444445,21.893,867,cwpb-2m,0,1.0,619.0,-89.0,12,0.0,3372780.0,650.0,-55.0,-54.0,34.0,8559099.0,3962.0,780.0,3962.0,4.0,3,3.0,-35.0,75,523.2728304655436,105.3481030282045,0.2445215528282993,105,3.237
2026-07-13 13:58:51.697000+00:00,161,-54,80.0,2.0,3,2.0,0.3602551598092612,398200,6.868,15.093333333333334,20.053,433,cwpb-2m,0,1.0,330.359,-91.0,12,3.0,4226077.0,325.0,-64.0,-64.0,26.0,3074108.0,1402.0,390.0,1392.0,4.0,2,3.0,-30.0,37,93.86792846438206,86.95457310874116,15.46869170159998,7048,26.069
2026-07-13 14:00:05.502000+00:00,161,-47,80.0,3.0,3,2.0,0.0008496978608199,2896,39.74,8.294444444444444,19.825,433,cwpb-2m,0,1.0,330.359,-91.0,12,4.0,6709650.0,200.0,-63.0,-64.0,28.0,7754204.0,3445.0,390.0,3445.0,4.0,2,3.0,-35.0,36,280.8498580851489,138.75454321478244,0.0401621787025703,21,37.522
2026-07-13 14:04:27.816000+00:00,161,-53,80.0,2.0,3,2.0,0.8470440989323733,396752,5.82,14.458888888888891,25.375,433,cwpb-2m,0,1.0,5.242,-92.0,12,4.0,5903208.0,433.3,-65.0,-69.0,26.0,1676890.0,1093.0,6.0,1079.0,4.0,2,3.0,-31.0,43,38.5567513988809,159.18493593314764,0.2005922246632916,63,24.901
2026-07-13 14:04:31.928000+00:00,161,-37,80.0,1.0,6,2.0,0.0003080359248429,1448,1.88,1.0866666666666664,3.615,468,cwpb-2m,0,1.0,619.0,-92.0,12,0.0,1905735.0,27.0,-52.0,-54.0,40.0,7295146.0,10274.0,780.0,10274.0,4.0,5,3.0,-31.0,76,375.0057088186821,50.64670112200269,0.3522898842476095,147,3.756
2026-07-13 14:05:41.159000+00:00,161,-45,80.0,3.0,3,2.0,0.0004124378306936,1448,18.882,6.494444444444446,16.281,433,cwpb-2m,0,1.0,330.359,-91.0,12,2.0,6891893.0,263.3,-63.0,-64.0,28.0,8036401.0,2806.0,390.0,2806.0,4.0,2,3.0,-34.0,36,292.5868670797521,168.45054018654494,0.0,0,19.47
2026-07-13 14:10:03.862000+00:00,161,-55,80.0,2.0,3,2.0,0.8796384191024175,1951904,14.101,6.532222222222222,21.246,433,cwpb-2m,0,1.0,5.242,-88.0,12,2.0,4430064.0,234.0,-66.0,-66.0,21.0,5651458.0,3671.0,6.0,3661.0,4.0,2,3.0,-32.0,37,181.3979009466866,66.70013059442294,0.2514618715947871,126,117.059
2026-07-13 14:10:19.210000+00:00,161,-39,80.0,1.0,5,2.0,0.0091063911135395,11584,3.446,2.4066666666666667,4.667,780,cwpb-2m,0,1.0,619.0,-90.0,11,0.0,5563365.0,526.6,-57.0,-53.0,33.0,3081844.0,3410.0,780.0,3410.0,4.0,4,3.0,-38.0,82,82.09435560830434,171.37625612563738,0.0432356756089024,21,2.658
2026-07-13 14:11:17.012000+00:00,161,-41,80.0,3.0,3,2.0,0.0008377953457135,2896,26.135,8.296666666666667,17.383,433,cwpb-2m,0,1.0,330.359,-87.0,12,0.0,5558338.0,234.0,-57.0,-58.0,30.0,7735106.0,2877.0,390.0,2877.0,4.0,2,3.0,-34.0,36,284.9562114097312,93.52417937754798,0.0840908180835302,42,142.082
2026-07-13 14:15:39.513000+00:00,161,-54,80.0,2.0,3,2.0,0.99458973584723,2248744,7.499,7.114444444444445,21.834,433,cwpb-2m,0,1.0,330.359,-91.0,12,7.0,4738010.0,433.3,-66.0,-66.0,25.0,6249384.0,4634.0,390.0,4613.0,4.0,2,3.0,-33.0,32,193.602602457788,60.92611521241668,4.098445595854923,2373,84.562
2026-07-13 14:16:04.921000+00:00,161,-38,80.0,1.0,3,2.0,0.0002197716119142,1448,1.48,1.221111111111111,3.613,780,cwpb-2m,0,1.0,619.0,-92.0,12,0.0,4792069.0,780.0,-56.0,-54.0,36.0,8948433.0,3700.0,780.0,3700.0,4.0,2,3.0,-32.0,75,528.9433210678692,221.8982443872477,0.0454191539060472,21,2.422
2026-07-13 14:16:52.629000+00:00,161,-42,80.0,3.0,3,2.0,0.0014482064563124,4344,19.865,10.877777777777778,20.77,433,cwpb-2m,0,1.0,330.359,-91.0,12,2.0,5828967.0,390.0,-58.0,-58.0,34.0,7021191.0,2882.0,390.0,2882.0,4.0,2,3.0,-36.0,39,255.67357249925053,135.36409594903952,0.0421044189590183,21,48.196
2026-07-13 14:21:14.940000+00:00,161,-52,80.0,2.0,3,2.0,0.588340470426032,1058488,5.614,6.678888888888889,11.109,433,cwpb-2m,0,1.0,330.359,-91.0,12,6.0,6675889.0,390.0,-66.0,-67.0,25.0,5161483.0,3592.0,390.0,3578.0,4.0,2,3.0,-30.0,35,148.33003156843156,130.00340743686618,4.609512624779801,2355,42.667
2026-07-13 14:21:48.634000+00:00,161,-35,80.0,1.0,4,2.0,0.0,0,1.761,3.2033333333333336,4.964,780,cwpb-2m,0,1.0,619.0,-92.0,12,0.0,6894203.0,866.7,-53.0,-50.0,39.0,9100716.0,9138.0,780.0,9138.0,4.0,3,3.0,-37.0,74,474.2357247166339,297.4569243097429,0.0465435847425696,21,2.289
2026-07-13 14:22:28.289000+00:00,161,-42,80.0,3.0,3,2.0,0.0008635400188537,2896,34.376,6.877777777777778,16.642,433,cwpb-2m,0,1.0,330.359,-91.0,12,7.0,6985629.0,390.0,-58.0,-58.0,34.0,7697851.0,2183.0,390.0,2183.0,4.0,2,3.0,-36.0,39,279.8996075924076,193.13675826364,0.0,0,15.843
2026-07-13 14:26:50.990000+00:00,161,-53,80.0,2.0,3,2.0,0.5434708993173568,1036768,5.574,7.363333333333333,7.794,433,cwpb-2m,0,1.0,5.242,-90.0,12,5.0,4541548.0,390.0,-65.0,-65.0,25.0,5223662.0,3147.0,6.0,3134.0,4.0,2,11.0,-49.0,32,157.53254460093896,77.40955049248831,4.170595630991671,2123,124.603
2026-07-13 14:28:04.028000+00:00,161,-41,80.0,3.0,3,2.0,0.0008357158738712,2896,40.298,4.952222222222222,17.264000000000003,433,cwpb-2m,0,1.0,330.359,-91.0,12,2.0,4666211.0,390.0,-60.0,-59.0,32.0,7640611.0,2296.0,390.0,2296.0,4.0,2,3.0,-36.0,39,284.1464940047962,81.04481766636825,0.0783830692570404,42,63.639
2026-07-13 14:32:26.744000+00:00,161,-54,80.0,2.0,3,2.0,1.4971788004060247,3082792,7.656,6.9675,11.06777777777778,433,cwpb-2m,0,1.0,330.359,-90.0,12,6.0,6546405.0,234.0,-66.0,-67.0,24.0,5382989.0,2840.0,390.0,2831.0,4.0,2,3.0,-29.0,36,168.45940733339995,115.58119856744926,8.286619983165284,4627,51.959
2026-07-13 14:33:18.558000+00:00,161,-38,80.0,1.0,4,2.0,0.0,0,2.228,1.28,3.333,867,cwpb-2m,0,1.0,619.0,-91.0,13,1.0,6649862.0,650.0,-56.0,-56.0,35.0,8242761.0,2084.0,780.0,2084.0,4.0,3,3.0,-33.0,82,490.192293674528,315.1620770252228,0.0394929852935645,21,1.536
2026-07-13 14:33:39.965000+00:00,161,-41,80.0,3.0,3,2.0,0.0004573372520925,864,17.944,0.0,1683.0,433,cwpb-2m,0,1.0,330.359,-92.0,12,6.0,6974638.0,390.0,-59.0,-59.0,34.0,4628261.0,720.0,390.0,720.0,4.0,2,3.0,-37.0,36,162.59266180437606,199.2919793240557,0.0,0,19.385
2026-07-13 14:38:02.370000+00:00,161,-55,80.0,2.0,3,2.0,1.331187988954765,2836632,19.015,13.454444444444444,19.614,433,cwpb-2m,0,1.0,227.171,-90.0,12,7.0,6258226.0,200.0,-68.0,-69.0,22.0,5446809.0,2760.0,263.3,2746.0,4.0,2,3.0,-30.0,35,170.95664655344655,103.75449305279874,4.395785314455054,2403,121.685
2026-07-13 14:39:03.575000+00:00,161,-35,80.0,1.0,6,2.0,0.0,0,2.502,6.435555555555555,18.117,650,cwpb-2m,0,1.0,619.0,-92.0,12,0.0,3431292.0,526.6,-54.0,-52.0,38.0,8024879.0,12801.0,780.0,12801.0,4.0,5,3.0,-38.0,82,411.7292299447578,138.8726218104709,0.2830570157703194,105,2.44
2026-07-13 14:39:15.524000+00:00,161,-37,80.0,3.0,3,2.0,0.0009778861580592,2896,31.833,8.144444444444444,26.19,433,cwpb-2m,0,1.0,330.359,-91.0,12,5.0,3921608.0,263.3,-61.0,-62.0,30.0,6677545.0,1772.0,390.0,1772.0,4.0,2,3.0,-37.0,36,243.93773638453084,57.289417856462975,2.665439161789527,1216,124.993
2026-07-13 14:43:38.091000+00:00,161,-53,80.0,2.0,1,2.0,1.4433733095554304,2985776,12.957,25.358888888888888,24.277,433,cwpb-2m,0,1.0,330.359,-91.0,12,4.0,4326527.0,263.3,-70.0,-71.0,21.0,5235277.0,3306.0,390.0,3298.0,4.0,0,3.0,-32.0,49,165.97825362246428,58.64635121758068,4.222366277134397,2410,102.635
2026-07-13 14:44:49.446000+00:00,161,-37,80.0,1.0,4,2.0,0.000706719527335,2896,2.571,90.83333333333331,70.85,650,cwpb-2m,0,1.0,563.578,-91.0,12,0.0,1618433.0,216.0,-52.0,-49.0,39.0,7543059.0,15981.0,702.0,15981.0,4.0,3,3.0,-36.0,84,325.4965532029617,13.619997753150024,9.755554937567783,3508,13.204
2026-07-13 14:44:53.199000+00:00,161,-40,80.0,3.0,3,2.0,0.0012714575585535,2896,28.743,12.866666666666667,26.130000000000003,433,cwpb-2m,0,1.0,330.359,-91.0,11,2.0,5720075.0,135.0,-61.0,-63.0,30.0,5201324.0,1601.0,390.0,1601.0,4.0,2,3.0,-34.0,37,189.43099600319744,74.76993754760092,0.2304198029362066,105,103.72
2026-07-13 14:49:13.654000+00:00,161,-53,80.0,2.0,3,2.0,1.7856093098169177,4303456,10.364,27.154444444444447,25.198,433,cwpb-2m,0,1.0,330.359,-92.0,12,4.0,6092062.0,325.0,-69.0,-69.0,23.0,6009998.0,5742.0,390.0,5730.0,4.0,2,11.0,-48.0,44,195.3178439092635,118.4212696517413,0.1502217559254137,63,61.649
2026-07-13 14:50:29.081000+00:00,161,-40,80.0,3.0,3,2.0,0.0015646857965401,4344,24.867,17.383333333333336,21.028,433,cwpb-2m,0,1.0,330.359,-90.0,12,2.0,5450435.0,175.5,-61.0,-62.0,30.0,6277870.0,2352.0,390.0,2352.0,4.0,2,3.0,-34.0,37,228.78021818181816,93.33638942976356,2.576354875960658,1294,198.937
2026-07-13 14:54:49.566000+00:00,161,-53,80.0,2.0,3,2.0,0.0009604266544184,2896,38.474,6.877777777777776,20.61,433,cwpb-2m,0,1.0,299.7,-90.0,12,2.0,3689446.0,234.0,-67.0,-68.0,23.0,7529077.0,8491.0,351.0,8484.0,4.0,2,3.0,-29.0,50,248.07952522729545,47.80012023489599,2.800222903315687,1206,116.621
2026-07-13 14:56:04.836000+00:00,161,-41,80.0,3.0,3,2.0,0.0013980227375653,4344,36.65,5.67,18.905,433,cwpb-2m,0,1.0,330.359,-90.0,12,0.0,6356684.0,433.3,-62.0,-62.0,29.0,6941938.0,2221.0,390.0,2221.0,4.0,2,3.0,-35.0,45,253.1334548361311,136.13531501393868,0.0392391344968048,21,38.102
2026-07-13 15:00:25.289000+00:00,161,-55,80.0,2.0,3,2.0,0.0011435119862326,2896,34.395,3.823333333333335,17.041,433,cwpb-2m,0,1.0,330.359,-90.0,12,3.0,5638633.0,390.0,-70.0,-71.0,20.0,6503925.0,3979.0,390.0,3929.0,4.0,2,3.0,-29.0,43,220.48809754147516,90.3657633042097,1.995400432900433,1180,53.593
2026-07-13 15:01:40.743000+00:00,161,-41,80.0,3.0,3,2.0,0.0,0,20.556,11.282222222222222,24.129,433,cwpb-2m,0,1.0,330.359,-91.0,12,0.0,7207469.0,325.0,-61.0,-62.0,31.0,7143829.0,1958.0,390.0,1958.0,4.0,2,3.0,-35.0,45,261.5153573141487,170.43917893691008,0.0,0,20.008
2026-07-13 15:06:01.182000+00:00,161,-55,80.0,2.0,3,2.0,0.0009082743517448,2896,34.88,17.696666666666665,21.026000000000003,433,cwpb-2m,0,1.0,76.703,-89.0,12,2.0,5540905.0,234.0,-69.0,-69.0,20.0,7955438.0,5969.0,87.8,5936.0,4.0,2,3.0,-31.0,44,269.924230638553,96.59583923597296,0.1084188063605699,63,76.303
2026-07-13 15:07:16.120000+00:00,161,-40,80.0,3.0,3,2.0,0.0008449593239615,2896,32.915,10.013333333333335,21.410000000000004,433,cwpb-2m,0,1.0,330.359,-92.0,12,0.0,6951791.0,390.0,-61.0,-62.0,31.0,7747545.0,1793.0,390.0,1793.0,4.0,2,3.0,-40.0,45,284.9846842525979,174.62415851000594,0.0384249432774646,21,20.239
2026-07-13 15:11:36.566000+00:00,161,-53,80.0,2.0,3,2.0,0.003009181244732,8688,10.108,28.49888888888889,25.086,433,cwpb-2m,0,1.0,330.359,-91.0,12,4.0,6683860.0,390.0,-69.0,-69.0,23.0,7208684.0,4298.0,390.0,4281.0,4.0,2,11.0,-45.0,48,239.7703266040376,129.13086810456218,0.0502296211251435,21,29.306
2026-07-13 15:12:51.789000+00:00,161,-42,80.0,3.0,3,2.0,0.0008503336843269,2896,17.958,6.322222222222222,19.45,433,cwpb-2m,0,1.0,330.359,-92.0,12,1.0,6790711.0,390.0,-61.0,-61.0,31.0,7703478.0,1765.0,390.0,1765.0,4.0,2,3.0,-40.0,45,284.9846842525979,138.58568152866243,0.1353848798727812,63,21.107
2026-07-13 15:17:12.177000+00:00,161,-51,80.0,2.0,3,2.0,0.0009125137292984,2896,55.741,13.268888888888888,28.658,433,cwpb-2m,0,1.0,330.359,-91.0,12,3.0,7051918.0,433.3,-68.0,-69.0,22.0,7564076.0,3817.0,390.0,3797.0,4.0,2,3.0,-30.0,36,260.6511227894895,138.61505615743962,0.0502332256907068,21,31.479
2026-07-13 15:18:27.545000+00:00,161,-45,80.0,3.0,3,2.0,0.0008307518255828,2896,34.226,6.959999999999998,17.157999999999998,433,cwpb-2m,0,1.0,330.359,-92.0,12,2.0,7337470.0,390.0,-64.0,-65.0,29.0,7881886.0,1412.0,390.0,1412.0,4.0,2,3.0,-33.0,42,291.63192647352645,151.0316082248932,0.0,0,42.851
2026-07-13 15:22:48.193000+00:00,161,-53,80.0,2.0,4,2.0,0.0012424230399922,3344,49.668,8.545555555555556,20.744,433,cwpb-2m,0,1.0,330.359,-90.0,12,2.0,6155192.0,390.0,-71.0,-71.0,20.0,6837881.0,9300.0,390.0,9259.0,4.0,3,3.0,-31.0,41,220.46606415509143,112.5148614008942,0.1571121294304685,84,42.97
2026-07-13 15:24:03.510000+00:00,161,-39,80.0,3.0,3,2.0,0.0008619025866268,2896,27.322,11.54,20.518,433,cwpb-2m,0,1.0,330.359,-91.0,12,0.0,6892691.0,325.0,-61.0,-62.0,30.0,7527957.0,1599.0,390.0,1599.0,4.0,2,3.0,-33.0,42,277.4686967123014,160.51759840954276,0.0487510446652428,21,15.768
2026-07-13 15:28:24.182000+00:00,161,-54,80.0,2.0,3,2.0,0.0004591857677375,1448,34.767,14.966666666666663,22.49,433,cwpb-2m,0,1.0,101.39,-89.0,12,2.0,3485478.0,175.5,-71.0,-72.0,18.0,7477759.0,6750.0,117.0,6745.0,4.0,2,3.0,-30.0,37,259.8649425402218,49.22696160732047,2.7864855451062347,1200,228.382
2026-07-13 15:29:39.195000+00:00,161,-41,80.0,3.0,3,2.0,0.0015184354421512,4344,80.865,3.645555555555556,17.271,433,cwpb-2m,0,1.0,330.359,-91.0,12,0.0,6837631.0,433.3,-62.0,-62.0,30.0,6427669.0,2044.0,390.0,2044.0,4.0,2,3.0,-33.0,42,233.80835484515484,136.84787744951757,0.0,0,34.164
2026-07-13 15:33:59.830000+00:00,161,-55,80.0,2.0,3,2.0,0.0010750851017468,2896,53.759,6.333333333333333,18.860000000000003,433,cwpb-2m,0,1.0,330.359,-91.0,12,2.0,5185182.0,175.5,-67.0,-68.0,23.0,6599286.0,5867.0,390.0,5851.0,4.0,2,3.0,-33.0,41,222.98088617967423,71.21183334990553,0.0928340922151982,42,81.042
2026-07-13 15:35:14.825000+00:00,161,-40,80.0,3.0,3,2.0,0.0004950647379199,1448,43.811,7.051111111111112,19.641,433,cwpb-2m,0,1.0,330.359,-91.0,12,0.0,6657563.0,234.0,-61.0,-61.0,31.0,6787043.0,2618.0,390.0,2618.0,4.0,2,3.0,-40.0,38,243.9621155306816,161.71237705081035,0.141643059490085,84,34.994
2026-07-13 15:39:35.239000+00:00,161,-53,80.0,2.0,3,2.0,0.000486720359362,1448,31.871,7.005555555555556,20.246,433,cwpb-2m,0,1.0,227.171,-89.0,12,0.0,5320443.0,263.3,-67.0,-67.0,22.0,7600974.0,5855.0,263.3,5827.0,4.0,2,3.0,-34.0,35,257.3758400959424,107.83228368794326,0.0420681504036539,21,78.306
2026-07-13 15:40:50.342000+00:00,161,-42,80.0,3.0,3,2.0,0.0008747154486612,2896,31.65,3.995555555555555,13.934,433,cwpb-2m,0,1.0,330.359,-91.0,12,0.0,6538349.0,234.0,-62.0,-63.0,29.0,7644551.0,3834.0,390.0,3834.0,4.0,2,3.0,-40.0,38,278.3347847291625,111.82185254002768,0.0768991339692769,42,66.548
2026-07-13 15:45:11.184000+00:00,161,-51,80.0,2.0,4,2.0,0.0005098118788533,1448,25.435,7.680000000000001,20.056,433,cwpb-2m,0,1.0,330.359,-91.0,12,2.0,6102152.0,390.0,-65.0,-66.0,26.0,7025225.0,3857.0,390.0,3838.0,4.0,3,3.0,-29.0,42,242.285399960024,126.33321327947984,0.1155730036139494,63,36.326
2026-07-13 15:46:26.219000+00:00,161,-42,80.0,3.0,3,2.0,0.0008318540731252,2896,50.754,6.397777777777778,18.702,433,cwpb-2m,0,1.0,330.359,-90.0,12,1.0,5826853.0,200.0,-62.0,-63.0,28.0,7914615.0,2631.0,390.0,2631.0,4.0,2,3.0,-41.0,35,291.690206235012,112.27681889451226,0.1690594391520193,63,110.15
2026-07-13 15:50:47.424000+00:00,161,-52,80.0,2.0,3,2.0,0.0004714250768553,1448,28.689,8.614444444444445,20.154,433,cwpb-2m,0,1.0,251.312,-91.0,12,1.0,6000624.0,234.0,-69.0,-69.0,22.0,7580140.0,6992.0,292.5,6980.0,4.0,2,11.0,-50.0,51,255.7246816591704,92.1995242221347,0.0860461781155887,42,64.157
2026-07-13 15:52:02.094000+00:00,161,-41,80.0,3.0,3,2.0,0.001282271654516,4344,15.985,8.482222222222223,17.865999999999996,433,cwpb-2m,0,1.0,330.359,-89.0,12,0.0,5644539.0,263.3,-62.0,-63.0,27.0,7498208.0,2046.0,390.0,2046.0,4.0,2,3.0,-41.0,35,279.14524472869,96.28080206472106,0.1177130044843049,63,37.939
2026-07-13 15:56:22.990000+00:00,161,-56,80.0,2.0,3,2.0,0.0009249077372594,2896,23.779,15.02222222222222,25.540000000000003,390,cwpb-2m,0,1.0,330.359,-89.0,12,2.0,5535923.0,234.0,-67.0,-68.0,22.0,7507305.0,4442.0,390.0,4439.0,4.0,2,8.0,-50.0,40,263.9771748251748,110.38736241078507,0.0694272253905281,42,86.903
2026-07-13 15:57:37.360000+00:00,161,-41,80.0,3.0,3,2.0,0.0008975138593371,2896,22.464,17.583333333333332,24.915,433,cwpb-2m,0,1.0,330.359,-91.0,14,0.0,7844589.0,200.0,-61.0,-62.0,31.0,7316537.0,2850.0,390.0,2850.0,4.0,2,3.0,-38.0,46,268.2744913052169,120.58467667229898,0.0,0,51.09
2026-07-13 16:01:58.254000+00:00,161,-56,80.0,2.0,3,2.0,0.0014185283523325,4344,35.862,6.684444444444444,18.792000000000005,390,cwpb-2m,0,1.0,299.7,-92.0,12,3.0,6429930.0,390.0,-64.0,-64.0,28.0,7747255.0,5835.0,351.0,5802.0,4.0,2,3.0,-32.0,38,259.76111077814403,154.84773023901616,2.316390812693196,1184,29.017
2026-07-13 16:03:13.002000+00:00,161,-41,80.0,3.0,3,2.0,0.0008451557075652,2896,11.533,6.661111111111111,15.485,433,cwpb-2m,0,1.0,330.359,-91.0,12,0.0,6525146.0,234.0,-62.0,-62.0,30.0,7933708.0,1342.0,390.0,1342.0,4.0,2,3.0,-38.0,46,294.1753829553402,137.3284200477327,0.0441269174196259,21,76.974
2026-07-13 16:07:33.950000+00:00,161,-56,80.0,2.0,3,2.0,0.0019898340915361,5792,25.818,22.56777777777777,40.397000000000006,390,cwpb-2m,0,1.0,330.359,-92.0,12,4.0,6437256.0,263.3,-65.0,-64.0,27.0,7286308.0,7659.0,390.0,7554.0,4.0,2,3.0,-32.0,41,239.74636634355952,139.6577290655039,2.0496688741721854,1238,53.666
2026-07-13 16:08:48.673000+00:00,161,-42,80.0,3.0,3,2.0,0.0,0,23.276,12.727777777777778,23.711,433,cwpb-2m,0,1.0,330.359,-91.0,12,0.0,7521420.0,433.3,-62.0,-62.0,30.0,7628806.0,2251.0,390.0,2251.0,4.0,2,3.0,-38.0,46,277.41325287241483,208.02344308335825,0.0,0,13.402
2026-07-13 16:10:08.474000+00:00,161,-47,80.0,1.0,6,2.0,0.0,0,2.542,1.7844444444444445,3.659,867,cwpb-2m,0,1.0,619.0,-92.0,12,0.0,0.0,702.0,-56.0,-52.0,37.0,0.0,0.0,780.0,0.0,4.0,5,3.0,-34.0,93,529.3841881355523,351.92677528980045,0.0336419851975265,21,3.119
2026-07-13 16:13:09.646000+00:00,161,-50,80.0,2.0,3,2.0,0.0009298745152322,2896,26.619,10.98111111111111,25.952,433,cwpb-2m,0,1.0,330.359,-91.0,12,3.0,6707630.0,325.0,-62.0,-62.0,29.0,7544857.0,4590.0,390.0,4569.0,4.0,2,8.0,-49.0,43,259.8130162853432,151.0835852261505,0.0,0,39.734
2026-07-13 16:14:24.383000+00:00,161,-47,80.0,3.0,3,2.0,0.0008679508871189,2896,40.249,5.011111111111111,15.015,433,cwpb-2m,0,1.0,330.359,-91.0,13,0.0,6799555.0,325.0,-69.0,-70.0,22.0,7963468.0,2840.0,390.0,2839.0,4.0,2,3.0,-37.0,37,289.98485043460886,139.4626926441352,0.20062096966802,84,49.332
2026-07-13 16:15:53.348000+00:00,161,-38,80.0,1.0,5,2.0,0.000217980900664,1448,2.874,3.730444444444444,4.3803,867,cwpb-2m,0,1.0,619.0,-90.0,13,0.0,6486050.0,866.7,-57.0,-58.0,33.0,9139519.0,3677.0,780.0,3677.0,4.0,4,3.0,-33.0,85,530.171145871613,378.0971675425252,0.0,0,2.784
2026-07-13 16:18:45.412000+00:00,161,-50,80.0,2.0,3,2.0,0.0009166079923608,2896,62.408,13.993333333333336,25.383,433,cwpb-2m,0,1.0,5.242,-91.0,13,3.0,6275602.0,325.0,-67.0,-67.0,24.0,7667192.0,6142.0,6.0,6129.0,4.0,2,3.0,-32.0,47,259.8649425402218,152.46326325211336,0.0904957876365516,42,43.371
2026-07-13 16:20:00.027000+00:00,161,-46,80.0,3.0,3,2.0,0.0,0,20.212,9.7,18.175,433,cwpb-2m,0,1.0,330.359,-92.0,13,1.0,6334796.0,433.3,-62.0,-62.0,30.0,7916690.0,2757.0,390.0,2757.0,4.0,2,3.0,-37.0,37,290.04280683521534,141.90235020383813,0.0474908975779642,21,27.954
2026-07-13 16:21:38.221000+00:00,161,-51,80.0,1.0,4,2.0,0.0,0,2.83,5.38111111111111,7.415,867,cwpb-2m,0,1.0,619.0,-92.0,13,0.0,5785188.0,866.7,-56.0,-51.0,36.0,8232460.0,4223.0,780.0,4223.0,4.0,3,3.0,-31.0,91,475.8343471338225,234.30238856759445,0.0954285194946832,42,2.947
2026-07-13 16:24:21.048000+00:00,161,-54,80.0,2.0,3,2.0,0.0005856831469706,1448,13.921,24.1,16.241,433,cwpb-2m,0,1.0,299.7,-92.0,13,0.0,6506579.0,390.0,-67.0,-68.0,24.0,6541656.0,5557.0,351.0,5536.0,4.0,2,3.0,-35.0,44,210.46987285085964,132.61218084047002,0.0488906479174912,21,54.61
2026-07-13 16:25:35.781000+00:00,161,-43,80.0,3.0,3,2.0,0.0008601085685108,2896,28.697,4.727777777777779,17.381999999999998,433,cwpb-2m,0,1.0,330.359,-91.0,13,2.0,7040154.0,325.0,-65.0,-65.0,27.0,7899268.0,4338.0,390.0,4337.0,4.0,2,3.0,-42.0,39,281.6319232613909,146.4799872915012,0.1288554364722245,63,30.553
2026-07-13 16:27:22.940000+00:00,161,-34,80.0,1.0,5,2.0,0.0002130869555241,1448,2.283,4.651777777777777,4.3092,867,cwpb-2m,0,1.0,619.0,-92.0,13,0.0,6983072.0,866.7,-51.0,-45.0,41.0,9157878.0,1677.0,780.0,1677.0,4.0,4,3.0,-31.0,90,542.16820813423,420.75713898569495,0.0,0,2.376
2026-07-13 16:37:03.460000+00:00,161,-37,80.0,1.0,5,2.0,0.0,0,2.277,2.1466666666666665,4.035,780,cwpb-2m,0,1.0,619.0,-92.0,13,0.0,6790037.0,866.7,-56.0,-55.0,36.0,10039790.0,2662.0,780.0,2662.0,4.0,4,7.0,-47.0,87,546.3439671972066,358.245931918269,0.0864553314121037,42,1.765
2026-07-13 16:38:28.627000+00:00,161,-55,80.0,2.0,3,2.0,0.1576474226232602,198376,19.413,20.51222222222222,47.557,433,cwpb-2m,0,1.0,330.359,-91.0,13,0.0,0.0,325.0,-65.0,-66.0,26.0,0.0,0.0,390.0,0.0,4.0,2,3.0,-32.0,43,107.26691548451548,35.40510597609562,2.5326025326025325,1206,250.509
2026-07-13 16:39:53.246000+00:00,161,-51,80.0,3.0,3,2.0,0.0007940012111808,2896,27.429,3.443333333333333,14.295999999999998,433,cwpb-2m,0,1.0,330.359,-90.0,13,4.0,7046121.0,390.0,-64.0,-66.0,26.0,8165428.0,941.0,390.0,941.0,4.0,2,3.0,-43.0,42,299.26382092535226,177.2667287562189,0.0392817059483726,21,32.065
2026-07-13 16:42:48.217000+00:00,161,-41,80.0,1.0,5,2.0,0.0,0,2.161,3.143333333333333,4.173,867,cwpb-2m,0,1.0,619.0,-91.0,13,0.0,5893609.0,866.7,-58.0,-59.0,33.0,8940168.0,3959.0,780.0,3959.0,4.0,4,3.0,-34.0,82,531.9851700351563,314.5439594135251,0.0905679906844352,42,2.272
2026-07-13 16:44:04.274000+00:00,161,-52,80.0,2.0,3,2.0,0.6253097648511069,752960,17.09,20.15555555555556,51.635000000000005,433,cwpb-2m,0,1.0,330.359,-92.0,13,0.0,4637135.0,292.5,-65.0,-66.0,27.0,5183932.0,1467.0,390.0,1465.0,4.0,2,3.0,-34.0,40,97.24950309814112,36.69859168411606,4.17670538314934,2323,257.185
2026-07-13 16:45:28.795000+00:00,161,-44,80.0,3.0,3,2.0,0.0,0,14.441,9.084444444444443,18.046,433,cwpb-2m,0,1.0,330.359,-91.0,13,0.0,6575027.0,87.8,-65.0,-66.0,26.0,7971778.0,2176.0,390.0,2176.0,4.0,2,3.0,-43.0,42,292.5576288597981,99.38268801591248,0.0430442535921454,21,74.308
2026-07-13 16:48:32.057000+00:00,161,-40,80.0,1.0,5,2.0,0.0,0,2.404,1.866666666666667,4.198,867,cwpb-2m,0,1.0,619.0,-92.0,13,0.0,6350134.0,866.7,-57.0,-52.0,35.0,8535261.0,5010.0,780.0,5010.0,4.0,4,3.0,-32.0,73,495.6599169259591,289.20469842449523,0.0,0,2.658
2026-07-13 16:49:39.951000+00:00,161,-52,80.0,2.0,3,2.0,0.5902814446782141,863008,18.021,25.84777777777778,52.53,433,cwpb-2m,0,1.0,330.359,-92.0,13,0.0,4895101.0,263.3,-66.0,-66.0,26.0,5145355.0,1743.0,390.0,1737.0,4.0,2,3.0,-37.0,42,119.0349091635855,33.84862249676198,0.0976222020779583,42,255.923
2026-07-13 16:51:04.505000+00:00,161,-43,80.0,3.0,3,2.0,0.0008365618187408,2896,30.962,4.642222222222224,17.756999999999998,433,cwpb-2m,0,1.0,330.359,-92.0,13,1.0,7282456.0,390.0,-63.0,-63.0,30.0,7939452.0,1223.0,390.0,1223.0,4.0,2,3.0,-40.0,42,293.3959028679924,184.40510428472012,0.0428562682394236,21,20.698
2026-07-13 16:54:15.684000+00:00,161,-39,80.0,1.0,6,2.0,6.65843799487827e-05,464,2.513,1.5417777777777777,3.3054,867,cwpb-2m,0,1.0,619.0,-91.0,13,1.0,6365655.0,866.7,-57.0,-52.0,34.0,9222347.0,2665.0,780.0,2665.0,4.0,5,3.0,-35.0,82,556.8794019297924,360.67638810028046,0.0,0,2.328
2026-07-13 16:55:15.568000+00:00,161,-54,80.0,2.0,3,2.0,1.1958123514116676,1437864,3.14,9.29,12.154,433,cwpb-2m,0,1.0,330.359,-91.0,13,0.0,5246632.0,263.3,-66.0,-67.0,25.0,5448206.0,1916.0,390.0,1915.0,4.0,2,3.0,-31.0,33,98.07805895872887,37.396912532376966,0.1002937173149939,42,187.908
2026-07-13 16:56:40.183000+00:00,161,-43,80.0,3.0,3,2.0,0.0,0,13.364,8.577777777777778,16.317,433,cwpb-2m,0,1.0,330.359,-91.0,13,0.0,7393588.0,325.0,-63.0,-63.0,29.0,7966901.0,1204.0,390.0,1204.0,4.0,2,3.0,-40.0,42,295.1019404357386,159.12161654733492,0.0947119179163378,42,38.819
2026-07-13 17:00:00.536000+00:00,161,-40,80.0,1.0,6,2.0,0.0,0,2.0,0.9611111111111112,3.122,780,cwpb-2m,0,1.0,619.0,-92.0,12,0.0,5963506.0,866.7,-58.0,-59.0,34.0,8844898.0,2712.0,780.0,2712.0,4.0,5,3.0,-36.0,83,527.35796674877,320.6867853852674,0.1032067821599705,42,2.273
2026-07-13 17:02:15.780000+00:00,161,-41,80.0,3.0,3,2.0,0.0,0,12.373,10.964444444444444,22.055,433,cwpb-2m,0,1.0,330.359,-91.0,13,0.0,7277671.0,234.0,-62.0,-63.0,29.0,8013967.0,1456.0,390.0,1456.0,4.0,2,3.0,-42.0,45,295.9107248925752,174.72793640699524,0.0,0,23.244
2026-07-13 17:05:44.350000+00:00,161,-38,80.0,1.0,6,2.0,0.0,0,2.551,14.653333333333334,11.572,867,cwpb-2m,0,1.0,619.0,-92.0,13,0.0,6332904.0,526.6,-55.0,-51.0,37.0,9374867.0,2017.0,780.0,2017.0,4.0,5,3.0,-36.0,79,567.6695667586231,373.7990011147282,0.0,0,2.767
2026-07-13 17:07:51.994000+00:00,161,-43,80.0,3.0,3,2.0,0.0,0,15.711,6.335555555555555,18.111,433,cwpb-2m,0,1.0,330.359,-91.0,15,1.0,6557507.0,263.3,-63.0,-64.0,28.0,7643760.0,2309.0,390.0,2309.0,4.0,2,3.0,-42.0,45,282.44189189729246,119.60466766198866,2.954184483811851,1209,101.713
2026-07-13 17:11:28.218000+00:00,161,-39,80.0,1.0,5,2.0,0.0,0,2.862,4.536666666666667,6.583,867,cwpb-2m,0,1.0,619.0,-91.0,15,0.0,5099321.0,702.0,-57.0,-53.0,34.0,8729389.0,1810.0,780.0,1810.0,4.0,4,3.0,-34.0,85,527.156423304378,224.87652544537173,0.1804705124073477,84,2.726
2026-07-13 17:13:27.542000+00:00,161,-42,80.0,3.0,3,2.0,0.0006497270500252,1448,41.807,32.27111111111111,42.636,433,cwpb-2m,0,1.0,330.359,-91.0,13,0.0,7175811.0,263.3,-62.0,-63.0,29.0,5098350.0,996.0,390.0,996.0,4.0,2,3.0,-47.0,42,187.7546155075939,114.96498111715276,0.0450740502253702,21,47.813
2026-07-13 17:17:13.005000+00:00,161,-49,80.0,1.0,5,2.0,0.0,0,2.249,7.605555555555555,8.096,867,cwpb-2m,0,1.0,619.0,-91.0,13,0.0,5878852.0,866.7,-56.0,-53.0,35.0,8732276.0,2477.0,780.0,2477.0,4.0,4,3.0,-34.0,90,526.214794410519,285.2795100682624,0.1356384696535836,63,3.117
2026-07-13 17:19:03.332000+00:00,161,-42,80.0,3.0,3,2.0,0.0008190384353017,2896,37.23,5.02,17.064,433,cwpb-2m,0,1.0,330.359,-91.0,12,0.0,7010772.0,234.0,-62.0,-62.0,30.0,7942304.0,1614.0,390.0,1614.0,4.0,2,3.0,-47.0,42,293.42522486508096,161.16692399522483,0.1685979607675221,63,38.23
2026-07-13 17:22:58.040000+00:00,161,-39,80.0,1.0,5,2.0,0.0,0,1.629,14.556666666666665,13.037999999999998,867,cwpb-2m,0,1.0,619.0,-90.0,12,0.0,5725845.0,650.0,-57.0,-57.0,34.0,8510662.0,2642.0,780.0,2642.0,4.0,4,3.0,-38.0,83,530.7966780883236,189.46037564819173,0.1548824859868227,63,2.86
2026-07-13 17:24:38.578000+00:00,161,-43,80.0,3.0,3,2.0,0.0004813343716327,1448,24.807,5.847777777777777,17.226999999999997,433,cwpb-2m,0,1.0,330.359,-91.0,12,0.0,6686258.0,234.0,-62.0,-63.0,29.0,7069234.0,276.0,390.0,276.0,4.0,2,3.0,-40.0,38,264.00354880607455,107.706821140639,0.1914870335922967,105,81.007
2026-07-13 17:28:42.777000+00:00,161,-38,80.0,1.0,4,2.0,0.0,0,2.133,3.928888888888889,5.351,867,cwpb-2m,0,1.0,619.0,-91.0,13,0.0,5504893.0,780.0,-56.0,-53.0,35.0,8361857.0,3351.0,780.0,3351.0,4.0,3,3.0,-37.0,82,504.2065561072817,219.01469161625775,2.032678302891033,1203,2.958
2026-07-13 17:30:14.229000+00:00,161,-41,80.0,3.0,3,2.0,0.001206769121365,2896,26.917,10.212222222222223,23.408,433,cwpb-2m,0,1.0,330.359,-91.0,12,1.0,6549802.0,234.0,-62.0,-63.0,29.0,5729381.0,880.0,390.0,880.0,4.0,2,3.0,-40.0,38,209.58944633220068,94.66093679705384,0.224887556221889,84,48.951
2026-07-13 17:34:26.728000+00:00,161,-39,80.0,1.0,5,2.0,0.0,0,2.852,1.4566666666666666,4.387,780,cwpb-2m,0,1.0,619.0,-91.0,11,1.0,5472845.0,650.0,-56.0,-57.0,34.0,8529975.0,2701.0,780.0,2701.0,4.0,4,3.0,-34.0,88,534.3871540937779,176.62464246415843,0.2202828011580581,105,3.969
2026-07-13 17:35:49.890000+00:00,161,-42,80.0,3.0,3,2.0,0.0008599865210178,2896,51.357,11.914444444444444,22.35,433,cwpb-2m,0,1.0,330.359,-91.0,11,0.0,6573294.0,263.3,-62.0,-63.0,30.0,7691566.0,808.0,390.0,808.0,4.0,2,3.0,-40.0,38,286.66106474820145,100.02828847110317,0.1458738538482911,63,57.589
2026-07-13 17:40:10.571000+00:00,161,-38,80.0,1.0,4,2.0,0.0,0,1.634,2.5522222222222224,4.207,780,cwpb-2m,0,1.0,619.0,-92.0,10,0.0,5494208.0,468.0,-57.0,-55.0,35.0,8869496.0,2510.0,780.0,2510.0,4.0,3,3.0,-35.0,87,541.4556951178405,249.39801194576535,0.1539420151742843,84,2.013
2026-07-13 17:41:25.524000+00:00,161,-44,80.0,3.0,3,2.0,0.0008516879738058,2896,40.657,8.399999999999999,21.241,433,cwpb-2m,0,1.0,330.359,-91.0,8,0.0,7364810.0,234.0,-63.0,-63.0,29.0,7568252.0,2360.0,390.0,2360.0,4.0,2,3.0,-36.0,46,279.11735251798564,139.22007070506456,0.0461639920861727,21,44.288
2026-07-13 17:45:55.432000+00:00,161,-37,80.0,1.0,4,2.0,0.0,0,2.015,1.5766666666666669,4.515,780,cwpb-2m,0,1.0,619.0,-91.0,8,0.0,6007908.0,526.6,-57.0,-58.0,34.0,8938050.0,1906.0,780.0,1906.0,4.0,3,3.0,-39.0,93,556.7786058658658,254.84530363978968,0.0411974732216424,21,2.085
2026-07-13 17:47:01.250000+00:00,161,-43,80.0,3.0,3,2.0,0.0008185590768896,2896,20.624,9.603333333333332,18.393,433,cwpb-2m,0,1.0,330.359,-90.0,8,3.0,6995274.0,263.3,-63.0,-64.0,27.0,7783782.0,1082.0,390.0,1082.0,4.0,2,3.0,-36.0,46,289.1756354916067,150.4066498460316,2.313763003706804,1161,24.823
2026-07-13 17:51:40.381000+00:00,161,-38,80.0,1.0,5,2.0,0.0,0,2.564,2.8811111111111107,5.063,867,cwpb-2m,0,1.0,619.0,-91.0,10,0.0,6564479.0,526.6,-57.0,-53.0,34.0,8917650.0,1582.0,780.0,1582.0,4.0,4,3.0,-37.0,91,561.96347627761,260.80141328862106,0.0532636678376219,42,3.119
2026-07-13 17:52:36.953000+00:00,161,-44,80.0,3.0,3,2.0,0.0004090970342453,1448,37.381,7.2844444444444445,14.825000000000005,433,cwpb-2m,0,1.0,330.359,-92.0,11,1.0,7172386.0,433.3,-63.0,-63.0,29.0,7992209.0,2808.0,390.0,2808.0,4.0,2,3.0,-42.0,43,291.7193548516039,164.62923818019624,0.0461568894652394,21,13.866
2026-07-13 17:57:24.340000+00:00,161,-39,80.0,1.0,5,2.0,0.0,0,2.33,2.3144444444444443,4.147,780,cwpb-2m,0,1.0,619.0,-92.0,11,0.0,6273918.0,866.7,-58.0,-52.0,34.0,9073958.0,3273.0,780.0,3273.0,4.0,4,3.0,-36.0,89,544.911504917481,254.8771437185839,0.0431255775746996,21,1.632
2026-07-13 17:58:12.725000+00:00,161,-45,80.0,3.0,3,2.0,0.0008491422947385,2896,33.676,5.68,14.422,433,cwpb-2m,0,1.0,330.359,-91.0,11,3.0,7520150.0,234.0,-64.0,-65.0,27.0,7881424.0,1955.0,390.0,1955.0,4.0,2,3.0,-42.0,43,289.1467439304626,119.44747959082332,0.0419295583419854,21,46.949
2026-07-13 18:03:08.217000+00:00,161,-38,80.0,1.0,4,2.0,0.0002199866263627,1448,2.343,1.787777777777778,4.131,650,cwpb-2m,0,1.0,619.0,-91.0,11,0.0,6351172.0,650.0,-56.0,-53.0,35.0,8954528.0,5333.0,780.0,5333.0,4.0,3,3.0,-40.0,79,525.4045422236162,273.449823488049,0.0905601793954029,42,1.301
2026-07-13 18:03:48.423000+00:00,161,-42,80.0,3.0,3,2.0,0.0008452735815509,2896,32.136,5.081111111111111,17.677,433,cwpb-2m,0,1.0,330.359,-91.0,11,1.0,4804364.0,234.0,-61.0,-62.0,30.0,7736561.0,1293.0,390.0,1293.0,4.0,2,3.0,-38.0,51,288.3086374263163,72.04593974346227,4.121698016240107,2406,122.807
2026-07-13 18:08:52.160000+00:00,161,-38,80.0,1.0,5,2.0,0.0001451163601621,944,3.945,17.255555555555553,13.713,867,cwpb-2m,0,1.0,619.0,-91.0,11,0.0,5215670.0,866.7,-58.0,-56.0,33.0,8731195.0,2681.0,780.0,2681.0,4.0,4,3.0,-35.0,75,519.1363082267744,251.22354438521157,0.0393833689659052,21,2.622
2026-07-13 18:09:24.093000+00:00,161,-43,80.0,3.0,3,2.0,0.000856542844486,2896,23.622,7.688888888888889,14.662,433,cwpb-2m,0,1.0,330.359,-91.0,12,4.0,7374988.0,390.0,-63.0,-63.0,29.0,7554214.0,1848.0,390.0,1848.0,4.0,2,3.0,-38.0,51,276.54751648351646,160.8379779170397,0.0392134894403674,21,30.065
2026-07-13 18:14:37.307000+00:00,161,-39,80.0,1.0,5,2.0,0.0,0,3.287,1.971111111111111,4.37,324,cwpb-2m,0,1.0,619.0,-91.0,11,0.0,6102285.0,780.0,-57.0,-53.0,33.0,8942276.0,1562.0,780.0,1562.0,4.0,4,3.0,-36.0,73,541.6032503489314,302.9959961163068,0.0532521871434005,21,2.977
2026-07-13 18:14:59.939000+00:00,161,-44,80.0,3.0,3,2.0,0.1069190280759999,205616,11.658,220.65,268.34000000000003,433,cwpb-2m,0,1.0,330.359,-92.0,11,0.0,5781417.0,234.0,-62.0,-63.0,30.0,4691074.0,2636.0,390.0,2636.0,4.0,2,3.0,-41.0,40,160.91644879608353,130.91589996030172,2.0657405662801254,1206,91.388
2026-07-13 18:20:21.817000+00:00,161,-38,80.0,1.0,5,2.0,0.0,0,2.864,38.61666666666667,37.422,867,cwpb-2m,0,1.0,619.0,-91.0,11,0.0,4462915.0,526.6,-58.0,-59.0,33.0,8785117.0,1763.0,780.0,1763.0,4.0,4,3.0,-36.0,79,543.327523893565,215.6041282170376,1.9580738018182116,1204,1.51
2026-07-13 18:20:35.723000+00:00,161,-44,80.0,3.0,3,2.0,0.0014754399969936,2896,23.768,6.7988888888888885,18.311,433,cwpb-2m,0,1.0,330.359,-91.0,11,3.0,6939752.0,325.0,-63.0,-64.0,28.0,4865381.0,1005.0,390.0,1005.0,4.0,2,3.0,-41.0,40,175.19926771260117,145.42750476190477,0.0473858790080556,21,26.318
2026-07-13 18:26:06.669000+00:00,161,-40,80.0,1.0,6,2.0,0.0075892605202487,46336,2.483,50.84111111111111,55.675,780,cwpb-2m,0,1.0,619.0,-92.0,12,0.0,1352672.0,585.0,-57.0,-56.0,35.0,7789867.0,3744.0,780.0,3744.0,4.0,5,3.0,-37.0,83,487.202745471542,8.22764918967498,3.441571067470348,1239,12.021
2026-07-13 18:26:11.593000+00:00,161,-43,80.0,3.0,3,2.0,0.0005041852810154,1448,25.395,23.577777777777783,39.440000000000005,433,cwpb-2m,0,1.0,330.359,-90.0,12,0.0,4721441.0,6.0,-63.0,-62.0,27.0,6737390.0,1486.0,390.0,1486.0,4.0,2,3.0,-40.0,40,249.58118849840253,74.17097943640518,0.3116189345600237,84,65.705
2026-07-13 18:31:47.200000+00:00,161,-43,80.0,3.0,3,2.0,0.0004822791714283,1448,33.644,4.247777777777778,17.975,433,cwpb-2m,0,1.0,330.359,-92.0,11,0.0,6797275.0,234.0,-62.0,-62.0,31.0,6893904.0,2265.0,390.0,2265.0,4.0,2,3.0,-40.0,40,249.85559060469765,158.01031012218138,0.0430839932706905,21,21.438
2026-07-13 18:37:22.732000+00:00,161,-41,80.0,3.0,3,2.0,0.0008600271996668,2896,17.295,7.493333333333333,16.468,433,cwpb-2m,0,1.0,330.359,-91.0,10,0.0,6451966.0,263.3,-61.0,-62.0,30.0,7898637.0,840.0,390.0,840.0,4.0,2,3.0,-41.0,38,291.7193548516039,155.194244192972,0.0709124062943202,42,33.4
2026-07-13 18:42:58.419000+00:00,161,-41,80.0,3.0,3,2.0,0.0008429614119277,2896,28.554,7.468888888888888,19.182,433,cwpb-2m,0,1.0,330.359,-91.0,11,0.0,6913327.0,234.0,-62.0,-62.0,30.0,7820118.0,666.0,390.0,666.0,4.0,2,3.0,-41.0,38,287.47053092217004,148.33717546475793,0.0341769061762551,21,16.959
2026-07-13 18:48:34.064000+00:00,161,-41,80.0,3.0,3,2.0,0.00080732800479,2896,38.955,7.036666666666667,16.173,433,cwpb-2m,0,1.0,330.359,-91.0,11,2.0,6748199.0,325.0,-61.0,-62.0,30.0,7994449.0,1067.0,390.0,1067.0,4.0,2,3.0,-38.0,40,295.9107248925752,115.82500855040765,0.1897490343129503,84,41.212
2026-07-13 18:54:10.241000+00:00,161,-41,80.0,3.0,3,2.0,0.000941966461154,2896,15.12,7.5,14.642,433,cwpb-2m,0,1.0,330.359,-91.0,11,0.0,5223201.0,234.0,-61.0,-61.0,30.0,6976610.0,594.0,390.0,594.0,4.0,2,3.0,-38.0,40,257.3758400959424,94.89800716845878,4.7590493893785855,2381,181.954
2026-07-13 18:59:45.542000+00:00,161,-41,80.0,3.0,4,2.0,0.0008229308545989,2896,36.646,9.156666666666666,19.159,433,cwpb-2m,0,1.0,330.359,-90.0,10,0.0,7208244.0,263.3,-61.0,-62.0,29.0,8047195.0,1185.0,390.0,1185.0,4.0,3,3.0,-40.0,47,294.23417687618667,154.8428834343635,0.0821724839568007,42,50.081
2026-07-13 19:05:05.418000+00:00,161,-41,80.0,1.0,4,2.0,0.0002258082400495,1448,2.722,0.3344444444444444,2.816,867,cwpb-2m,0,1.0,619.0,-91.0,9,0.0,0.0,866.7,-55.0,-52.0,35.0,0.0,0.0,780.0,0.0,4.0,3,3.0,-38.0,103,512.3084506957816,298.44543145799537,0.0755871501844686,42,2.561
2026-07-13 19:07:54.888000+00:00,161,-41,80.0,3.0,4,2.0,0.0008339908498763,2896,39.263,8.49111111111111,21.375,433,cwpb-2m,0,1.0,330.359,-91.0,9,3.0,7313615.0,263.3,-63.0,-63.0,29.0,8083280.0,1265.0,390.0,1265.0,4.0,3,3.0,-40.0,47,284.2032892264641,167.43458187599364,0.0451176281018369,21,20.08
2026-07-13 19:10:50.239000+00:00,161,-39,80.0,1.0,5,2.0,0.0,0,2.51,3.065555555555556,6.015,867,cwpb-2m,0,1.0,619.0,-92.0,10,0.0,5592663.0,866.7,-56.0,-52.0,36.0,8708575.0,1830.0,780.0,1830.0,4.0,4,3.0,-37.0,74,526.956955307974,302.7025729541669,0.0442673749446657,21,1.802
2026-07-13 19:13:31.434000+00:00,161,-43,80.0,3.0,3,2.0,0.0008416347112846,2896,44.712,12.32,20.504,433,cwpb-2m,0,1.0,330.359,-92.0,8,4.0,7354878.0,263.3,-62.0,-63.0,30.0,8013072.0,1571.0,390.0,1571.0,4.0,2,3.0,-41.0,33,290.1007864067966,131.94347206509875,0.0821419491111067,42,53.407
2026-07-13 19:16:34.990000+00:00,161,-47,80.0,1.0,5,2.0,0.0,0,2.419,0.8600000000000001,3.091,867,cwpb-2m,0,1.0,619.0,-91.0,11,0.0,6492645.0,866.7,-56.0,-51.0,35.0,9021667.0,3177.0,780.0,3177.0,4.0,4,3.0,-36.0,88,542.866705823926,356.0068262054688,0.0864428756663305,42,4.063
2026-07-13 19:19:06.939000+00:00,161,-43,80.0,3.0,3,2.0,0.0008462177584313,2896,13.339,6.405555555555555,19.359,433,cwpb-2m,0,1.0,330.359,-89.0,11,1.0,6348620.0,234.0,-62.0,-63.0,28.0,7992300.0,1313.0,390.0,1313.0,4.0,2,3.0,-41.0,33,289.2334359384369,77.77241923648984,8.179621799934953,3521,132.576
2026-07-13 19:22:19.066000+00:00,161,-38,80.0,1.0,5,2.0,0.0,0,2.64,2.2444444444444445,4.435,867,cwpb-2m,0,1.0,619.0,-92.0,11,0.0,6488136.0,702.0,-57.0,-58.0,35.0,8305233.0,2753.0,780.0,2753.0,4.0,4,3.0,-37.0,81,500.6752470054431,292.24960649480573,0.0,0,1.979
2026-07-13 19:24:42.749000+00:00,161,-42,80.0,3.0,3,2.0,0.0008596205862697,2896,41.774,4.001111111111111,20.584,433,cwpb-2m,0,1.0,330.359,-91.0,11,0.0,7463850.0,263.3,-62.0,-63.0,30.0,7771880.0,1159.0,390.0,1159.0,4.0,2,3.0,-35.0,42,283.3649314411353,161.07078146748856,0.0,0,38.329
2026-07-13 19:28:03.473000+00:00,161,-37,80.0,1.0,6,2.0,0.0,0,1.949,1.3277777777777775,4.608,867,cwpb-2m,0,1.0,619.0,-91.0,11,0.0,6005947.0,526.6,-54.0,-50.0,37.0,9309119.0,2501.0,780.0,2501.0,4.0,5,3.0,-39.0,81,513.1238411515467,280.027358110004,2.1511638166834315,1219,2.559
2026-07-13 19:30:17.658000+00:00,161,-42,80.0,3.0,3,2.0,0.0008598238448961,2896,36.831,7.26111111111111,21.783,433,cwpb-2m,0,1.0,330.359,-90.0,11,0.0,6886268.0,325.0,-62.0,-62.0,29.0,7789623.0,1673.0,390.0,1673.0,4.0,2,3.0,-35.0,42,284.1464940047962,127.28619831265507,0.0860620466374328,42,34.365
2026-07-13 19:33:46.558000+00:00,161,-38,80.0,1.0,4,2.0,0.0,0,2.568,3.9066666666666663,4.882,780,cwpb-2m,0,1.0,619.0,-91.0,11,0.0,6202013.0,866.7,-55.0,-50.0,35.0,8310275.0,5465.0,780.0,5465.0,4.0,3,3.0,-37.0,82,487.1719708977273,253.45387152158293,0.0477489768076398,21,2.313
2026-07-13 19:35:53.337000+00:00,161,-42,80.0,3.0,3,2.0,0.0008366773075687,2896,23.527,13.687777777777775,21.225,433,cwpb-2m,0,1.0,330.359,-89.0,11,1.0,7466541.0,263.3,-62.0,-63.0,27.0,7862497.0,1388.0,390.0,1388.0,4.0,2,3.0,-41.0,45,284.1748887778556,144.96490353314806,0.0503054257994969,21,38.292
2026-07-13 19:39:30.364000+00:00,161,-41,80.0,1.0,4,2.0,0.0,0,2.57,1.8144444444444443,4.531,780,cwpb-2m,0,1.0,619.0,-92.0,11,0.0,6498707.0,866.7,-58.0,-54.0,34.0,8355239.0,4691.0,780.0,4691.0,4.0,3,3.0,-34.0,66,481.0660969029347,299.1471688498384,0.0432623967367792,21,2.762
2026-07-13 19:41:29.037000+00:00,161,-42,80.0,3.0,3,2.0,0.0008064328030844,2896,53.036,11.473333333333333,19.318,433,cwpb-2m,0,1.0,330.359,-89.0,12,0.0,6594903.0,263.3,-63.0,-64.0,27.0,7982045.0,1576.0,390.0,1576.0,4.0,2,3.0,-41.0,45,293.42522486508096,127.0305916053312,0.1604216798441618,84,48.666
2026-07-13 19:45:14.190000+00:00,161,-38,80.0,1.0,4,2.0,0.0,0,2.155,1.988888888888889,3.263,867,cwpb-2m,0,1.0,619.0,-92.0,11,0.0,5795039.0,866.7,-56.0,-57.0,35.0,8757262.0,4884.0,780.0,4884.0,4.0,3,11.0,-39.0,74,520.8979459735642,286.54491585584253,0.1610830920283046,84,2.441
2026-07-13 19:47:04.599000+00:00,161,-42,80.0,3.0,3,2.0,0.0008540483306422,2896,46.379,7.11111111111111,15.993,433,cwpb-2m,0,1.0,330.359,-90.0,11,0.0,7541611.0,325.0,-62.0,-62.0,29.0,7711965.0,1939.0,390.0,1939.0,4.0,2,3.0,-41.0,45,281.6600667532727,163.5994889902797,0.0,0,23.236
2026-07-13 19:50:58.273000+00:00,161,-40,80.0,1.0,4,2.0,0.0,0,2.236,6.843333333333333,6.602,867,cwpb-2m,0,1.0,619.0,-92.0,11,0.0,5849132.0,866.7,-57.0,-54.0,35.0,8870547.0,5246.0,780.0,5246.0,4.0,3,3.0,-35.0,68,532.4879964414404,247.80798663108447,0.1902001630287111,84,1.753
2026-07-13 19:52:40.327000+00:00,161,-41,80.0,3.0,3,2.0,0.0008496184497321,2896,32.42,4.611111111111111,15.670000000000002,433,cwpb-2m,0,1.0,330.359,-91.0,11,0.0,5993437.0,390.0,-62.0,-62.0,30.0,7932908.0,2114.0,390.0,2114.0,4.0,2,3.0,-39.0,34,290.8810808434096,107.05493375707616,0.2247479612149232,105,74.828
2026-07-13 19:56:42.342000+00:00,161,-40,80.0,1.0,4,2.0,0.0,0,1.77,2.298888888888889,3.706,780,cwpb-2m,0,1.0,619.0,-92.0,11,0.0,5482402.0,780.0,-57.0,-55.0,35.0,8975589.0,4288.0,780.0,4288.0,4.0,3,3.0,-36.0,88,521.8472180671115,255.8454862114543,0.1720958819913952,84,2.037
2026-07-13 19:58:16.297000+00:00,161,-41,80.0,3.0,3,2.0,0.0008256213947058,2896,39.696,5.9944444444444445,18.035,433,cwpb-2m,0,1.0,330.359,-92.0,11,0.0,7528650.0,325.0,-62.0,-62.0,31.0,7891615.0,1356.0,390.0,1356.0,4.0,2,3.0,-39.0,34,288.3374452438049,188.92509814059855,0.0766269544434511,42,14.266
2026-07-13T20:02:27.696000Z,161,-50,80.0,1.0,4,2.0,0.0,0,1.396,1.0744444444444443,3.81,867,cwpb-2m,0,1.0,619.0,-92.0,11,0.0,5658507.0,780.0,-55.0,-56.0,37.0,8720041.0,5969.0,780.0,5969.0,4.0,3,3.0,-37.0,85,518.6962547428062,272.291261062135,0.1323501607109094,63,2.26
2026-07-13T20:03:52.875000Z,161,-42,80.0,3.0,3,2.0,0.0008140147800348,2896,29.696,6.629999999999998,20.513,433,cwpb-2m,0,1.0,330.359,-91.0,11,0.0,6814028.0,234.0,-62.0,-63.0,29.0,8032909.0,1918.0,390.0,1918.0,4.0,2,3.0,-39.0,36,291.77766956521737,115.05962276163947,0.283611317442096,126,46.515
2026-07-13T20:08:12.206000Z,161,-38,80.0,1.0,4,2.0,0.0,0,1.956,0.1922222222222222,5.275,867,cwpb-2m,0,1.0,619.0,-92.0,11,0.0,5950860.0,866.7,-54.0,-50.0,38.0,8838478.0,5597.0,780.0,5597.0,4.0,3,3.0,-36.0,86,521.3923566732558,286.76337736789435,0.1463244687028219,63,2.827
2026-07-13T20:09:27.961000Z,161,-43,80.0,3.0,3,2.0,0.000296307068029,1040,28.913,6.724444444444443,17.048,433,cwpb-2m,0,1.0,330.359,-92.0,11,0.0,7599040.0,390.0,-63.0,-63.0,30.0,7924801.0,2002.0,390.0,2002.0,4.0,2,3.0,-39.0,36,290.91015150909453,148.96494577178547,0.0,0,21.887
2026-07-13T20:13:56.159000Z,161,-38,80.0,1.0,4,2.0,0.0,0,2.608,2.853333333333333,4.039,867,cwpb-2m,0,1.0,619.0,-92.0,11,0.0,5822760.0,780.0,-53.0,-48.0,39.0,8720159.0,3709.0,780.0,3709.0,4.0,3,3.0,-36.0,88,532.2078135176986,230.84967522078583,0.0771477379181131,42,2.606
2026-07-13T20:15:02.929000Z,161,-41,80.0,3.0,3,2.0,0.0008385681490551,2896,30.115,12.346666666666668,24.821000000000005,433,cwpb-2m,0,1.0,330.359,-92.0,11,0.0,7077523.0,390.0,-63.0,-63.0,30.0,7679838.0,1692.0,390.0,1692.0,4.0,2,3.0,-35.0,46,282.47011350919263,164.58687687867024,0.2144695453245639,105,26.317
2026-07-13T20:19:40.877000Z,161,-39,80.0,1.0,4,2.0,0.0,0,2.35,6.253333333333333,5.87,867,cwpb-2m,0,1.0,619.0,-91.0,11,0.0,5798500.0,780.0,-55.0,-52.0,36.0,8864804.0,3148.0,780.0,3148.0,4.0,3,3.0,-37.0,77,537.1624884821106,248.7231759459225,0.1355596677712269,63,2.43
2026-07-13T20:20:39.046000Z,161,-42,80.0,3.0,3,2.0,0.0007839024548165,2896,17.449,4.23888888888889,15.454000000000002,433,cwpb-2m,0,1.0,330.359,-84.0,11,1.0,6648338.0,200.0,-61.0,-61.0,23.0,8186244.0,1152.0,390.0,1152.0,4.0,2,3.0,-35.0,46,301.71834149265663,156.373006271777,0.0767838534525311,42,99.397
2026-07-13T20:25:24.762000Z,161,-30,80.0,1.0,4,2.0,0.0,0,2.836,2.2422222222222223,5.001,780,cwpb-2m,0,1.0,619.0,-92.0,12,1.0,6625548.0,866.7,-55.0,-56.0,37.0,8885361.0,6692.0,780.0,6692.0,4.0,3,3.0,-35.0,90,524.2116480395778,331.5374679416088,0.0,0,2.011
2026-07-13T20:26:14.346000Z,161,-42,80.0,3.0,3,2.0,0.0008034039114052,2896,30.697,5.59,16.281,433,cwpb-2m,0,1.0,330.359,-92.0,11,1.0,7565602.0,325.0,-63.0,-63.0,30.0,8228562.0,2127.0,390.0,2127.0,4.0,2,3.0,-35.0,40,296.77865600639615,203.1387651567944,0.0,0,19.351
2026-07-13T20:31:09.892000Z,161,-37,80.0,1.0,4,2.0,0.0,0,1.984,2.792222222222222,4.9085,867,cwpb-2m,0,1.0,619.0,-92.0,11,0.0,6119755.0,866.7,-55.0,-51.0,37.0,9405746.0,11587.0,780.0,11587.0,4.0,3,3.0,-35.0,70,488.6273465449134,328.44391581957905,0.0,0,3.15
2026-07-13T20:31:50.194000Z,161,-43,80.0,3.0,3,2.0,0.0,0,24.689,3.886666666666667,15.185,433,cwpb-2m,0,1.0,330.359,-90.0,11,3.0,7083593.0,234.0,-62.0,-62.0,28.0,7714263.0,1515.0,390.0,1515.0,4.0,2,3.0,-35.0,40,279.95554276578736,139.6014614925373,0.1128789507632767,63,23.191
2026-07-13T20:36:54.098000Z,161,-38,80.0,1.0,4,2.0,0.0,0,2.905,1.3222222222222222,3.729,867,cwpb-2m,0,1.0,619.0,-92.0,11,0.0,6802142.0,526.6,-54.0,-50.0,37.0,9036157.0,6320.0,780.0,6320.0,4.0,3,3.0,-35.0,87,521.651688369206,273.7410843106988,0.0,0,2.009
2026-07-13T20:37:26.013000Z,161,-43,80.0,3.0,3,2.0,0.0012596479346657,4344,21.734,9.108888888888892,16.393,433,cwpb-2m,0,1.0,330.359,-91.0,11,3.0,7269023.0,390.0,-62.0,-63.0,29.0,7842058.0,2314.0,390.0,2314.0,4.0,2,3.0,-36.0,39,284.6433852295409,150.75040493483235,0.0501002004008016,21,24.074
2026-07-13T20:42:39.350000Z,161,-37,80.0,1.0,4,2.0,0.0,0,2.709,2.873333333333333,4.992,867,cwpb-2m,0,1.0,619.0,-91.0,11,0.0,4892285.0,780.0,-54.0,-49.0,37.0,9156168.0,1386.0,780.0,1386.0,4.0,3,3.0,-35.0,81,492.7755839636973,180.69220412150264,0.0385774120067602,21,1.831
2026-07-13T20:43:01.787000Z,161,-43,80.0,3.0,3,2.0,0.0010597947622542,2896,28.846,11.86,16.493333333333336,433,cwpb-2m,0,1.0,330.359,-91.0,11,1.0,6541426.0,390.0,-63.0,-62.0,29.0,6260702.0,1609.0,390.0,1609.0,4.0,2,3.0,-36.0,39,226.10803234501347,116.08006200934116,2.5583192364722342,1225,66.423
2026-07-13T20:48:23.786000Z,161,-37,80.0,1.0,4,2.0,0.0,0,2.594,3.6177777777777775,15.821,867,cwpb-2m,0,1.0,619.0,-92.0,11,0.0,3824732.0,468.0,-54.0,-50.0,38.0,8445619.0,2437.0,780.0,2437.0,4.0,3,3.0,-36.0,82,526.9470296400235,209.114101208398,3.077143607998662,1288,2.929
2026-07-13T20:48:37.744000Z,161,-43,80.0,3.0,3,2.0,0.000621647824212,1448,52.264,10.79777777777778,22.382,433,cwpb-2m,0,1.0,330.359,-91.0,10,2.0,4645322.0,263.3,-64.0,-65.0,27.0,5476074.0,2467.0,390.0,2410.0,4.0,2,3.0,-38.0,48,189.43099600319744,74.1951196758573,8.443402275267005,4609,153.528
2026-07-13T20:54:09.571000Z,161,-40,80.0,1.0,4,2.0,0.0,0,2.966,284.22222222222223,916.9,867,cwpb-2m,0,1.0,619.0,-91.0,10,0.0,1227555.0,468.0,-55.0,-55.0,36.0,7468876.0,4634.0,780.0,4634.0,4.0,3,3.0,-37.0,76,453.9505667239816,12.25139991217402,3.356228956228956,1246,9.627
2026-07-13T20:54:13.719000Z,161,-44,80.0,3.0,3,2.0,0.0010469333723648,2896,25.209,5.74,15.837,433,cwpb-2m,0,1.0,330.359,-92.0,10,2.0,5259537.0,175.5,-63.0,-65.0,29.0,6359217.0,2145.0,390.0,2145.0,4.0,2,3.0,-38.0,48,229.71003318009195,102.44134222052942,0.1928315631599889,63,46.953
2026-07-14T12:04:26.566000Z,161,-41,80.0,1.0,4,2.0,0.0,0,2.97,1.8422222222222224,4.885,867,cwpb-2m,0,1.0,619.0,-92.0,11,1.0,7488909.0,866.7,-54.0,-51.0,38.0,11551065.0,6299.0,780.0,6298.0,4.0,3,11.0,-31.0,88,542.120097369022,397.2267599152075,0.0450382825401591,21,2.305
2026-07-14T12:05:52.671000Z,161,-54,80.0,2.0,4,2.0,0.8487063617109214,2079416,9.197,10.462222222222222,20.948,433,cwpb-2m,0,1.0,330.359,-91.0,11,5.0,6803291.0,390.0,-65.0,-65.0,26.0,6378230.0,2866.0,390.0,2859.0,4.0,3,3.0,-32.0,44,205.39765740555663,168.1944755258698,2.9518396942824947,1205,26.39
2026-07-14T12:07:18.134000Z,161,-48,80.0,3.0,3,2.06555555,0.000846414727504,2896,38.121,12.759999999999998,20.197000000000003,433,cwpb-2m,0,1.0,330.359,-92.0,11,2.0,7000493.0,263.3,-71.0,-72.0,22.0,8758146.0,3946.0,390.0,3946.0,4.0,2,3.0,-33.0,44,285.01316278604975,145.09123180914514,0.1061893203883495,42,53.231
2026-07-14T12:10:12.735000Z,161,-48,80.0,1.0,4,2.0,0.0,0,1.968,1.5988888888888888,3.795,867,cwpb-2m,0,1.0,619.0,-91.0,11,0.0,6524084.0,866.7,-55.0,-55.0,36.0,9341467.0,2576.0,780.0,2576.0,4.0,3,11.0,-31.0,80,561.2013996167798,394.141480633982,0.0,0,3.159
2026-07-14T12:11:28.605000Z,161,-53,80.0,2.0,3,2.0,1.3130204673126389,3232592,6.271,8.581111111111111,16.717,433,cwpb-2m,0,1.0,330.359,-92.0,11,5.0,6624554.0,390.0,-67.0,-67.0,25.0,6672471.0,2875.0,390.0,2858.0,4.0,2,3.0,-28.0,44,214.19146698583685,157.0462362079267,0.0440343887607464,21,13.142
2026-07-14T12:12:53.975000Z,161,-48,80.0,3.0,3,2.06555555,0.0008902627243996,2896,25.852,4.463333333333334,16.049,433,cwpb-2m,0,1.0,330.359,-92.0,11,1.0,6797848.0,325.0,-70.0,-71.0,22.0,7690051.0,2551.0,390.0,2551.0,4.0,2,3.0,-37.0,43,272.41183053557154,132.62415125883172,0.0784782689936096,42,65.412
2026-07-14T12:15:57.548000Z,161,-38,80.0,1.0,4,2.0,0.0,0,2.66,1.7577777777777777,4.799,867,cwpb-2m,0,1.0,619.0,-92.0,12,0.0,6518790.0,866.7,-53.0,-51.0,39.0,9160555.0,2177.0,780.0,2177.0,4.0,3,11.0,-31.0,83,546.8852305073804,400.0591782989439,0.0,0,3.373
2026-07-14T12:17:04.332000Z,161,-55,80.0,2.0,3,2.0,1.18089504652832,2942248,11.382,8.554444444444446,20.726000000000003,433,cwpb-2m,0,1.0,330.359,-89.0,12,2.0,5536763.0,263.3,-69.0,-69.0,20.0,6155350.0,2523.0,390.0,2519.0,4.0,2,11.0,-45.0,23,202.8623099830119,132.7165998805019,4.358375109271583,2443,99.226
2026-07-14T12:18:29.612000Z,161,-47,80.0,3.0,4,2.06555555,0.000402824955776,1448,38.376,4.712222222222222,15.312,433,cwpb-2m,0,1.0,202.796,-90.0,11,4.0,5748163.0,390.0,-69.0,-69.0,22.0,8237504.0,3497.0,234.0,3497.0,4.0,3,3.0,-32.0,38,295.07245088438094,119.32896835003471,0.0786767322930521,42,255.069
2026-07-14T12:21:42.516000Z,161,-35,80.0,1.0,4,2.0,0.0,0,2.92,0.9400000000000002,4.588,270,cwpb-2m,0,1.0,619.0,-91.0,11,0.0,7718799.0,866.7,-48.0,-45.0,43.0,7274922.0,2630.0,780.0,2630.0,4.0,3,3.0,-27.0,77,427.52472522139215,207.36463247323096,0.0,0,1.974
2026-07-14T12:22:40.111000Z,161,-49,80.0,2.0,3,2.0,0.960631422736644,896312,6.154,33.89888888888888,18.371,433,cwpb-2m,0,1.0,330.359,-92.0,11,4.0,6607951.0,325.0,-65.0,-66.0,27.0,3291010.0,1102.0,390.0,1090.0,4.0,2,3.0,-27.0,37,79.64398960623626,151.60513111155458,0.0697373227509713,42,9.847
2026-07-14T12:24:05.155000Z,161,-47,80.0,3.0,4,2.06555555,0.000859742529912,2896,29.131,4.854444444444444,17.41,433,cwpb-2m,0,1.0,330.359,-91.0,11,1.0,6656190.0,390.0,-69.0,-69.0,23.0,7851355.0,3541.0,390.0,3541.0,4.0,3,3.0,-32.0,38,278.30697072049566,153.76054755272582,0.110695271730536,63,59.758
2026-07-14T12:27:26.258000Z,161,-33,80.0,1.0,4,2.0,0.0,0,2.767,2.973333333333333,5.114,867,cwpb-2m,0,1.0,619.0,-92.0,11,0.0,6895482.0,866.7,-50.0,-45.0,42.0,8996428.0,2109.0,780.0,2109.0,4.0,3,3.0,-29.0,86,540.813874102993,408.3482468266055,0.0,0,1.441
2026-07-14T12:28:15.788000Z,161,-50,80.0,2.0,4,2.0,0.5879236161366451,1233696,9.142,19.75333333333333,14.110000000000005,433,cwpb-2m,0,1.0,330.359,-91.0,12,6.0,5882073.0,390.0,-65.0,-66.0,26.0,5701087.0,2627.0,390.0,2627.0,4.0,3,3.0,-29.0,57,173.3148873141032,130.6275108717335,3.772077039878526,2360,18.875
2026-07-14T12:29:40.897000Z,161,-47,80.0,3.0,3,2.06555555,0.0004343505535329,1448,47.233,4.948888888888889,16.7,433,cwpb-2m,0,1.0,330.359,-92.0,11,4.0,6834260.0,390.0,-68.0,-69.0,25.0,7991669.0,2133.0,390.0,2133.0,4.0,2,3.0,-31.0,42,289.1756354916067,149.9307176119403,0.0369412633912079,21,32.207
2026-07-14T12:33:11.187000Z,161,-35,80.0,1.0,4,2.0,0.0002878356240404,1448,2.85,2.5533333333333337,4.915,81,cwpb-2m,0,1.0,619.0,-92.0,11,0.0,10743034.0,468.0,-47.0,-45.0,45.0,6983741.0,2034.0,780.0,2034.0,4.0,3,3.0,-29.0,89,401.4968544879401,160.1103342679051,0.0774479070625115,42,2.881
2026-07-14T12:33:51.553000Z,161,-50,80.0,2.0,3,2.0,0.655278843320834,1319128,6.744,11.99222222222222,9.547,433,cwpb-2m,0,1.0,330.359,-92.0,11,1.0,6765721.0,390.0,-65.0,-66.0,27.0,5346214.0,2743.0,390.0,2738.0,4.0,2,161.0,-47.0,38,162.64141035378773,162.02608044603744,2.355913283590858,1203,12.984
2026-07-14T12:35:16.508000Z,161,-47,80.0,3.0,3,2.06555555,0.0008405841260889,2896,35.817,5.320000000000001,18.717,433,cwpb-2m,0,1.0,330.359,-91.0,11,3.0,6864073.0,263.3,-68.0,-69.0,24.0,7852532.0,2171.0,390.0,2171.0,4.0,2,3.0,-31.0,42,284.842376910017,148.50046981601193,0.0,0,39.319
2026-07-14T12:39:27.363000Z,161,-51,80.0,2.0,3,2.0,1.3201166041032808,3331848,9.175,4.601111111111111,18.413000000000004,433,cwpb-2m,0,1.0,330.359,-92.0,11,3.0,5780120.0,390.0,-65.0,-66.0,27.0,6393626.0,2846.0,390.0,2840.0,4.0,2,3.0,-28.0,42,206.68191281795512,133.01816123567514,3.004281285369814,1221,22.156
2026-07-14T12:40:52.228000Z,161,-47,80.0,3.0,3,2.06555555,0.0008039723161682,2896,27.732,4.16888888888889,16.975,433,cwpb-2m,0,1.0,227.171,-91.0,11,4.0,6450609.0,175.5,-69.0,-66.0,22.0,8180408.0,3015.0,263.3,3015.0,4.0,2,3.0,-31.0,48,294.20477697841727,110.08644631704172,0.0,0,46.107
2026-07-14T12:44:39.802000Z,161,-47,80.0,1.0,4,2.0,0.0,0,2.201,4.448888888888889,6.539,867,cwpb-2m,0,1.0,619.0,-91.0,11,0.0,5727511.0,468.0,-54.0,-52.0,37.0,8761169.0,3588.0,780.0,3588.0,4.0,3,3.0,-33.0,86,529.7131850231216,284.88160897930777,0.1099044877665838,42,2.307
2026-07-14T12:45:03.324000Z,161,-53,80.0,2.0,3,2.0,1.2038491339794894,2446992,7.283,20.40857142857143,25.265,433,cwpb-2m,0,1.0,330.359,-90.0,11,5.0,5977299.0,263.3,-67.0,-67.0,23.0,5558674.0,3259.0,390.0,3257.0,4.0,2,3.0,-30.0,39,171.6917571884984,130.92957265632717,2.674928881734183,1213,34.748
2026-07-14T12:46:27.973000Z,161,-48,80.0,3.0,3,2.06555555,0.0004278097111859,1448,52.22,10.97777777777778,19.929,433,cwpb-2m,0,1.0,330.359,-92.0,11,2.0,6104566.0,234.0,-71.0,-68.0,21.0,7845305.0,4221.0,390.0,4221.0,4.0,2,3.0,-31.0,48,276.6304227041071,94.7777336897337,0.0949023861171366,42,97.861
2026-07-14T12:50:23.644000Z,161,-39,80.0,1.0,4,2.0,0.0001717819353222,1080,3.681,6.571111111111111,10.509,867,cwpb-2m,0,1.0,619.0,-92.0,10,0.0,4832689.0,866.7,-58.0,-58.0,34.0,8353704.0,5858.0,780.0,5858.0,4.0,3,3.0,-34.0,83,502.4003947133596,213.1704805941152,0.1965923984272608,105,2.611
2026-07-14T12:50:39.025000Z,161,-57,80.0,2.0,3,2.0,1.9849855461235115,3295648,7.862,12.195555555555556,26.462,390,cwpb-2m,0,1.0,5.242,-92.0,8,6.0,5921287.0,175.5,-68.0,-68.0,23.0,4802353.0,2146.0,6.0,2137.0,4.0,2,3.0,-28.0,48,138.05309395571513,110.4203650841047,0.0861450107681263,42,15.564
2026-07-14T12:52:03.583000Z,161,-49,80.0,3.0,3,2.06555555,0.0009182745539956,2896,45.659,7.202222222222223,18.56,433,cwpb-2m,0,1.0,202.796,-91.0,11,2.0,6558558.0,234.0,-72.0,-73.0,19.0,7378876.0,5996.0,234.0,5995.0,4.0,2,3.0,-34.0,39,256.5631232383808,65.42600770066147,0.0475070129400054,21,104.362
2026-07-14T12:56:07.592000Z,161,-39,80.0,1.0,4,2.0,0.0003868880345887,2472,2.903,4.7844444444444445,11.895,867,cwpb-2m,0,1.0,434.117,-91.0,8,0.0,4696175.0,526.6,-55.0,-53.0,36.0,8215106.0,4442.0,526.6,4442.0,4.0,3,3.0,-34.0,94,510.32881184080753,165.41806013110377,0.1154374713696747,63,6.196
2026-07-14T12:57:39.238000Z,161,-48,80.0,3.0,3,2.06555555,0.0004294060998109,1448,17.804,8.402222222222221,18.045,433,cwpb-2m,0,1.0,330.359,-90.0,8,2.0,5477968.0,234.0,-73.0,-74.0,18.0,7722438.0,3452.0,390.0,3452.0,4.0,2,3.0,-34.0,39,276.6580691585049,86.5455193767873,0.1640753183842487,84,272.217
2026-07-14T13:01:50.347000Z,161,-57,80.0,2.0,3,2.0,0.5103579808575693,201272,56.239,18.87222222222222,32.965,390,cwpb-2m,0,1.0,330.359,-91.0,11,3.0,5627945.0,263.3,-69.0,-70.0,21.0,1726805.0,2421.0,390.0,2398.0,4.0,2,3.0,-29.0,55,33.53096032777056,106.15188054947242,4.551017286216919,2380,22.56
2026-07-14T13:01:54.167000Z,161,-39,80.0,1.0,4,2.0,0.0005943691726307,2896,2.521,6.68,7.274,780,cwpb-2m,0,1.0,619.0,-91.0,11,0.0,1776085.0,263.3,-57.0,-58.0,34.0,6598702.0,5323.0,780.0,5323.0,4.0,3,3.0,-33.0,85,387.473196909106,39.95060998240329,2.721924096463438,1263,2.439
2026-07-14T13:03:14.853000Z,161,-49,80.0,3.0,3,2.06555555,0.0009731233806198,2896,51.322,5.777777777777778,15.153,433,cwpb-2m,0,1.0,330.359,-92.0,11,0.0,6764308.0,263.3,-67.0,-68.0,25.0,7314738.0,3789.0,390.0,3789.0,4.0,2,3.0,-35.0,39,258.2141978812712,113.31738255433164,0.036176333786973,21,48.895
2026-07-14T13:07:26.289000Z,161,-55,80.0,2.0,3,2.0,1.2319088955022597,2532552,9.301,9.343333333333332,18.837,433,cwpb-2m,0,1.0,299.7,-92.0,11,6.0,5371941.0,234.0,-69.0,-70.0,22.0,5809241.0,4956.0,351.0,4942.0,4.0,2,3.0,-27.0,43,181.04909352517987,60.846004578481136,0.0929800092980009,42,123.816
2026-07-14T13:07:42.365000Z,161,-48,80.0,1.0,4,2.0,0.0043260007038116,10136,5.376,2.632222222222222,5.33,867,cwpb-2m,0,1.0,619.0,-92.0,9,0.0,6302958.0,866.7,-56.0,-54.0,36.0,4523442.0,2931.0,780.0,2931.0,4.0,3,3.0,-36.0,83,142.73688203789612,313.6134773181166,0.0,0,1.343
2026-07-14T13:08:50.641000Z,161,-49,80.0,3.0,3,2.06555555,0.0006423780964333,1616,14.374,12.188888888888888,19.380000000000003,433,cwpb-2m,0,1.0,227.171,-89.0,9,2.0,5937284.0,175.5,-67.0,-68.0,23.0,5836288.0,2233.0,263.3,2233.0,4.0,2,3.0,-35.0,39,208.75108854687187,87.9008418549346,0.0,0,115.671
2026-07-14T13:13:01.991000Z,161,-55,80.0,2.0,4,2.0,1.1896351531059377,2575576,7.336,5.538888888888888,17.345,433,cwpb-2m,0,1.0,330.359,-92.0,9,2.0,5916189.0,390.0,-69.0,-69.0,23.0,5728861.0,2891.0,390.0,2883.0,4.0,3,3.0,-28.0,52,181.85094265734267,118.22589960159362,5.180876204326486,2280,10.23
2026-07-14T13:13:27.248000Z,161,-39,80.0,1.0,4,2.0,0.0,0,1.783,1.09,3.711,867,cwpb-2m,0,1.0,619.0,-92.0,8,0.0,6116011.0,866.7,-55.0,-53.0,37.0,8338044.0,3163.0,780.0,3163.0,4.0,3,3.0,-32.0,80,495.5449694184569,311.6213136815021,0.053355014100968,21,2.2
2026-07-14T13:14:26.160000Z,161,-46,80.0,3.0,3,2.06555555,0.0004654869700938,1448,39.321,10.933333333333332,20.380000000000003,433,cwpb-2m,0,1.0,227.171,-91.0,8,0.0,6338358.0,263.3,-69.0,-70.0,23.0,7574053.0,4392.0,263.3,4392.0,4.0,2,3.0,-35.0,39,258.2141978812712,106.14131501940878,0.1257259174998503,63,55.077
2026-07-14T13:19:11.259000Z,161,-48,80.0,1.0,3,2.0,0.0002225639781596,1448,2.369,3.1511111111111108,5.186,527,cwpb-2m,0,1.0,563.578,-92.0,11,0.0,6014601.0,526.6,-53.0,-52.0,38.0,8535418.0,3375.0,702.0,3375.0,4.0,2,3.0,-32.0,71,518.5718699301412,261.99248107519946,0.1324948999978969,63,2.472
2026-07-14T13:20:01.825000Z,161,-55,80.0,3.0,3,2.06555555,0.0004863558116778,1448,16.479,20.547777777777775,28.997000000000003,433,cwpb-2m,0,1.0,153.406,-91.0,11,1.0,4857083.0,175.5,-68.0,-69.0,23.0,7562238.0,10761.0,175.5,10761.0,4.0,2,3.0,-37.0,42,248.1787074462769,76.96828291233284,0.132047788723538,63,290.093
2026-07-14T13:24:13.429000Z,161,-54,80.0,2.0,4,2.0,0.8063602754855814,1730360,17.006,7.612222222222221,23.674,433,cwpb-2m,0,1.0,330.359,-91.0,11,7.0,5933445.0,263.3,-67.0,-67.0,22.0,5646048.0,1898.0,390.0,1888.0,4.0,3,3.0,-34.0,48,183.5820077945438,106.17432888180188,2.254371006127841,1203,39.527
2026-07-14T13:24:55.143000Z,161,-43,80.0,1.0,5,2.0,0.0002270654972183,1448,2.755,1.6366666666666667,5.155,867,cwpb-2m,0,1.0,619.0,-92.0,11,0.0,6216029.0,780.0,-54.0,-52.0,38.0,8410823.0,2538.0,780.0,2538.0,4.0,4,3.0,-33.0,83,509.6064055641,265.5213791281125,0.0371352785145888,21,1.944
2026-07-14T13:25:37.626000Z,161,-55,80.0,3.0,3,2.06555555,0.0009663479729356,2896,32.165,7.297777777777778,16.052999999999997,433,cwpb-2m,0,1.0,153.406,-91.0,11,3.0,6819234.0,234.0,-71.0,-73.0,21.0,7276648.0,2661.0,175.5,2659.0,4.0,2,3.0,-37.0,42,262.37976456480465,104.71187770498312,0.0,0,71.162
2026-07-14T13:29:49.272000Z,161,-56,80.0,2.0,3,2.0,1.773636499918088,3834304,7.464,5.637777777777779,15.612,390,cwpb-2m,0,1.0,330.359,-91.0,11,1.0,5348598.0,390.0,-68.0,-68.0,23.0,5624568.0,3729.0,390.0,3722.0,4.0,2,3.0,-32.0,35,180.2109032773781,80.20240143226576,0.1964820359281437,105,64.305
2026-07-14T13:30:38.800000Z,161,-37,80.0,1.0,4,2.0,0.0,0,2.778,6.351111111111112,6.615,650,cwpb-2m,0,1.0,619.0,-91.0,11,0.0,5962598.0,526.6,-53.0,-52.0,38.0,8306448.0,4086.0,780.0,4086.0,4.0,3,3.0,-35.0,81,501.4039077988463,251.5148602466679,0.1088270858524788,63,3.849
2026-07-14T13:31:13.355000Z,161,-49,80.0,3.0,3,2.06555555,0.0004744265480498,1448,54.559,8.931111111111113,19.423,433,cwpb-2m,0,1.0,101.39,-89.0,11,4.0,5486370.0,234.0,-67.0,-68.0,23.0,7633516.0,5589.0,117.0,5588.0,4.0,2,3.0,-35.0,41,248.07952522729545,61.25809120715351,0.0926763609082283,42,107.769
2026-07-14T13:35:24.969000Z,161,-56,80.0,2.0,3,2.0,1.5977786094253086,2962608,4.895,4.296250000000001,9.552222222222223,390,cwpb-2m,0,1.0,330.359,-92.0,11,4.0,6515703.0,325.0,-68.0,-68.0,24.0,4971502.0,2117.0,390.0,2106.0,4.0,2,3.0,-35.0,44,151.69727725047457,107.8786194796132,0.1324113579520376,63,38.454
2026-07-14T13:36:22.908000Z,161,-37,80.0,1.0,4,2.0,0.0,0,1.972,3.068888888888889,4.783,780,cwpb-2m,0,1.0,619.0,-91.0,11,0.0,5859743.0,526.6,-52.0,-50.0,39.0,8671877.0,7748.0,780.0,7748.0,4.0,3,3.0,-34.0,81,494.7593930159453,243.70843303133935,0.0789518205913867,42,2.936
2026-07-14T13:36:49.110000Z,161,-49,80.0,3.0,3,2.06555555,0.0008777366227604,2896,36.812,10.904444444444444,18.388,433,cwpb-2m,0,1.0,330.359,-91.0,11,3.0,6123396.0,234.0,-68.0,-68.0,25.0,7735132.0,3716.0,390.0,3716.0,4.0,2,3.0,-35.0,41,274.9813535878473,101.77416570633817,0.0,0,91.754
2026-07-14T13:41:00.662000Z,161,-54,80.0,2.0,3,2.0,0.9654002253878434,1935976,44.35,11.63,22.72444444444444,433,cwpb-2m,0,1.0,299.7,-90.0,11,4.0,6517442.0,87.8,-67.0,-67.0,23.0,5232445.0,3820.0,351.0,3814.0,4.0,2,3.0,-33.0,39,163.41444155844155,17.205155131264917,2.0260229186618672,1227,806.6
2026-07-14T13:42:06.816000Z,161,-37,80.0,1.0,4,2.0,0.0002246641519176,1448,2.952,62.88333333333333,81.015,867,cwpb-2m,0,1.0,619.0,-90.0,11,0.0,5673263.0,702.0,-54.0,-52.0,36.0,8275224.0,2873.0,780.0,2872.0,4.0,3,3.0,-35.0,78,513.6871268525967,191.26470661762045,0.0978724395870715,42,3.708
2026-07-14T13:42:24.964000Z,161,-48,80.0,3.0,3,2.06555555,0.3550446815297698,751512,26.041,8.143333333333333,24.501,433,cwpb-2m,0,1.0,330.359,-90.0,11,1.0,4307428.0,117.0,-66.0,-67.0,25.0,5624979.0,3183.0,390.0,3183.0,4.0,2,3.0,-37.0,40,176.822805994006,49.50135634235843,0.3081362647037245,126,153.634
2026-07-14T13:46:36.548000Z,161,-60,80.0,2.0,4,2.0,1.193273051363719,2502144,7.487,29.27555555555556,44.865,390,cwpb-2m,0,1.0,251.312,-91.0,11,3.0,6130827.0,390.0,-68.0,-69.0,23.0,5525493.0,3882.0,292.5,3876.0,4.0,3,3.0,-34.0,45,173.54006156306215,121.49536770854073,2.409228366010454,1203,18.42
2026-07-14T13:47:50.980000Z,161,-38,80.0,1.0,4,2.0,0.0,0,2.858,30.73444444444444,39.561,867,cwpb-2m,0,1.0,251.312,-90.0,11,0.0,2228073.0,650.0,-54.0,-54.0,36.0,7953795.0,2401.0,292.5,2401.0,4.0,3,11.0,-34.0,78,508.952486580715,70.36403679617828,3.318899437884941,1234,2.719
2026-07-14T13:52:12.113000Z,161,-57,80.0,2.0,3,2.0,1.843264214898879,3463616,8.208,6.052222222222222,19.691,433,cwpb-2m,0,1.0,76.703,-91.0,11,1.0,5941591.0,263.3,-70.0,-71.0,21.0,5446508.0,9393.0,87.8,9384.0,4.0,2,3.0,-27.0,38,157.6112636418149,105.5872254473161,0.1233576785259736,63,23.884
2026-07-14T13:53:36.107000Z,161,-49,80.0,3.0,3,2.06555555,0.001452572232565,2896,24.539,21.67111111111111,25.778,433,cwpb-2m,0,1.0,251.312,-91.0,11,2.0,5945921.0,175.5,-67.0,-68.0,24.0,5026656.0,3550.0,292.5,3550.0,4.0,2,11.0,-47.0,37,173.54006156306215,118.09367206276691,0.0410380676932697,21,43.457
2026-07-14T13:53:39.960000Z,161,-39,80.0,1.0,4,2.0,0.0010920102002802,4344,2.503,76.83,40.61714285714286,867,cwpb-2m,0,1.0,434.117,-92.0,11,0.0,1585677.0,468.0,-56.0,-57.0,36.0,5807720.0,5530.0,526.6,5530.0,4.0,3,11.0,-34.0,75,319.2280082505111,27.7802179077677,2.982754792391385,1209,4.636
2026-07-14T13:57:47.867000Z,161,-56,80.0,2.0,3,2.0,0.7241776440098865,1070072,8.655,7.617777777777777,9.959999999999996,390,cwpb-2m,0,1.0,330.359,-90.0,11,4.0,5772260.0,234.0,-69.0,-70.0,21.0,4748475.0,6154.0,390.0,6138.0,4.0,2,3.0,-29.0,35,120.67527992007992,48.83406985769728,0.1462157959477336,63,238.108
2026-07-14T13:59:12.029000Z,161,-45,80.0,3.0,3,2.06555555,0.000854088449447,2896,15.536,8.035555555555554,17.014,433,cwpb-2m,0,1.0,330.359,-89.0,11,0.0,5978387.0,263.3,-64.0,-64.0,26.0,7692489.0,4057.0,390.0,4057.0,4.0,2,11.0,-47.0,37,279.14524472869,94.30090569040986,0.0440565602316116,21,80.002
2026-07-14T14:03:23.543000Z,161,-57,80.0,2.0,3,2.0,0.5360865350494,851424,5.078,5.043333333333333,6.552,433,cwpb-2m,0,1.0,299.7,-92.0,11,1.0,6570309.0,390.0,-72.0,-74.0,20.0,4997017.0,3571.0,351.0,3560.0,4.0,2,3.0,-28.0,32,137.4769373438593,84.6046976790517,2.461462975835139,1204,67.791
2026-07-14T14:04:47.518000Z,161,-46,80.0,3.0,3,2.06555555,0.0,0,22.674,7.467777777777779,22.72,433,cwpb-2m,0,1.0,227.171,-92.0,11,0.0,6392777.0,351.0,-67.0,-69.0,27.0,7670907.0,2692.0,263.3,2692.0,4.0,2,11.0,-47.0,37,273.27732667133006,126.10052842210057,0.0736648250460405,42,50.605
2026-07-14T14:08:59.302000Z,161,-57,80.0,2.0,3,2.0,1.222190484827053,2951024,8.023,6.588888888888889,23.0,433,cwpb-2m,0,1.0,202.796,-91.0,11,3.0,5984469.0,263.3,-71.0,-72.0,20.0,6102387.0,4560.0,234.0,4545.0,4.0,2,3.0,-29.0,43,196.99439192565205,86.91238163387001,4.359298554230113,2379,96.724
2026-07-14T14:10:23.216000Z,161,-46,80.0,3.0,3,2.06555555,0.0004120079137387,1448,18.758,9.827777777777778,23.668,433,cwpb-2m,0,1.0,330.359,-91.0,10,0.0,5894623.0,175.5,-66.0,-67.0,27.0,8016131.0,4221.0,390.0,4221.0,4.0,2,3.0,-33.0,38,287.5279848106326,102.34085051289712,0.037679651194086,21,76.619
2026-07-14T14:14:34.963000Z,161,-57,80.0,2.0,3,2.0,0.3712748949666576,671872,8.609,3.027777777777777,6.771000000000001,390,cwpb-2m,0,1.0,101.39,-91.0,11,3.0,6393002.0,234.0,-68.0,-69.0,22.0,5059005.0,2885.0,117.0,2880.0,4.0,2,3.0,-28.0,46,155.04970326705964,94.57621638822592,0.0805307358975342,42,49.772
2026-07-14T14:15:58.907000Z,161,-46,80.0,3.0,3,2.06555555,0.0004616575311187,1448,38.456,17.153333333333332,26.861,433,cwpb-2m,0,1.0,299.7,-89.0,11,0.0,5953902.0,234.0,-66.0,-67.0,24.0,7234740.0,3413.0,351.0,3413.0,4.0,2,3.0,-33.0,38,259.89091345192884,93.96734480712166,0.094986091322342,42,68.044
2026-07-14T14:20:10.773000Z,161,-52,80.0,2.0,4,2.0,1.1677596364690583,2994576,6.323,5.152222222222223,22.158,433,cwpb-2m,0,1.0,330.359,-91.0,11,3.0,5326601.0,263.3,-67.0,-68.0,24.0,6313928.0,2781.0,390.0,2763.0,4.0,3,3.0,-29.0,41,209.3607047827384,83.17228025477706,2.44248849769954,1221,72.959
2026-07-14T14:21:34.636000Z,161,-43,80.0,3.0,1,2.06555555,0.0008545701692641,2896,28.561,4.0633333333333335,14.608,433,cwpb-2m,0,1.0,330.359,-89.0,11,2.0,5784859.0,263.3,-64.0,-64.0,26.0,7637142.0,2408.0,390.0,2408.0,4.0,0,3.0,-32.0,29,283.3649314411353,85.85991921201871,0.1720853051441214,84,70.621
2026-07-14T14:29:09.676000Z,161,-42,80.0,1.0,4,2.0,0.0,0,1.819,2.645555555555556,4.605,867,cwpb-2m,0,1.0,619.0,-92.0,11,0.0,0.0,866.7,-56.0,-53.0,36.0,0.0,0.0,780.0,0.0,4.0,3,3.0,-34.0,75,489.4783559110618,273.96476189733414,0.0683727290486423,42,2.488
2026-07-14T14:30:50.434000Z,161,-57,80.0,2.0,4,2.0,0.9166551419260738,828256,12.417,4.064444444444445,6.606999999999999,390,cwpb-2m,0,1.0,251.312,-91.0,11,0.0,0.0,351.0,-72.0,-72.0,19.0,0.0,0.0,292.5,0.0,4.0,3,3.0,-38.0,35,78.82138664534186,95.00311066958076,0.0976994114773546,42,42.141
2026-07-14T14:32:22.492000Z,161,-51,80.0,3.0,3,2.0,0.0009136141941524,2896,45.494,10.517777777777775,19.294,433,cwpb-2m,0,1.0,25.343,-91.0,10,1.0,6125325.0,234.0,-67.0,-68.0,24.0,7558764.0,3871.0,29.3,3871.0,4.0,2,3.0,-35.0,31,269.08595663035874,96.0813391511305,0.1849324116067104,84,68.407
2026-07-14T14:34:54.005000Z,161,-37,80.0,1.0,5,2.0,0.0,0,2.044,2.552222222222222,4.602,867,cwpb-2m,0,1.0,619.0,-92.0,11,0.0,4546783.0,6.0,-54.0,-53.0,38.0,8289922.0,4515.0,780.0,4515.0,4.0,4,3.0,-35.0,79,506.4191417212232,159.02858725051564,0.1183120809780465,63,2.611
2026-07-14T14:36:26.090000Z,161,-59,80.0,2.0,3,2.0,1.3048893065770373,2907584,6.032,10.377777777777776,24.241000000000003,390,cwpb-2m,0,1.0,299.7,-92.0,11,4.0,5999310.0,234.0,-71.0,-71.0,21.0,5901025.0,4874.0,351.0,4851.0,4.0,2,3.0,-28.0,29,183.52698821178825,75.79941851446753,2.3952915411990143,1225,120.826
2026-07-14T14:37:57.762000Z,161,-47,80.0,3.0,3,2.0,0.0009038494674166,2896,43.245,6.933333333333333,19.299,433,cwpb-2m,0,1.0,227.171,-91.0,11,1.0,6926929.0,234.0,-64.0,-65.0,27.0,7605024.0,2631.0,263.3,2631.0,4.0,2,3.0,-35.0,31,276.7133786485406,81.85986628310684,0.1808318264014466,84,92.869
2026-07-14T14:40:37.466000Z,161,-48,80.0,1.0,4,2.0,0.0,0,2.507,1.3755555555555556,3.671,867,cwpb-2m,0,1.0,619.0,-92.0,11,1.0,5004188.0,526.6,-54.0,-54.0,38.0,8041513.0,2262.0,780.0,2262.0,4.0,3,3.0,-31.0,85,503.9178476954655,158.55626727465452,0.1686950234968068,84,1.665
2026-07-14T14:42:01.847000Z,161,-57,80.0,2.0,4,2.0,1.113165875703186,1853936,8.404,11.707777777777777,24.264,390,cwpb-2m,0,1.0,70.953,-91.0,11,5.0,6651607.0,175.5,-68.0,-67.0,23.0,5044184.0,6639.0,81.0,6624.0,4.0,3,3.0,-29.0,38,137.4769373438593,48.83892993630573,0.1156961048978017,63,182.451
2026-07-14T14:43:33.373000Z,161,-46,80.0,3.0,3,2.0,0.0008802205375536,2896,39.375,6.815555555555554,19.056,433,cwpb-2m,0,1.0,330.359,-91.0,11,1.0,6360913.0,263.3,-64.0,-65.0,27.0,7855625.0,3799.0,390.0,3799.0,4.0,2,3.0,-33.0,36,281.71637061469266,90.23477836228288,2.857687632576209,1199,84.934
2026-07-14T14:46:21.250000Z,161,-39,80.0,1.0,4,2.0,0.0,0,2.899,2.242222222222222,5.689,867,cwpb-2m,0,1.0,619.0,-91.0,11,0.0,6327241.0,468.0,-54.0,-53.0,37.0,8131066.0,3235.0,780.0,3235.0,4.0,3,3.0,-34.0,69,505.625641208068,232.2963534539838,0.1292307692307692,42,2.464
2026-07-14T14:47:37.595000Z,161,-58,80.0,2.0,4,2.0,0.8828190485000454,1820136,16.669,8.92111111111111,17.074,325,cwpb-2m,0,1.0,202.796,-92.0,11,7.0,6103212.0,263.3,-70.0,-71.0,22.0,5880931.0,4027.0,234.0,4010.0,4.0,3,3.0,-29.0,34,170.1696236634356,93.25074721780604,5.220452496458163,2432,66.926
2026-07-14T14:49:09.050000Z,161,-49,80.0,3.0,3,2.0,0.0008660903704531,2896,32.486,4.421111111111111,16.884999999999998,433,cwpb-2m,0,1.0,299.7,-91.0,11,1.0,6876038.0,234.0,-65.0,-65.0,26.0,7574241.0,2845.0,351.0,2844.0,4.0,2,3.0,-33.0,36,275.73703986412227,89.16958633022054,0.0669813727991834,42,70.703
2026-07-14T14:52:05.047000Z,161,-36,80.0,1.0,4,2.0,0.0,0,1.693,1.991111111111111,3.329,867,cwpb-2m,0,1.0,619.0,-92.0,11,1.0,7027698.0,866.7,-53.0,-50.0,39.0,8531073.0,2228.0,780.0,2228.0,4.0,3,3.0,-34.0,89,530.5815330343651,266.9985388705138,0.0432249963979169,21,2.153
2026-07-14T14:53:13.264000Z,161,-57,80.0,2.0,3,2.0,1.500070202459471,3039352,8.629,6.825555555555555,16.756999999999998,390,cwpb-2m,0,1.0,101.39,-91.0,11,7.0,6563385.0,175.5,-67.0,-68.0,23.0,5544651.0,5004.0,117.0,4966.0,4.0,2,3.0,-25.0,36,165.07399620417542,63.17727739113144,0.1289239962346007,63,155.185
2026-07-14T14:54:45.120000Z,161,-50,80.0,3.0,3,2.0,0.0008780487544575,2896,33.968,11.943333333333332,21.904,433,cwpb-2m,0,1.0,51.585,-91.0,11,2.0,6226499.0,263.3,-65.0,-65.0,26.0,7657435.0,4821.0,58.5,4820.0,4.0,2,3.0,-32.0,41,274.1429958025185,74.00734655035686,0.0899126562767597,42,83.177
2026-07-14T14:57:49.973000Z,161,-50,80.0,1.0,4,2.0,0.0,0,2.244,4.557777777777778,5.811,867,cwpb-2m,0,1.0,619.0,-91.0,11,0.0,5770380.0,780.0,-55.0,-52.0,36.0,8204830.0,2033.0,780.0,2033.0,4.0,3,3.0,-38.0,75,497.2752242593589,227.80800035518823,0.090489938380661,42,2.752
2026-07-14T14:58:49.051000Z,161,-58,80.0,2.0,3,2.0,3.0479536530743374,3252208,7.233,18.771111111111114,29.744,325,cwpb-2m,0,1.0,51.585,-91.0,11,7.0,6613813.0,58.5,-69.0,-71.0,22.0,3460840.0,2733.0,58.5,2715.0,4.0,2,3.0,-29.0,42,91.37186689317478,74.35376078079872,0.2146317532348071,105,143.394
2026-07-14T15:00:20.465000Z,161,-48,80.0,3.0,3,2.0,0.000437865209219,1448,39.146,5.252222222222222,14.204,433,cwpb-2m,0,1.0,299.7,-91.0,11,1.0,6988838.0,234.0,-65.0,-66.0,26.0,7451672.0,2597.0,351.0,2596.0,4.0,2,3.0,-32.0,41,270.78956466120326,92.17220500595948,0.1440946907968093,84,81.771
2026-07-14T15:03:33.746000Z,161,-39,80.0,1.0,4,2.0,0.0,0,1.502,2.752222222222222,4.422,780,cwpb-2m,0,1.0,619.0,-91.0,11,0.0,5931522.0,526.6,-56.0,-52.0,35.0,7946271.0,5730.0,780.0,5730.0,4.0,3,3.0,-34.0,90,460.5076173724992,207.5240260281263,0.0,0,1.834
2026-07-14T15:04:25.411000Z,161,-57,80.0,2.0,3,2.0,0.8706826968590131,1786920,6.834,14.424444444444443,25.349,390,cwpb-2m,0,1.0,51.585,-90.0,11,1.0,5789798.0,234.0,-69.0,-70.0,21.0,5590401.0,5805.0,58.5,5794.0,4.0,2,3.0,-28.0,50,174.36099370440692,71.50325257323833,3.117859862909368,1310,78.396
2026-07-14T15:05:56.390000Z,161,-48,80.0,3.0,3,2.0,0.0008552133082719,2896,63.345,9.538888888888888,20.1,433,cwpb-2m,0,1.0,101.39,-91.0,11,0.0,4754065.0,108.0,-64.0,-65.0,27.0,7475557.0,2638.0,117.0,2638.0,4.0,2,3.0,-33.0,44,274.9538746877186,69.18375235638456,2.755196203365997,1254,101.111
2026-07-14T15:09:18.923000Z,161,-40,80.0,1.0,4,2.0,0.000269995194272,1448,3.707,3.672222222222222,5.912,780,cwpb-2m,0,1.0,619.0,-91.0,11,0.0,5617529.0,526.6,-56.0,-57.0,36.0,7345829.0,5974.0,780.0,5973.0,4.0,3,3.0,-33.0,77,426.14955769020094,184.1472767085822,0.0904626518480227,42,2.61
2026-07-14T15:10:01.257000Z,161,-59,80.0,2.0,3,2.0,0.7448736227407956,1181568,9.567,6.887777777777777,11.809,325,cwpb-2m,0,1.0,202.796,-92.0,11,5.0,5679886.0,117.0,-67.0,-68.0,25.0,4537029.0,3324.0,234.0,3307.0,4.0,2,3.0,-29.0,49,131.58272115096412,87.58839810426541,0.2202042656712035,105,120.091
2026-07-14T15:11:32.375000Z,161,-48,80.0,3.0,3,2.0,0.0004886301039067,1448,41.748,10.381111111111112,18.854,433,cwpb-2m,0,1.0,153.406,-91.0,11,0.0,6645100.0,234.0,-64.0,-66.0,27.0,7234623.0,2662.0,175.5,2662.0,4.0,2,3.0,-33.0,44,251.4319512438805,95.16418071690994,0.090161646952751,42,59.33
2026-07-14T15:15:03.557000Z,161,-49,80.0,1.0,4,2.0,0.0,0,2.742,10.30888888888889,8.176,650,cwpb-2m,0,1.0,619.0,-92.0,11,0.0,5850632.0,650.0,-55.0,-52.0,37.0,8158564.0,3988.0,780.0,3988.0,4.0,3,3.0,-34.0,93,493.4300134144556,190.72758203722967,0.0452859484171482,21,2.39
2026-07-14T15:15:36.684000Z,161,-57,80.0,2.0,3,2.0,1.9926673470159129,4449568,4.766,15.374444444444448,29.461,390,cwpb-2m,0,1.0,330.359,-91.0,12,3.0,6093089.0,325.0,-67.0,-66.0,24.0,5733220.0,2967.0,390.0,2959.0,4.0,2,3.0,-28.0,49,189.41206993705663,112.07908280254776,0.0881260622337858,42,29.036
2026-07-14T15:17:08.030000Z,161,-49,80.0,3.0,3,2.0,0.0009620528613498,2896,33.925,7.694444444444445,22.255000000000003,433,cwpb-2m,0,1.0,251.312,-91.0,11,2.0,5370957.0,325.0,-65.0,-66.0,26.0,6911946.0,1788.0,292.5,1788.0,4.0,2,3.0,-33.0,40,248.1787074462769,67.42253437530913,0.1587701612903225,63,115.261
2026-07-14T15:20:48.137000Z,161,-48,80.0,1.0,4,2.0,0.0,0,2.908,1.7711111111111109,3.69,867,cwpb-2m,0,1.0,619.0,-92.0,11,0.0,5868904.0,780.0,-56.0,-52.0,36.0,8391320.0,3075.0,780.0,3075.0,4.0,3,3.0,-35.0,89,455.82644018224994,280.4423114538687,0.0441454698339289,21,2.187
2026-07-14T15:21:12.117000Z,161,-58,80.0,2.0,3,2.0,0.6404336435782921,1152608,7.067,4.561111111111111,8.208,325,cwpb-2m,0,1.0,227.171,-92.0,11,5.0,6574366.0,325.0,-70.0,-69.0,22.0,5117232.0,3259.0,263.3,3251.0,4.0,2,3.0,-29.0,40,150.0360543565148,104.09617507211776,2.6224152014100857,1220,69.989
2026-07-14T15:22:43.357000Z,161,-50,80.0,3.0,3,2.0,0.0008445276011216,2896,40.542,6.918888888888889,18.905,433,cwpb-2m,0,1.0,330.359,-88.0,12,1.0,5586328.0,263.3,-66.0,-66.0,22.0,7772044.0,3482.0,390.0,3482.0,4.0,2,3.0,-33.0,40,281.68821587047773,96.49599841505696,2.5863476769821183,1267,135.197
2026-07-14T15:26:32.149000Z,161,-48,80.0,1.0,4,2.0,0.0002347529548664,1448,2.025,6.232222222222222,9.802,780,cwpb-2m,0,1.0,619.0,-91.0,11,0.0,5283896.0,526.6,-55.0,-54.0,35.0,7951699.0,2905.0,780.0,2905.0,4.0,3,3.0,-34.0,90,492.44881550786255,196.4899236836632,0.2331778814123917,84,2.57
2026-07-14T15:26:47.896000Z,161,-62,80.0,2.0,3,2.0,0.6014077973968678,506800,14.16,23.27,24.717,390,cwpb-2m,0,1.0,330.359,-92.0,11,4.0,5858058.0,234.0,-69.0,-70.0,23.0,3246957.0,4956.0,390.0,4954.0,4.0,2,3.0,-28.0,43,70.40094634828654,104.930613349249,2.511790466565605,1193,20.789
2026-07-14T15:28:19.122000Z,161,-51,80.0,3.0,3,2.0,0.0,0,22.858,5.786666666666668,16.8,433,cwpb-2m,0,1.0,299.7,-91.0,11,2.0,6656127.0,325.0,-66.0,-66.0,25.0,7685657.0,2999.0,351.0,2999.0,4.0,2,3.0,-33.0,40,275.8197113731761,141.75870662020907,0.1231310466138962,63,37.369
2026-07-14T15:32:16.147000Z,161,-40,80.0,1.0,4,2.0,0.0,0,1.803,97.12444444444444,61.335,780,cwpb-2m,0,1.0,202.78,-91.0,12,0.0,3837661.0,866.7,-55.0,-56.0,36.0,7868848.0,3441.0,234.0,3441.0,4.0,3,11.0,-33.0,80,492.6048579382142,128.5361557361557,0.2321108826845281,105,2.729
2026-07-14T15:32:23.337000Z,161,-63,80.0,2.0,3,2.0,0.3898299433444866,346072,37.287,18.85222222222222,16.036000000000005,325,cwpb-2m,0,1.0,330.359,-92.0,11,5.0,4216477.0,263.3,-70.0,-70.0,21.0,3461004.0,1325.0,390.0,1320.0,4.0,2,3.0,-28.0,52,72.90069883128558,86.16286852589641,11.612103174603176,7023,26.548
2026-07-14T15:33:54.957000Z,161,-48,80.0,3.0,3,2.0,0.0008644544703651,2896,35.76,5.533333333333333,15.752,433,cwpb-2m,0,1.0,330.359,-89.0,11,0.0,5879499.0,175.5,-65.0,-65.0,24.0,7777579.0,3247.0,390.0,3247.0,4.0,2,3.0,-32.0,54,279.08946588070734,119.78095935120166,0.0903731118474846,42,182.292
2026-07-14T15:37:59.379000Z,161,-62,80.0,2.0,3,2.0,0.9602330971895424,298288,8.17,27.879999999999995,49.194,390,cwpb-2m,0,1.0,202.796,-91.0,11,0.0,5021403.0,390.0,-69.0,-69.0,22.0,1367876.0,2856.0,234.0,2851.0,4.0,2,3.0,-29.0,42,25.983897681854515,101.720522413279,0.1231262337053178,63,49.939
2026-07-14T15:38:03.188000Z,161,-39,80.0,1.0,4,2.0,0.0002535035113142,1448,2.028,18.502857142857145,16.21625,867,cwpb-2m,0,1.0,563.578,-92.0,11,1.0,1970549.0,27.0,-52.0,-52.0,40.0,7560484.0,5092.0,702.0,5092.0,4.0,3,3.0,-33.0,83,456.5310569102414,54.60989296888568,0.2584488148275777,105,2.555
2026-07-14T15:39:30.411000Z,161,-52,80.0,3.0,3,2.0,0.0004150552414448,1448,31.753,4.715555555555556,16.894,433,cwpb-2m,0,1.0,330.359,-90.0,11,1.0,5151064.0,234.0,-64.0,-65.0,26.0,7819010.0,2261.0,390.0,2261.0,4.0,2,3.0,-32.0,54,285.0416470117929,82.17386412395709,2.258531383302864,1186,74.649
2026-07-14T15:43:35.208000Z,161,-56,80.0,2.0,3,2.0,1.0771918091404542,2138696,3.148,9.827777777777776,14.334,390,cwpb-2m,0,1.0,202.796,-90.0,11,2.0,5407076.0,234.0,-70.0,-70.0,20.0,5046104.0,3456.0,234.0,3443.0,4.0,2,3.0,-28.0,42,160.94860957329868,93.08616560509554,4.490016996320577,2404,108.576
2026-07-14T15:43:50.618000Z,161,-40,80.0,1.0,4,2.0,0.0037190091028997,8688,4.135,2.342666666666667,3.4188,780,cwpb-2m,0,1.0,619.0,-92.0,11,0.0,6144022.0,780.0,-55.0,-56.0,37.0,4396361.0,2341.0,780.0,2341.0,4.0,3,3.0,-34.0,87,147.05328971792858,241.40383013888436,0.1393651144784869,63,2.84
2026-07-14T15:45:06.069000Z,161,-48,80.0,3.0,3,2.0,0.001226012130024,4344,39.951,12.726666666666668,17.249000000000002,433,cwpb-2m,0,1.0,202.796,-91.0,11,0.0,4602078.0,325.0,-65.0,-65.0,26.0,8037706.0,2101.0,234.0,2100.0,4.0,2,3.0,-32.0,35,295.1019404357386,84.25312330946699,0.2057764385977805,84,137.507
2026-07-14T15:49:11.414000Z,161,-58,80.0,2.0,3,2.0,1.646399059676942,3175464,4.806,33.27555555555555,29.061,325,cwpb-2m,0,1.0,330.359,-92.0,13,2.0,6323584.0,390.0,-69.0,-70.0,23.0,5636519.0,12514.0,390.0,12512.0,4.0,2,3.0,-29.0,44,155.88780977120592,118.4128982358218,0.0452615470827855,21,36.255
2026-07-14T15:49:36.919000Z,161,-39,80.0,1.0,5,2.0,0.0,0,2.718,2.2133333333333334,3.828,867,cwpb-2m,0,1.0,619.0,-91.0,13,0.0,5535494.0,866.7,-56.0,-53.0,35.0,8880330.0,4323.0,780.0,4323.0,4.0,4,3.0,-32.0,77,530.6916238927157,275.3155229216003,0.1159601686024038,63,2.556
2026-07-14T15:50:41.793000Z,161,-49,80.0,3.0,3,2.0,0.0008744209738904,2896,18.069,8.75,17.285,433,cwpb-2m,0,1.0,251.312,-92.0,13,2.0,6664228.0,263.3,-65.0,-66.0,27.0,7731358.0,2959.0,292.5,2959.0,4.0,2,3.0,-32.0,35,275.8197113731761,136.70740621586734,2.0297038048517337,1204,102.874
2026-07-14T15:54:46.421000Z,161,-58,80.0,2.0,3,2.0,1.7150854701917886,4412056,6.952,10.057777777777778,22.907000000000004,390,cwpb-2m,0,1.0,330.359,-91.0,11,2.0,6549261.0,325.0,-71.0,-72.0,20.0,6274060.0,2153.0,390.0,2148.0,4.0,2,3.0,-29.0,48,207.8711814548361,150.03538620964528,2.160244740151273,1151,17.155
2026-07-14T15:55:22.104000Z,161,-48,80.0,1.0,1,2.0,0.0,0,2.077,2.6531111111111114,4.0182,780,cwpb-2m,0,1.0,619.0,-92.0,11,0.0,6359441.0,780.0,-56.0,-56.0,36.0,8334912.0,4392.0,780.0,4392.0,4.0,0,3.0,-33.0,73,502.3245244991225,225.95091301723932,0.0,0,2.457
2026-07-14T15:56:17.402000Z,161,-49,80.0,3.0,3,2.0,0.0008271990166111,2896,40.618,6.217777777777776,21.204,433,cwpb-2m,0,1.0,251.312,-91.0,11,2.0,6554386.0,234.0,-65.0,-66.0,27.0,8011745.0,3631.0,292.5,3631.0,4.0,2,3.0,-36.0,41,288.39507815310816,146.95280389623298,0.0,0,30.095
2026-07-14T16:00:22.400000Z,161,-55,80.0,2.0,3,2.0,0.723422092840517,1437864,5.097,3.6411111111111114,6.751,433,cwpb-2m,0,1.0,330.359,-91.0,11,8.0,6864699.0,263.3,-66.0,-67.0,25.0,5567651.0,2605.0,390.0,2587.0,4.0,2,3.0,-28.0,34,173.52271969621265,150.39378690321936,4.331812434720466,2364,48.131
2026-07-14T16:01:06.113000Z,161,-39,80.0,1.0,4,2.0,0.0004747080968114,2896,2.512,2.671111111111111,5.191,780,cwpb-2m,0,1.0,619.0,-92.0,11,0.0,5871626.0,780.0,-55.0,-53.0,36.0,8127192.0,2711.0,780.0,2711.0,4.0,3,3.0,-34.0,80,485.3916502824852,296.53339604976475,0.0,0,2.44
2026-07-14T16:01:53.061000Z,161,-48,80.0,3.0,3,2.0,0.000877417014226,2896,28.583,10.375555555555556,20.462,433,cwpb-2m,0,1.0,330.359,-91.0,11,0.0,6641989.0,390.0,-65.0,-66.0,26.0,7512708.0,2929.0,390.0,2929.0,4.0,2,3.0,-36.0,41,270.8166300849575,117.75898230967998,0.1505592199598509,63,61.232
2026-07-14T16:05:58.160000Z,161,-59,80.0,2.0,3,2.0,0.9039993619494032,1584112,8.458,27.99444444444445,22.685,292,cwpb-2m,0,1.0,330.359,-92.0,11,2.0,6512987.0,263.3,-70.0,-71.0,22.0,6315777.0,8297.0,390.0,8287.0,4.0,2,3.0,-31.0,48,150.91948425787106,116.29927308996608,4.799190267937284,2513,24.008
2026-07-14T16:06:50.782000Z,161,-39,80.0,1.0,4,2.0,0.0,0,1.98,1.182222222222222,3.558,867,cwpb-2m,0,1.0,619.0,-92.0,11,0.0,5871511.0,866.7,-56.0,-55.0,36.0,8409748.0,3336.0,780.0,3336.0,4.0,3,3.0,-32.0,86,510.7371907552776,283.4499762412545,0.0533211456429006,21,2.305
2026-07-14T16:07:30.301000Z,161,-49,80.0,3.0,3,2.0,0.0017571317707092,4344,22.322,7.492222222222223,16.677,433,cwpb-2m,0,1.0,330.359,-89.0,11,1.0,4579006.0,175.5,-67.0,-68.0,23.0,5589560.0,2293.0,390.0,2293.0,4.0,2,3.0,-36.0,41,203.68023021582732,35.79997229094508,0.1228309612010138,63,279.13
2026-07-14T16:11:34.014000Z,161,-58,80.0,2.0,3,2.0,1.0535348431454623,2332728,7.097,15.144444444444446,19.743,325,cwpb-2m,0,1.0,251.312,-92.0,11,2.0,6497860.0,390.0,-70.0,-71.0,22.0,5744104.0,2850.0,292.5,2839.0,4.0,2,3.0,-30.0,43,181.85094265734267,130.64122856289214,3.6645027754257216,2337,23.277
2026-07-14T16:12:35.183000Z,161,-39,80.0,1.0,4,2.0,0.0,0,2.318,3.672222222222222,5.427,867,cwpb-2m,0,1.0,619.0,-92.0,11,1.0,6166331.0,650.0,-56.0,-57.0,36.0,8477052.0,3701.0,780.0,3701.0,4.0,3,3.0,-31.0,82,510.8727244844552,301.19147436575645,0.0,0,2.842
2026-07-14T16:13:05.485000Z,161,-48,80.0,3.0,3,2.0,0.0008802631529674,2896,24.385,6.682222222222222,18.059,433,cwpb-2m,0,1.0,330.359,-91.0,11,0.0,6388148.0,390.0,-66.0,-67.0,25.0,7932661.0,3436.0,390.0,3435.0,4.0,2,3.0,-31.0,40,285.8800047971217,125.76265583836783,0.0452137966670972,21,66.201
2026-07-14T16:17:09.581000Z,161,-59,80.0,2.0,3,2.0,1.0034597598135429,1966384,5.555,9.407777777777778,9.494,390,cwpb-2m,0,1.0,330.359,-92.0,11,5.0,6321880.0,263.3,-68.0,-69.0,23.0,5138208.0,2903.0,390.0,2892.0,4.0,2,3.0,-30.0,45,157.6112636418149,138.2209065709443,0.0824208171435299,42,20.145
2026-07-14T16:18:19.441000Z,161,-39,80.0,1.0,4,2.0,0.0,0,2.484,3.312222222222222,4.346,867,cwpb-2m,0,1.0,619.0,-92.0,11,0.0,5842421.0,866.7,-55.0,-57.0,37.0,8602796.0,2786.0,780.0,2786.0,4.0,3,3.0,-32.0,81,527.5987589888244,286.06171537364685,0.0773238580923099,42,2.534
2026-07-14T16:18:41.286000Z,161,-49,80.0,3.0,3,2.0,0.001510873174092,2896,81.676,0.0,0.0,433,cwpb-2m,0,1.0,251.312,-91.0,11,3.0,5474482.0,263.3,-66.0,-66.0,25.0,4646335.0,3669.0,292.5,3669.0,4.0,2,3.0,-31.0,40,156.77290585648612,116.69334179726243,0.1680504151245373,84,49.726
2026-07-14T16:33:57.379000Z,11,-34,160.0,1.0,10,2.0,0.0037537689343682,2896,4.118,4.1433333333333335,7.225,65,cwpb-2m,0,2.0,114.187,-87.0,16,0.0,0.0,144.4,-44.0,-44.0,43.0,0.0,0.0,130.0,0.0,4.0,9,11.0,-36.0,89,61.234873234032726,47.149023267832526,0.1345356118967919,84,2.785
2026-07-14T16:35:32.131000Z,11,-36,20.0,2.0,5,2.0,0.6513702058966483,243264,24.933,4.896666666666667,22.612,72,cwpb-2m,0,2.0,114.187,-87.0,18,0.0,0.0,144.4,-44.0,-44.0,43.0,0.0,0.0,130.0,0.0,4.0,4,11.0,-47.0,44,30.99136255616575,38.53297182025895,9.641010342084328,5817,167.558
2026-07-14T16:38:03.569000Z,11,-32,160.0,1.0,9,2.0,0.0035518436717821,2896,2.728,3.6766666666666663,5.5680000000000005,65,cwpb-2m,0,2.0,114.187,-89.0,18,0.0,7665172.0,144.4,-42.0,-42.0,47.0,6590048.0,4851.0,130.0,4851.0,4.0,8,11.0,-34.0,83,65.14734591204116,52.80021261722332,0.1468873863371415,63,9.022
2026-07-14T16:39:28.843000Z,11,-36,20.0,2.0,5,2.0,0.8299956684271396,308424,19.916,8.122222222222222,27.64,72,cwpb-2m,0,2.0,57.203,-87.0,14,0.0,0.0,72.2,-45.0,-44.0,43.0,0.0,0.0,65.0,0.0,4.0,4,161.0,-46.0,37,31.009940653411928,38.31076528093216,6.732752693101077,3525,123.71
2026-07-14T16:40:50.077000Z,11,-37,20.0,3.0,5,2.0,1.274111907032859,437296,29.411,11.282222222222222,20.865,72,cwpb-2m,0,2.0,57.203,-91.0,13,0.0,0.0,72.2,-39.0,-40.0,53.0,0.0,0.0,65.0,0.0,4.0,4,11.0,-44.0,36,29.345455272363814,38.8775031945789,4.611204503694437,2359,203.387
2026-07-14T16:43:47.659000Z,11,-36,160.0,1.0,7,2.0,0.0031931648630136,2896,2.807,4.197777777777778,8.828,65,cwpb-2m,0,2.0,114.187,-87.0,19,0.0,8844533.0,144.4,-44.0,-43.0,43.0,7223793.0,2705.0,130.0,2705.0,4.0,6,11.0,-38.0,81,72.7498161123024,67.87444412645023,0.0422994803206703,21,2.48
2026-07-14T16:45:05.102000Z,11,-31,20.0,2.0,5,2.0,0.9081733392821196,362000,15.636,7.455555555555557,21.374,72,cwpb-2m,0,2.0,57.203,-83.0,16,12.0,7018891.0,58.5,-46.0,-45.0,38.0,5839598.0,823.0,65.0,822.0,4.0,4,161.0,-46.0,38,33.524260165850734,28.84706939552594,9.076633165829143,4624,242.263
2026-07-14T16:46:26.134000Z,11,-31,20.0,3.0,3,2.0,0.0141634109406089,5792,60.183,10.525555555555554,35.337,72,cwpb-2m,0,2.0,57.203,-90.0,20,2.0,7983970.0,72.2,-39.0,-40.0,53.0,6090449.0,422.0,65.0,422.0,4.0,2,11.0,-46.0,34,35.21102698380972,42.62337463357436,0.1388429752066115,63,196.401
2026-07-14T16:48:53.452000Z,8,-36,160.0,1.0,3,2.0,0.0038527639643536,2896,1.971,8.223333333333333,7.407999999999999,65,cwpb-2m,0,2.0,101.46,-79.0,4,0.0,0.0,104.0,-46.0,-45.0,33.0,0.0,561.0,117.0,561.0,4.0,2,11.0,-40.0,83,60.11669105870751,32.51543927338469,0.1069600427840171,42,2.201
2026-07-14T16:50:11.533000Z,8,-36,20.0,2.0,4,2.0,0.0101382915242389,4344,44.503,17.877777777777776,34.980000000000004,72,cwpb-2m,0,2.0,57.203,-82.0,4,0.0,0.0,58.5,-43.0,-45.0,39.0,0.0,0.0,65.0,0.0,4.0,3,11.0,-45.0,46,36.03857967828954,24.978382911703907,2.616669973326279,1187,268.221
2026-07-14T16:51:47.921000Z,8,-37,20.0,3.0,4,2.0,1.196949734051645,341728,19.838,48.400000000000006,57.44000000000001,72,cwpb-2m,0,2.0,57.203,-83.0,4,0.0,0.0,72.2,-41.0,-41.0,43.0,0.0,554.0,65.0,554.0,4.0,3,11.0,-44.0,34,25.14822024582792,22.53327312339077,5.304847689313357,2344,235.784
2026-07-14T16:54:38.481000Z,8,-35,160.0,1.0,3,2.0,0.0170344283678758,8688,2.934,41.73111111111111,32.261,65,cwpb-2m,0,2.0,114.187,-78.0,4,0.0,5988423.0,144.4,-43.0,-44.0,35.0,6941774.0,15407.0,130.0,15407.0,4.0,2,161.0,-39.0,79,41.32076692069826,33.429845494956034,0.1512786649057509,63,3.913
2026-07-14T16:55:47.152000Z,8,-27,20.0,2.0,4,2.0,0.0065087673275702,2896,48.812,17.711111111111112,28.820000000000004,72,cwpb-2m,0,2.0,57.203,-83.0,3,2.0,6559496.0,52.0,-41.0,-42.0,42.0,7058239.0,3974.0,65.0,3974.0,4.0,3,161.0,-46.0,49,36.88037090327738,26.69405887032617,0.1930797756596892,63,268.07
2026-07-14T16:57:23.808000Z,8,-34,20.0,3.0,4,2.0,1.7214094032257654,595128,18.028,12.82888888888889,35.64399999999999,72,cwpb-2m,0,2.0,57.203,-89.0,4,7.0,4561001.0,72.2,-42.0,-42.0,47.0,5329565.0,1600.0,65.0,1600.0,4.0,3,11.0,-44.0,34,29.33959028679924,20.129190785587717,5.526097233757107,3460,383.222
2026-07-14T17:00:22.585000Z,8,-32,160.0,1.0,1,2.0,0.0019307708768067,1448,5.495,4.937777777777778,7.925,65,cwpb-2m,0,2.0,114.187,-82.0,4,0.0,8231432.0,144.4,-44.0,-45.0,39.0,8063198.0,15489.0,130.0,15489.0,4.0,0,11.0,-39.0,70,59.91515091892457,46.83872113492016,0.1469593412489211,63,5.028
2026-07-14T17:01:23.014000Z,8,-28,20.0,2.0,4,2.0,0.0100959843640533,4344,52.079,12.699999999999998,28.22,72,cwpb-2m,0,2.0,57.203,-85.0,4,8.0,7500102.0,65.0,-41.0,-40.0,44.0,6720821.0,2372.0,65.0,2372.0,4.0,3,161.0,-46.0,31,36.88037090327738,29.79856279809221,0.1692274631997421,63,233.291
2026-07-14T17:02:59.523000Z,8,-33,20.0,3.0,4,2.0,1.7520897014068453,441640,19.869,35.525000000000006,47.21111111111111,72,cwpb-2m,0,2.0,57.203,-82.0,4,2.0,4980811.0,72.2,-41.0,-42.0,40.0,4391965.0,1693.0,65.0,1677.0,4.0,3,11.0,-43.0,37,22.635660203877677,21.821520166484987,2.5493439188444147,1156,441.095
2026-07-14T17:06:08.262000Z,8,-33,160.0,1.0,3,2.0,0.0083219280390008,5792,2.608,3.26,9.239,65,cwpb-2m,0,2.0,114.187,-81.0,3,0.0,8126090.0,117.0,-43.0,-42.0,38.0,8375559.0,19681.0,130.0,19681.0,4.0,2,11.0,-37.0,86,55.189123961400014,43.16568139408837,0.0442701745509739,21,3.993
2026-07-14T17:06:58.850000Z,8,-27,20.0,2.0,4,2.0,0.0257029891795385,11584,16.835,11.095555555555556,44.204,72,cwpb-2m,0,2.0,57.203,-74.0,3,7.0,8065763.0,6.5,-38.0,-37.0,36.0,7116013.0,2067.0,65.0,2067.0,4.0,3,11.0,-46.0,54,39.39494164668265,29.620790960451977,0.2121962309907543,84,195.398
2026-07-14T17:08:35.217000Z,8,-35,20.0,3.0,4,2.0,1.2940179444417714,456120,18.0,20.16333333333333,21.302,72,cwpb-2m,0,2.0,57.203,-85.0,3,1.0,5802018.0,72.2,-41.0,-42.0,45.0,5290904.0,1431.0,65.0,1431.0,4.0,3,11.0,-43.0,37,30.174848920863308,27.055308228730823,4.629918800749532,2372,283.769
2026-07-14T17:11:54.069000Z,8,-33,160.0,1.0,3,2.0,0.0060936995523319,2896,3.187,5.804444444444444,6.012,52,cwpb-2m,0,2.0,114.187,-79.0,3,0.0,7346853.0,144.4,-43.0,-44.0,36.0,6630960.0,14866.0,130.0,14866.0,4.0,2,11.0,-39.0,87,39.119383991208565,29.16608758788194,0.1067479984750286,42,5.125
2026-07-14T17:12:34.601000Z,8,-27,20.0,2.0,3,2.0,0.0097621978932349,4344,43.642,16.56555555555555,29.321,72,cwpb-2m,0,2.0,57.203,-84.0,4,5.0,7454656.0,52.0,-39.0,-36.0,45.0,7038232.0,1423.0,65.0,1423.0,4.0,2,161.0,-46.0,33,40.233131894484416,27.16840506329114,2.1981169226363084,1228,481.032
2026-07-14T17:14:11.246000Z,8,-33,20.0,3.0,4,2.0,0.908232191227905,247608,29.951,14.155555555555557,24.109,72,cwpb-2m,0,2.0,57.203,-83.0,4,1.0,5158177.0,39.0,-40.0,-41.0,43.0,3994229.0,782.0,65.0,782.0,4.0,3,11.0,-45.0,41,22.635660203877677,17.45188279848515,3.778421756576014,2373,693.754
2026-07-14T17:17:38.322000Z,8,-35,160.0,1.0,3,2.0,0.0036506486557242,2896,4.526,14.082222222222224,18.507,65,cwpb-2m,0,2.0,114.187,-83.0,3,0.0,7553052.0,117.0,-45.0,-45.0,38.0,8718692.0,17674.0,130.0,17674.0,4.0,2,11.0,-38.0,80,63.48343082266149,48.26438081966758,0.0885664881278731,42,4.389
2026-07-14T17:18:10.601000Z,8,-26,20.0,2.0,4,2.0,0.0090862876039275,4344,41.76,13.44222222222222,33.782,72,cwpb-2m,0,2.0,57.203,-90.0,4,9.0,6598784.0,52.0,-41.0,-39.0,50.0,7068914.0,1915.0,65.0,1915.0,4.0,3,11.0,-46.0,38,40.22911219902088,24.129104542749456,0.0411296956402522,21,373.488
2026-07-14T17:19:48.073000Z,8,-32,20.0,3.0,4,2.0,1.462822941896428,512592,29.389,15.797777777777776,26.715,72,cwpb-2m,0,2.0,57.203,-83.0,4,6.0,4686952.0,52.0,-41.0,-42.0,43.0,5270215.0,1021.0,65.0,1021.0,4.0,3,11.0,-45.0,41,29.345455272363814,18.082480079286423,5.22207563764292,2375,455.854
2026-07-14T17:23:23.353000Z,8,-33,160.0,1.0,3,2.0,0.0053658830632769,4344,2.67,10.354444444444445,9.995,58,cwpb-2m,0,2.0,114.187,-79.0,3,0.0,5870384.0,144.4,-43.0,-43.0,36.0,8290523.0,14958.0,130.0,14958.0,4.0,2,11.0,-38.0,84,63.78311911169504,42.34246606895445,0.143217622587465,63,2.462
2026-07-14T17:23:47.054000Z,8,-27,20.0,2.0,4,2.0,0.0133878735082645,5792,18.237,16.01111111111111,43.87000000000001,72,cwpb-2m,0,2.0,57.203,-85.0,3,5.0,5581650.0,58.5,-41.0,-40.0,44.0,6673906.0,2067.0,65.0,2067.0,4.0,3,161.0,-46.0,38,37.72233036874188,21.74993886462882,0.0821724839568007,42,280.29
2026-07-14T17:25:24.943000Z,8,-31,20.0,3.0,3,2.0,0.0097631509913553,4344,190.975,17.944444444444443,44.77,72,cwpb-2m,0,2.0,57.203,-84.0,4,5.0,5640603.0,26.0,-38.0,-36.0,46.0,6994992.0,2962.0,65.0,2962.0,4.0,2,11.0,-40.0,40,38.56831264367816,14.174171155948711,2.773654916512059,1196,595.044
2026-07-14T17:29:07.981000Z,8,-39,160.0,1.0,3,2.0,0.0078561210033612,4344,2.958,23.5,36.37,58,cwpb-2m,0,2.0,101.46,-83.0,3,0.0,5042582.0,144.4,-44.0,-45.0,40.0,6410064.0,9847.0,117.0,9847.0,4.0,2,11.0,-38.0,79,44.78267194082043,27.70260233567952,0.0,0,4.484
2026-07-14T17:29:23.154000Z,8,-28,20.0,2.0,4,2.0,0.0158657320786256,2896,25.567,18.11,44.541,72,cwpb-2m,0,2.0,57.203,-87.0,3,10.0,6487936.0,72.2,-44.0,-44.0,44.0,3414009.0,1412.0,65.0,1392.0,4.0,3,161.0,-46.0,39,15.927206155691016,26.77745303375235,2.0406758663408926,1186,359.433
2026-07-14T17:31:01.597000Z,8,-30,20.0,3.0,3,2.0,0.0058797961757285,2896,76.767,14.123333333333331,26.729000000000003,72,cwpb-2m,0,2.0,57.203,-83.0,3,6.0,4638467.0,65.0,-38.0,-34.0,45.0,7354800.0,1261.0,65.0,1261.0,4.0,2,11.0,-40.0,40,42.76052053973014,16.02309029569359,0.0464488730618654,21,645.974
2026-07-14T17:34:54.173000Z,8,-38,160.0,1.0,3,2.0,0.0088786716035678,5792,3.335,18.377777777777776,36.09,65,cwpb-2m,0,2.0,114.187,-88.0,3,0.0,3418997.0,144.4,-43.0,-44.0,45.0,6871927.0,12127.0,130.0,12127.0,4.0,2,11.0,-38.0,89,50.238408054056514,10.324959320052448,0.1135779766894724,42,7.998
2026-07-14T17:34:58.765000Z,8,-29,20.0,2.0,4,2.0,0.0136105132316496,4344,34.022,33.71111111111111,59.42999999999999,72,cwpb-2m,0,2.0,57.203,-91.0,3,18.0,5587249.0,52.0,-41.0,-40.0,50.0,4998989.0,1712.0,65.0,1711.0,4.0,3,161.0,-41.0,28,26.822087929656277,22.760408225437928,9.424125977480989,3507,290.121
2026-07-14T17:36:37.721000Z,8,-32,20.0,3.0,3,2.0,0.0146515936036484,5792,58.292,11.26,30.526,72,cwpb-2m,0,2.0,57.203,-88.0,4,0.0,4218252.0,52.0,-39.0,-35.0,49.0,6067888.0,1586.0,65.0,1586.0,4.0,2,11.0,-41.0,34,34.3658001598721,16.870781561543776,0.0950957750305665,42,591.8
2026-07-14T17:40:34.938000Z,8,-28,20.0,2.0,4,2.0,0.0143199563491864,4344,35.514,9.706666666666669,24.564,72,cwpb-2m,0,2.0,57.203,-87.0,4,0.0,5222122.0,52.0,-41.0,-40.0,46.0,4778550.0,1570.0,65.0,1570.0,4.0,3,161.0,-46.0,45,25.986494254022183,18.88952113233693,5.883244882486732,2328,453.925
2026-07-14T17:40:40.804000Z,8,-35,160.0,1.0,4,2.0,0.0082213906959293,2896,8.011,10.916666666666666,13.367,52,cwpb-2m,0,2.0,101.46,-84.0,4,0.0,2719488.0,144.4,-43.0,-44.0,41.0,4478745.0,8639.0,117.0,8639.0,4.0,3,161.0,-39.0,81,26.195792814488613,3.7140693411477943,9.740821624294368,4728,6.0
2026-07-14T17:42:13.533000Z,8,-34,20.0,3.0,3,2.0,0.0090656942276571,4344,68.132,19.14888888888889,24.733,72,cwpb-2m,0,2.0,57.203,-87.0,3,7.0,5119731.0,72.2,-40.0,-37.0,47.0,7061963.0,2079.0,65.0,2079.0,4.0,2,11.0,-41.0,34,41.07542640151894,20.30106433677522,0.0904120204933913,42,364.012
2026-07-14T17:46:10.650000Z,8,-28,20.0,2.0,4,2.0,0.0185041396622943,5792,43.736,36.98,39.759,72,cwpb-2m,0,2.0,57.203,-89.0,3,4.0,5246841.0,52.0,-41.0,-39.0,48.0,5005423.0,1970.0,65.0,1970.0,4.0,3,161.0,-46.0,41,26.822087929656277,19.700768837300807,0.0516274953289409,21,386.5
2026-07-14T17:46:25.637000Z,8,-37,160.0,1.0,3,2.0,0.236620621755908,65160,7.701,21.7,16.659,65,cwpb-2m,0,2.0,114.187,-83.0,3,0.0,4809182.0,117.0,-42.0,-44.0,40.0,3874545.0,5991.0,130.0,5952.0,4.0,2,161.0,-40.0,71,22.00825344533527,21.51701653783488,0.213474294137081,84,2.332
2026-07-14T17:47:50.037000Z,8,-32,20.0,3.0,2,2.0,0.0089795687524898,2896,61.677,16.08888888888889,47.64,72,cwpb-2m,0,2.0,57.203,-86.0,3,11.0,5549436.0,52.0,-40.0,-36.0,46.0,5654055.0,3780.0,65.0,3780.0,4.0,1,11.0,-28.0,26,28.507013693153425,12.38516565756824,2.1230471549376526,1185,408.154
2026-07-14T17:52:11.243000Z,8,-32,160.0,1.0,3,2.0,0.0053297532049435,4344,2.553,2.440444444444444,4.6396,65,cwpb-2m,0,2.0,114.187,-78.0,3,0.0,7531197.0,144.4,-43.0,-44.0,35.0,8626452.0,15768.0,130.0,15768.0,4.0,2,161.0,-40.0,73,65.23841880811098,38.46757119357506,0.0465373961218836,21,2.155
2026-07-14T17:53:25.662000Z,8,-36,20.0,3.0,2,2.0,0.0166107544999314,5792,34.609,22.133333333333333,46.09,72,cwpb-2m,0,2.0,57.203,-87.0,3,1.0,5954255.0,72.2,-39.0,-35.0,49.0,5438953.0,1339.0,65.0,1339.0,4.0,1,11.0,-28.0,26,31.01613830318777,27.25195040174586,0.0452021180421025,21,269.574
2026-07-14T17:57:56.839000Z,8,-32,160.0,1.0,3,2.0,0.0291566114540557,13032,4.23,3.89,13.229,58,cwpb-2m,0,2.0,114.187,-79.0,3,0.0,7418622.0,117.0,-43.0,-42.0,36.0,6908303.0,16124.0,130.0,16124.0,4.0,2,161.0,-39.0,61,36.311427767226455,33.69665821934654,0.0490918016691212,21,2.653
2026-07-14T17:59:01.870000Z,8,-31,20.0,3.0,4,2.0,1.822628923628498,584992,41.945,19.84875,36.55666666666667,72,cwpb-2m,0,2.0,57.203,-85.0,3,9.0,6167735.0,58.5,-40.0,-41.0,45.0,5070037.0,1668.0,65.0,1668.0,4.0,3,11.0,-42.0,47,26.82476826221645,26.13370827127396,2.347463761028189,1200,336.876
2026-07-14T18:03:00.766000Z,8,-27,20.0,2.0,4,2.0,0.0092416361065787,4344,35.418,12.285555555555554,28.203,72,cwpb-2m,0,2.0,57.203,-83.0,3,10.0,7788170.0,72.2,-41.0,-39.0,42.0,7095563.0,1726.0,65.0,1726.0,4.0,3,161.0,-46.0,37,40.23715239332467,26.422450793650796,2.498171020355468,1161,281.006
2026-07-14T18:03:41.245000Z,8,-35,160.0,1.0,3,2.0,0.0039182047694942,2896,2.603,3.0244444444444443,7.091,65,cwpb-2m,0,2.0,114.187,-82.0,3,0.0,8250328.0,117.0,-42.0,-41.0,40.0,8650080.0,17809.0,130.0,17809.0,4.0,2,161.0,-37.0,67,58.69251462765881,47.50857280572323,0.1649905719673161,84,2.871
2026-07-14T18:04:37.826000Z,8,-32,20.0,3.0,4,2.0,1.679654941695774,634224,23.657,22.750000000000007,28.955555555555552,72,cwpb-2m,0,2.0,57.203,-84.0,4,6.0,4953564.0,58.5,-43.0,-41.0,42.0,5766116.0,1851.0,65.0,1851.0,4.0,3,11.0,-42.0,47,32.69595362782331,18.707867975022303,2.814228517207064,1216,473.309
2026-07-14T18:08:36.588000Z,8,-28,20.0,2.0,4,2.0,0.0121165180608081,5792,33.415,11.89,25.499,72,cwpb-2m,0,2.0,57.203,-88.0,4,2.0,7291883.0,58.5,-43.0,-44.0,45.0,7392743.0,2855.0,65.0,2855.0,4.0,3,161.0,-46.0,43,41.07542640151894,24.36867907434761,2.316329067921425,1211,302.801
2026-07-14T18:09:27.784000Z,8,-32,160.0,1.0,3,2.0,0.0086292846215778,5792,2.766,23.14666666666667,17.28,58,cwpb-2m,0,2.0,114.187,-84.0,3,0.0,6581545.0,117.0,-42.0,-42.0,42.0,8585657.0,21090.0,130.0,21090.0,4.0,2,161.0,-38.0,86,51.69887671190562,31.78109942295215,0.1238986784140969,63,7.185
2026-07-14T18:10:13.720000Z,8,-33,20.0,3.0,4,2.0,2.7382814325029643,886176,21.425,14.517777777777775,28.698,72,cwpb-2m,0,2.0,57.203,-87.0,3,3.0,6199774.0,39.0,-41.0,-41.0,47.0,5347355.0,2281.0,65.0,2281.0,4.0,3,11.0,-41.0,39,29.34252248650809,22.75881800079649,0.1538236155874597,84,428.807
2026-07-14T18:14:12.947000Z,8,-28,20.0,2.0,4,2.0,0.008263511983462,2896,34.854,26.49,43.229,72,cwpb-2m,0,2.0,57.203,-88.0,4,1.0,7069219.0,58.5,-41.0,-40.0,47.0,5669048.0,1839.0,65.0,1839.0,4.0,3,161.0,-46.0,45,31.857595842494504,25.18391530242133,0.1681816361670604,84,330.439
2026-07-14T18:15:14.005000Z,8,-32,160.0,1.0,3,2.0,0.0088220793738565,5792,2.865,4.912222222222223,8.782,52,cwpb-2m,0,2.0,101.46,-81.0,4,0.0,7395742.0,117.0,-43.0,-42.0,38.0,8190069.0,19199.0,117.0,19199.0,4.0,2,161.0,-38.0,76,47.00817671591207,43.47303512357851,0.1753946379353545,63,5.81
2026-07-14T18:15:49.423000Z,8,-34,20.0,3.0,4,2.0,0.0127959935108052,5792,41.774,17.58666666666667,34.272,72,cwpb-2m,0,2.0,57.203,-87.0,4,1.0,5641644.0,72.2,-41.0,-37.0,46.0,6786506.0,1973.0,65.0,1973.0,4.0,3,11.0,-41.0,39,38.54904775224775,26.029589911627443,0.090237194912341,42,349.497
2026-07-14T18:19:48.753000Z,8,-28,20.0,2.0,4,2.0,0.009146959292999,4344,59.653,13.133333333333336,28.59,72,cwpb-2m,0,2.0,57.203,-89.0,4,7.0,6662385.0,52.0,-40.0,-40.0,49.0,7215979.0,2057.0,65.0,2057.0,4.0,3,161.0,-46.0,42,41.07132214228617,24.857137869470343,0.0476028561713702,21,287.438
2026-07-14T18:21:25.540000Z,8,-31,20.0,3.0,4,2.0,0.0107527712148908,4344,59.83,17.62888888888889,31.554,72,cwpb-2m,0,2.0,57.203,-85.0,4,0.0,4049724.0,58.5,-39.0,-36.0,46.0,6130000.0,2141.0,65.0,2141.0,4.0,3,11.0,-44.0,42,34.3658001598721,17.5038862109838,0.1288159159220561,63,515.696
2026-07-14T18:25:24.562000Z,8,-27,20.0,2.0,4,2.0,0.0087121207259266,4344,53.333,11.661111111111111,27.835,72,cwpb-2m,0,2.0,57.203,-87.0,3,7.0,7378118.0,58.5,-39.0,-38.0,48.0,7542350.0,2364.0,65.0,2364.0,4.0,3,11.0,-46.0,43,42.75624705176894,28.875191569738544,2.363432776133728,1182,255.897
2026-07-14T18:26:43.466000Z,8,-32,160.0,1.0,3,2.0,0.0082488321750028,4344,2.838,30.45777777777778,41.184,58,cwpb-2m,0,2.0,101.46,-83.0,4,0.0,7970002.0,144.4,-43.0,-42.0,41.0,7041645.0,16212.0,117.0,16212.0,4.0,2,161.0,-38.0,70,42.11249022135545,46.53426770452653,0.0,0,6.067
2026-07-14T18:27:02.495000Z,8,-32,20.0,3.0,4,2.0,0.2628190497693508,102808,38.672,12.288888888888888,35.21000000000001,72,cwpb-2m,0,2.0,57.203,-88.0,4,21.0,6955455.0,52.0,-41.0,-42.0,49.0,6088219.0,1945.0,65.0,1920.0,4.0,3,11.0,-44.0,42,33.53096032777056,19.1894905529726,0.0,0,493.871
2026-07-14T18:31:00.527000Z,8,-28,20.0,2.0,4,2.0,0.0119364558486325,5792,36.929,7.411111111111111,34.12,72,cwpb-2m,0,2.0,57.203,-88.0,4,1.0,6836249.0,52.0,-40.0,-40.0,48.0,7152635.0,2067.0,65.0,2067.0,4.0,3,161.0,-46.0,41,40.233131894484416,27.290993369619,2.270771397277421,1161,312.143
2026-07-14T18:32:28.369000Z,8,-38,160.0,1.0,3,2.0,0.0078503648178744,4344,3.987,12.584444444444443,23.567,65,cwpb-2m,0,2.0,114.187,-83.0,3,0.0,3580901.0,130.0,-42.0,-42.0,41.0,6708431.0,14299.0,130.0,14299.0,4.0,2,161.0,-40.0,71,44.78632104036986,9.616876819822938,0.170238063069149,63,3.859
2026-07-14T18:36:36.464000Z,8,-28,20.0,2.0,4,2.0,0.0063918624880836,2896,59.438,16.702222222222222,37.018,72,cwpb-2m,0,2.0,57.203,-86.0,4,1.0,6334708.0,52.0,-42.0,-41.0,44.0,6696508.0,2197.0,65.0,2197.0,4.0,3,11.0,-42.0,37,37.718561151079136,23.06949960536701,2.3597262952101663,1207,359.644
2026-07-14T18:38:14.795000Z,8,-32,20.0,3.0,4,2.0,0.0197464705911231,5792,38.697,13.866666666666667,45.17,72,cwpb-2m,0,2.0,57.203,-87.0,4,16.0,4636586.0,52.0,-38.0,-35.0,49.0,4632350.0,1376.0,65.0,1376.0,4.0,3,11.0,-43.0,50,25.983897681854515,17.023011680855276,2.4801005446166737,1184,692.176
2026-07-14T18:38:16.816000Z,8,-31,160.0,1.0,3,2.0,0.0143576128366577,5792,3.196,62.77777777777778,68.36,65,cwpb-2m,0,2.0,114.187,-83.0,3,0.0,2268672.0,144.4,-43.0,-43.0,41.0,5130023.0,10130.0,130.0,10130.0,4.0,2,161.0,-38.0,83,30.806061813441257,0.3529504914159082,2.4969140481191934,1153,11.328
2026-07-14T18:42:12.847000Z,8,-29,20.0,2.0,4,2.0,0.0133518570884099,4344,26.732,22.322222222222223,46.17,72,cwpb-2m,0,2.0,57.203,-86.0,3,9.0,5481855.0,58.5,-43.0,-42.0,43.0,5256324.0,2413.0,65.0,2413.0,4.0,3,11.0,-45.0,43,28.421790931738915,20.57865477252453,0.0420985105146041,21,418.183
2026-07-14T18:43:50.793000Z,8,-33,20.0,3.0,3,2.0,0.0186847919471643,5792,31.564,28.344444444444445,51.08,72,cwpb-2m,0,2.0,57.203,-89.0,3,1.0,3417486.0,58.5,-40.0,-37.0,49.0,4918356.0,1914.0,65.0,1914.0,4.0,2,11.0,-45.0,42,26.830130534732632,9.816367294094212,2.5442999957094434,1186,761.43
2026-07-14T18:47:48.601000Z,8,-28,20.0,2.0,4,2.0,0.0253900101952814,7240,59.84,16.032222222222224,31.191000000000003,72,cwpb-2m,0,2.0,57.203,-87.0,3,6.0,7532589.0,52.0,-41.0,-42.0,46.0,4746357.0,2024.0,65.0,2024.0,4.0,3,11.0,-45.0,35,25.14319512438805,29.97709605302206,0.1153867286946647,63,293.307
2026-07-14T18:49:27.524000Z,8,-37,20.0,3.0,3,2.0,0.033825516399769,11584,49.692,14.97777777777778,33.779999999999994,72,cwpb-2m,0,2.0,57.203,-90.0,3,4.0,4390606.0,58.5,-43.0,-41.0,47.0,5371865.0,2607.0,65.0,2607.0,4.0,2,11.0,-45.0,42,29.33959028679924,17.469334391114636,2.1617775831873907,1185,647.856
2026-07-14T18:49:45.197000Z,8,-30,160.0,1.0,3,2.0,0.8104640384826491,314216,4.465,8.415555555555555,16.736,58,cwpb-2m,0,2.0,114.187,-81.0,3,1.0,4965881.0,144.4,-44.0,-42.0,37.0,4738709.0,7043.0,130.0,7026.0,4.0,2,11.0,-39.0,66,30.707610675774223,29.715571990918743,0.1482893761254104,84,7.793
2026-07-14T18:53:24.261000Z,8,-26,20.0,2.0,4,2.0,0.0230268472683925,7240,67.433,19.14444444444444,36.91,72,cwpb-2m,0,2.0,57.203,-89.0,3,3.0,4679763.0,58.5,-41.0,-44.0,48.0,4726430.0,1315.0,65.0,1315.0,4.0,3,11.0,-43.0,50,26.81672887112887,17.47454333892121,0.0452089298400465,21,213.28
2026-07-14T18:55:03.746000Z,8,-39,20.0,3.0,3,2.0,0.0119143195859346,4344,34.823,18.22222222222222,33.62,72,cwpb-2m,0,2.0,57.203,-82.0,3,1.0,4205620.0,52.0,-49.0,-50.0,33.0,5785734.0,2531.0,65.0,2531.0,4.0,2,11.0,-44.0,38,31.857595842494504,18.726429209246948,0.0802568218298555,42,421.611
2026-07-14T18:55:29.778000Z,8,-33,160.0,1.0,3,2.0,0.0051900613860962,4344,5.929,9.805555555555555,10.271,65,cwpb-2m,0,2.0,114.187,-84.0,3,2.0,6951694.0,144.4,-41.0,-40.0,43.0,8205841.0,11377.0,130.0,11377.0,4.0,2,161.0,-36.0,69,67.42594202673985,50.58842340752213,0.0772669573376014,42,2.279
2026-07-14T18:59:00.108000Z,8,-26,20.0,2.0,4,2.0,0.243165922736544,82536,38.519,21.111111111111107,49.29,72,cwpb-2m,0,2.0,57.203,-85.0,3,9.0,6624077.0,58.5,-41.0,-41.0,44.0,5256385.0,922.0,65.0,921.0,4.0,3,161.0,-46.0,40,30.17183414926566,26.79300377808709,0.0859986076415905,42,273.719
2026-07-14T19:00:40.784000Z,8,-44,20.0,3.0,3,2.0,0.1167135435779413,15928,48.397,46.355555555555554,60.19000000000001,72,cwpb-2m,0,2.0,51.585,-80.0,4,4.0,2811677.0,39.0,-53.0,-54.0,28.0,3562332.0,4498.0,58.5,4498.0,4.0,2,11.0,-44.0,38,12.57662368815592,6.412043791300917,4.286864841118758,2342,259.116
2026-07-14T19:01:14.251000Z,8,-36,160.0,1.0,3,2.0,0.0760628223875484,44888,2.844,1.6822222222222225,5.5280000000000005,65,cwpb-2m,0,2.0,114.187,-83.0,3,0.0,5965943.0,117.0,-44.0,-43.0,39.0,7337313.0,15222.0,130.0,15220.0,4.0,2,11.0,-39.0,70,47.08244632824918,30.610172923371117,0.195858981533296,84,2.963
2026-07-14T19:04:36.055000Z,8,-31,20.0,2.0,4,2.0,0.0129989514657933,4344,95.158,24.75555555555555,32.67,72,cwpb-2m,0,2.0,57.203,-84.0,3,5.0,5887655.0,39.0,-43.0,-42.0,41.0,5059743.0,2127.0,65.0,2127.0,4.0,3,11.0,-44.0,38,27.66580691585049,17.384858186124543,0.0953288846520495,42,487.197
2026-07-14T19:06:17.564000Z,8,-42,20.0,3.0,3,2.0,0.0096265586648335,4344,61.745,12.01333333333333,42.638,72,cwpb-2m,0,2.0,57.203,-84.0,3,8.0,7159580.0,39.0,-47.0,-49.0,37.0,8014465.0,5053.0,65.0,5053.0,4.0,2,11.0,-44.0,38,40.24519580209895,21.06908126299119,0.12604033290653,63,415.758
2026-07-14T19:06:58.666000Z,8,-34,160.0,1.0,2,2.0,0.0056150559608058,4344,3.423,6.456666666666667,10.169,58,cwpb-2m,0,2.0,114.187,-80.0,3,0.0,6730928.0,104.0,-43.0,-43.0,37.0,8917857.0,18173.0,130.0,18172.0,4.0,1,161.0,-37.0,72,61.54680428023144,31.332483911632437,0.0885702235343736,42,1.723
2026-07-14T19:10:12.220000Z,8,-32,20.0,2.0,4,2.0,0.0099351616348335,4344,24.081,10.814444444444446,23.937,72,cwpb-2m,0,2.0,57.203,-87.0,3,3.0,8044724.0,58.5,-46.0,-45.0,41.0,7419926.0,5927.0,65.0,5927.0,4.0,3,11.0,-46.0,43,38.55289919072835,29.16747733122154,0.0804274142586315,42,267.916
2026-07-14T19:11:53.294000Z,8,-38,20.0,3.0,4,2.0,0.0097959872893907,4344,40.189,13.872222222222222,36.145,72,cwpb-2m,0,2.0,57.203,-87.0,4,6.0,7617135.0,58.5,-45.0,-42.0,42.0,7298125.0,4216.0,65.0,4216.0,4.0,3,11.0,-45.0,37,38.56831264367816,26.92670528515975,2.857142857142857,1232,283.253
2026-07-14T19:12:43.232000Z,8,-31,160.0,1.0,3,2.0,0.0075047308828382,4344,3.682,4.257777777777777,9.891,65,cwpb-2m,0,2.0,114.187,-77.0,3,0.0,7782719.0,104.0,-42.0,-40.0,35.0,8994591.0,20037.0,130.0,20037.0,4.0,2,161.0,-36.0,85,46.028831705620135,34.943836144672545,0.2322649147255956,105,2.149
2026-07-14T19:15:47.734000Z,8,-34,20.0,2.0,4,2.0,0.0092422055272474,4344,20.772,14.333333333333334,27.25,72,cwpb-2m,0,2.0,57.203,-90.0,4,0.0,7032452.0,52.0,-47.0,-45.0,44.0,7662979.0,5522.0,65.0,5522.0,4.0,3,11.0,-46.0,40,40.24117369578253,19.9281607960199,0.1259823624692543,63,467.284
2026-07-14T19:17:29.469000Z,8,-42,20.0,3.0,4,2.0,0.0090096084238345,4344,27.231,9.166666666666664,26.46,72,cwpb-2m,0,2.0,57.203,-84.0,4,8.0,6368184.0,52.0,-48.0,-48.0,37.0,7789715.0,5228.0,65.0,5228.0,4.0,3,11.0,-45.0,37,41.07542640151894,15.205810091378623,4.3643830502146725,2338,714.791
2026-07-14T19:18:28.810000Z,8,-32,160.0,1.0,3,2.0,0.0124094776597178,7240,6.978,10.75222222222222,15.009,58,cwpb-2m,0,2.0,101.46,-80.0,3,0.0,7317207.0,117.0,-42.0,-43.0,38.0,8777328.0,19262.0,117.0,19262.0,4.0,2,161.0,-37.0,80,47.58067606963363,33.16663520060415,0.0423284689188099,21,2.427
2026-07-14T19:21:23.450000Z,8,-33,20.0,2.0,4,2.0,0.0078288540417576,4344,35.169,8.395555555555555,24.493999999999996,72,cwpb-2m,0,2.0,57.203,-85.0,3,1.0,8241840.0,65.0,-47.0,-47.0,40.0,8027731.0,2103.0,65.0,2103.0,4.0,3,11.0,-43.0,51,46.10967819308415,34.73003859160533,0.1354722174436607,63,265.779
2026-07-14T19:23:05.446000Z,8,-40,20.0,3.0,3,2.0,0.0091149990582846,4344,38.776,16.35888888888889,28.217,72,cwpb-2m,0,2.0,57.203,-89.0,4,7.0,6273999.0,58.5,-47.0,-44.0,42.0,7210780.0,2417.0,65.0,2417.0,4.0,2,11.0,-44.0,43,41.07953148111133,23.290187561697927,3.977338198578837,2071,656.252
2026-07-14T19:24:13.272000Z,8,-32,160.0,1.0,3,2.0,0.0056613617378691,4344,3.228,2.152222222222222,6.011,58,cwpb-2m,0,2.0,114.187,-82.0,4,0.0,7723610.0,117.0,-44.0,-42.0,38.0,8952387.0,17094.0,130.0,17094.0,4.0,2,161.0,-35.0,87,61.29229362239885,43.54862988651166,0.1725696441778289,84,2.601
2026-07-14T19:26:59.386000Z,8,-34,20.0,2.0,4,2.0,0.0149870074651443,5792,64.682,12.964444444444446,30.892,72,cwpb-2m,0,2.0,57.203,-86.0,3,0.0,6271685.0,52.0,-47.0,-46.0,39.0,6639036.0,6163.0,65.0,6163.0,4.0,3,11.0,-45.0,42,32.686153661704466,17.614418972332015,1.9157912151542729,1158,419.527
2026-07-14T19:28:41.550000Z,8,-38,20.0,3.0,3,2.0,0.0168450951573376,5792,40.684,24.12,36.26200000000001,72,cwpb-2m,0,2.0,57.203,-88.0,3,0.0,5660904.0,52.0,-51.0,-51.0,38.0,6304184.0,7262.0,65.0,7262.0,4.0,2,11.0,-44.0,43,29.34252248650809,13.412623103619236,0.0950957750305665,42,473.713
2026-07-14T19:29:58.410000Z,8,-31,160.0,1.0,3,2.0,0.0065665940310264,4344,3.925,3.613333333333333,7.632,58,cwpb-2m,0,2.0,114.187,-80.0,3,1.0,6811060.0,144.4,-42.0,-42.0,38.0,8243045.0,16724.0,130.0,16724.0,4.0,2,161.0,-36.0,77,52.1989325205254,35.87191289963549,0.1813158349162493,84,5.843
2026-07-14T19:32:35.014000Z,8,-32,20.0,2.0,4,2.0,0.0576892889954493,23168,50.379,32.8111111111111,46.190000000000005,72,cwpb-2m,0,2.0,57.203,-90.0,3,0.0,7039259.0,52.0,-45.0,-42.0,45.0,6819096.0,3368.0,65.0,3368.0,4.0,3,11.0,-45.0,39,35.20750834415909,24.64912834755009,2.376336564404917,1189,343.654
2026-07-14T19:34:17.414000Z,8,-44,20.0,3.0,3,2.0,0.0104530401502619,4344,50.381,28.17777777777778,39.55,72,cwpb-2m,0,2.0,57.203,-88.0,4,1.0,5431410.0,72.2,-49.0,-46.0,39.0,6992761.0,3874.0,65.0,3874.0,4.0,2,11.0,-44.0,43,36.05298790604698,20.52778801661064,1.9694611943201712,1215,369.633
2026-07-14T19:35:43.235000Z,8,-34,160.0,1.0,3,2.0,0.016233421655504,8688,5.868,7.485555555555555,10.105,65,cwpb-2m,0,2.0,114.187,-79.0,3,0.0,6441508.0,117.0,-46.0,-47.0,33.0,7248012.0,15403.0,130.0,15403.0,4.0,2,11.0,-38.0,68,41.87814505875378,29.996023007407175,0.1207312866505691,42,5.065
2026-07-14T19:38:10.785000Z,8,-30,20.0,2.0,4,2.0,0.0054773834750971,2896,46.475,8.682222222222222,29.255999999999997,72,cwpb-2m,0,2.0,57.203,-86.0,3,1.0,7945875.0,58.5,-44.0,-44.0,42.0,7752735.0,1965.0,65.0,1965.0,4.0,3,11.0,-46.0,35,45.26227338129497,33.19068704107958,2.900793358386756,1181,228.976
2026-07-14T19:39:53.049000Z,8,-43,20.0,3.0,3,2.0,0.01366071415094,4344,46.965,6.766666666666668,34.64,72,cwpb-2m,0,2.0,57.203,-85.0,4,6.0,5287421.0,58.5,-47.0,-44.0,38.0,6675935.0,10065.0,65.0,10065.0,4.0,2,11.0,-44.0,43,26.82476826221645,20.572537455410227,2.465780797282445,1234,391.711
2026-07-14T19:41:27.489000Z,8,-38,160.0,1.0,3,2.0,0.0104338432369816,5792,2.461,15.076666666666666,27.891,58,cwpb-2m,0,2.0,101.46,-78.0,4,1.0,6200065.0,144.4,-41.0,-41.0,37.0,7703749.0,20906.0,117.0,20906.0,4.0,2,161.0,-34.0,73,44.329135503604704,32.90937332097494,0.1860382707299787,84,4.534
2026-07-14T19:43:46.911000Z,8,-33,20.0,2.0,3,2.0,0.0159500904925299,7240,49.35,8.391111111111112,22.728,72,cwpb-2m,0,2.0,57.203,-88.0,4,1.0,7230857.0,58.5,-48.0,-49.0,41.0,7477748.0,4347.0,65.0,4347.0,4.0,2,11.0,-45.0,41,38.5567513988809,29.812957107962877,0.0904159132007233,42,287.348
2026-07-14T19:45:28.986000Z,8,-41,20.0,3.0,3,2.0,0.0386372121607743,14480,22.073,37.400000000000006,37.15,72,cwpb-2m,0,2.0,57.203,-87.0,5,19.0,5653447.0,52.0,-48.0,-45.0,39.0,6299887.0,3840.0,65.0,3840.0,4.0,2,11.0,-44.0,43,31.851229416466825,22.97138144329897,0.0582217416618148,21,174.913
2026-07-14T19:47:12.593000Z,8,-34,160.0,1.0,3,2.0,0.0134411739120287,10136,3.142,3.827777777777778,8.97,65,cwpb-2m,0,2.0,114.187,-84.0,5,2.0,6773324.0,117.0,-43.0,-44.0,41.0,8827810.0,16334.0,130.0,16327.0,4.0,2,161.0,-36.0,77,60.42070553152838,40.44478164811997,0.1509488211615871,63,2.93
2026-07-14T19:49:22.225000Z,8,-31,20.0,2.0,4,2.0,0.0083708196003588,4344,27.671,6.819999999999999,24.452,72,cwpb-2m,0,2.0,57.203,-88.0,5,1.0,7909299.0,52.0,-46.0,-46.0,42.0,7762935.0,2952.0,65.0,2952.0,4.0,3,11.0,-42.0,35,44.43740369815092,31.68688001585257,0.0738500492333661,42,279.524
2026-07-14T19:51:04.794000Z,8,-44,20.0,3.0,3,2.0,0.0115071335751456,4344,37.629,10.22222222222222,30.9,72,cwpb-2m,0,2.0,57.203,-86.0,3,4.0,6380036.0,58.5,-49.0,-46.0,37.0,6833540.0,6337.0,65.0,6337.0,4.0,2,11.0,-44.0,43,33.53096032777056,26.51187577145132,2.530531872551689,1208,329.594
2026-07-14T19:52:56.990000Z,8,-34,160.0,1.0,3,2.0,0.0051215703281681,4344,3.207,10.066666666666666,14.357,65,cwpb-2m,0,2.0,101.46,-80.0,4,2.0,8225192.0,78.0,-44.0,-43.0,36.0,8789961.0,13220.0,117.0,13220.0,4.0,2,11.0,-37.0,83,67.81205780335453,46.52843535629658,0.1927878965922444,105,2.34
2026-07-14T19:54:57.939000Z,8,-32,20.0,2.0,4,2.0,0.0055892799463429,2896,49.609,6.428888888888888,22.814,72,cwpb-2m,0,2.0,57.203,-85.0,4,0.0,8367838.0,72.2,-46.0,-46.0,40.0,7714041.0,1707.0,65.0,1707.0,4.0,3,11.0,-44.0,41,45.266796442490254,39.00998945588382,0.0927254663870184,42,236.161
2026-07-14T19:56:40.552000Z,8,-45,20.0,3.0,4,2.0,0.0054616777308388,2896,52.411,13.374444444444444,33.673,72,cwpb-2m,0,2.0,57.203,-89.0,4,23.0,8157793.0,58.5,-49.0,-44.0,41.0,8105743.0,2865.0,65.0,2865.0,4.0,3,11.0,-45.0,41,45.27584527736132,30.03354449950446,0.1324475465668755,63,251.621
2026-07-14T19:58:41.503000Z,8,-35,160.0,1.0,2,2.0,0.0082804103789683,5792,2.602,8.961111111111112,10.208,65,cwpb-2m,0,2.0,114.187,-83.0,4,1.0,7482475.0,117.0,-45.0,-43.0,38.0,8002735.0,16795.0,130.0,16795.0,4.0,1,11.0,-37.0,80,56.33699455821923,41.01316667292059,0.2527734868698216,126,3.155
2026-07-14T20:00:33.661000Z,8,-32,20.0,2.0,4,2.0,0.0081158325095439,4344,48.092,9.873333333333331,32.544,72,cwpb-2m,0,2.0,57.203,-88.0,4,0.0,9624801.0,58.5,-46.0,-45.0,42.0,8091228.0,2658.0,65.0,2658.0,4.0,3,11.0,-44.0,41,44.424083133493205,37.649167952522255,0.1321558180025592,63,228.367
2026-07-14T20:02:16.043000Z,8,-41,20.0,3.0,4,2.0,0.0082610981692311,4344,72.1,15.91,31.791,72,cwpb-2m,0,2.0,57.203,-86.0,4,10.0,8324709.0,58.5,-47.0,-44.0,39.0,8067484.0,2794.0,65.0,2794.0,4.0,3,11.0,-45.0,41,44.43740369815092,29.935555908009515,0.0463289798799858,21,243.856
2026-07-14T20:04:26.210000Z,8,-38,160.0,1.0,2,2.0,0.0061507191244094,4344,2.014,8.743333333333334,8.247,58,cwpb-2m,0,2.0,101.46,-81.0,4,0.0,7538419.0,144.4,-43.0,-42.0,38.0,9044985.0,20017.0,117.0,20017.0,4.0,1,161.0,-36.0,79,56.02730456146354,42.23279136464496,0.1169623214235985,42,3.573
2026-07-14T20:06:09.393000Z,8,-31,20.0,2.0,4,2.0,0.0090209870023027,4344,86.95,10.977777777777776,20.76,72,cwpb-2m,0,2.0,57.203,-88.0,4,1.0,8557629.0,58.5,-45.0,-46.0,44.0,7559783.0,3041.0,65.0,3041.0,4.0,3,11.0,-44.0,41,41.06721870316715,35.33823083805547,0.0393346819510002,21,247.478
2026-07-14T20:07:51.800000Z,8,-45,20.0,3.0,4,2.0,0.0091028297898235,4344,22.457,19.487777777777776,32.961,72,cwpb-2m,0,2.0,57.203,-86.0,4,0.0,7067376.0,52.0,-53.0,-51.0,33.0,8031326.0,4631.0,65.0,4631.0,4.0,3,11.0,-44.0,38,41.07542640151894,27.75887898089172,0.0669322709163346,42,271.836
2026-07-14T20:10:10.524000Z,8,-33,160.0,1.0,3,2.0,0.0113024608246404,8688,2.811,7.166666666666666,10.478,65,cwpb-2m,0,2.0,114.187,-81.0,4,0.0,7069446.0,117.0,-44.0,-44.0,37.0,8737198.0,18886.0,130.0,18885.0,4.0,2,161.0,-36.0,81,61.22142145819984,44.74650863512496,0.1429706115965051,63,3.313
2026-07-14T20:11:45.213000Z,8,-31,20.0,2.0,4,2.0,0.0144932642354282,7240,46.496,5.855555555555557,26.079999999999995,72,cwpb-2m,0,2.0,57.203,-88.0,4,8.0,8055557.0,58.5,-44.0,-46.0,44.0,7543797.0,2308.0,65.0,2308.0,4.0,3,11.0,-43.0,42,41.9137004097132,33.80825396825397,0.0411256682921097,21,221.186
2026-07-14T20:13:27.447000Z,8,-40,20.0,3.0,4,2.0,0.0055134717570124,2896,60.989,10.372222222222222,29.535000000000004,72,cwpb-2m,0,2.0,57.203,-90.0,4,3.0,7430689.0,58.5,-50.0,-52.0,40.0,8052926.0,3312.0,65.0,3312.0,4.0,3,11.0,-44.0,38,45.266796442490254,31.446867130089373,0.0488360735796841,21,289.71
2026-07-14T20:15:54.939000Z,8,-35,160.0,1.0,3,2.0,0.0049694556935959,4344,2.899,15.096666666666668,19.073,65,cwpb-2m,0,2.0,114.187,-81.0,4,1.0,8245084.0,117.0,-43.0,-43.0,38.0,8941146.0,16228.0,130.0,16228.0,4.0,2,161.0,-39.0,82,69.73712978385406,47.57601348307588,0.1611448961190937,84,2.263
2026-07-14T20:17:20.896000Z,8,-32,20.0,2.0,3,2.0,0.0111620271536352,5792,46.308,8.448888888888888,36.546,72,cwpb-2m,0,2.0,57.203,-88.0,3,0.0,8747361.0,58.5,-46.0,-44.0,43.0,7707064.0,2145.0,65.0,2145.0,4.0,2,11.0,-40.0,36,44.432962622426544,37.675253687023655,0.1389287053167795,63,236.77
2026-07-14T20:19:03.248000Z,8,-40,20.0,3.0,4,2.0,0.0066616072802166,2896,57.498,20.268888888888885,36.848,72,cwpb-2m,0,2.0,57.203,-90.0,5,8.0,6427062.0,58.5,-48.0,-48.0,43.0,6844597.0,3958.0,65.0,3958.0,4.0,3,11.0,-43.0,43,36.88774255446732,22.77478369532877,5.54694762937713,2327,365.062
2026-07-14T20:21:39.115000Z,8,-37,160.0,1.0,3,2.0,0.0065307139597799,4344,1.733,16.031111111111112,17.553,58,cwpb-2m,0,2.0,114.187,-83.0,4,0.0,7326559.0,130.0,-47.0,-46.0,36.0,8357464.0,18280.0,130.0,18280.0,4.0,2,11.0,-36.0,91,53.72709350566165,37.39888529653042,0.2513224347160056,105,2.97
2026-07-14T20:22:56.553000Z,8,-30,20.0,2.0,4,2.0,0.670515772957432,289600,25.497,14.02222222222222,24.92,72,cwpb-2m,0,2.0,57.203,-87.0,4,0.0,7985453.0,52.0,-45.0,-46.0,43.0,6675309.0,1792.0,65.0,1792.0,4.0,3,11.0,-46.0,49,36.88405636054762,33.38749452736318,0.1504729148753224,63,246.511
2026-07-14T20:24:39.375000Z,8,-45,20.0,3.0,4,2.0,0.0057162807729738,2896,61.555,7.466666666666667,29.81,72,cwpb-2m,0,2.0,57.203,-87.0,4,4.0,6838282.0,52.0,-47.0,-45.0,40.0,7927117.0,3513.0,65.0,3513.0,4.0,3,11.0,-43.0,43,44.432962622426544,21.89288897684544,1.996935562627334,1186,330.962
2026-07-14T20:27:24.650000Z,8,-36,160.0,1.0,3,2.0,0.0597446020586999,36200,3.541,18.15111111111111,23.851,58,cwpb-2m,0,2.0,114.187,-81.0,4,0.0,7094672.0,104.0,-42.0,-42.0,40.0,7331511.0,13008.0,130.0,13008.0,4.0,2,11.0,-36.0,81,48.93609752446528,41.209248281631446,0.1508909752826212,63,2.261
2026-07-14T20:28:32.680000Z,8,-37,20.0,2.0,4,2.0,0.0088449173244564,4344,47.196,16.203333333333333,32.377,72,cwpb-2m,0,2.0,57.203,-89.0,5,15.0,7042118.0,52.0,-46.0,-44.0,43.0,7725377.0,2653.0,65.0,2653.0,4.0,3,11.0,-44.0,47,43.59896211894053,26.550181709859995,2.267485046327065,1160,312.577
2026-07-14T20:30:14.574000Z,8,-40,20.0,3.0,4,2.0,0.0181049317834178,7240,38.471,25.904444444444447,37.306,72,cwpb-2m,0,2.0,57.203,-88.0,3,5.0,5548394.0,58.5,-50.0,-46.0,38.0,6697541.0,4289.0,65.0,4288.0,4.0,3,11.0,-46.0,34,36.04938476913852,21.47710544884359,0.0488678937937774,21,454.033
2026-07-14T20:33:08.981000Z,8,-37,160.0,1.0,3,2.0,0.0247224979284094,17376,3.721,8.314444444444446,10.249,65,cwpb-2m,0,2.0,101.46,-81.0,3,2.0,7665877.0,117.0,-42.0,-42.0,39.0,8484777.0,16269.0,117.0,16262.0,4.0,2,11.0,-35.0,78,56.36420217426488,47.46200088809328,0.0806916426512968,42,2.91
2026-07-14T20:34:09.653000Z,8,-34,20.0,2.0,4,2.0,0.0072711978012861,2896,60.269,12.833333333333332,25.3,72,cwpb-2m,0,2.0,57.203,-89.0,4,2.0,8418921.0,19.5,-46.0,-45.0,43.0,6532858.0,5382.0,65.0,5382.0,4.0,3,11.0,-45.0,45,33.53096032777056,12.350840740374146,2.201217617053952,1204,839.373
2026-07-14T20:35:50.536000Z,8,-44,20.0,3.0,4,2.0,0.0140925534285878,5792,25.491,22.40333333333333,48.10699999999999,72,cwpb-2m,0,2.0,57.203,-84.0,3,11.0,6066443.0,52.0,-52.0,-47.0,32.0,7334911.0,6927.0,65.0,6926.0,4.0,3,11.0,-46.0,34,35.20750834415909,13.52732757765208,2.480658234066069,1212,639.477
2026-07-14T20:38:54.728000Z,8,-30,160.0,1.0,3,2.0,0.0062465143759559,4344,4.146,8.524444444444445,10.259,58,cwpb-2m,0,2.0,114.187,-82.0,3,1.0,7749348.0,144.4,-41.0,-40.0,41.0,9083368.0,19117.0,130.0,19117.0,4.0,2,161.0,-34.0,84,56.07359048747261,45.853038788508606,0.1066152205919683,63,3.021
2026-07-14T20:39:46.346000Z,8,-32,20.0,2.0,4,2.0,0.0142324521138926,5792,44.592,30.39888888888889,34.691,72,cwpb-2m,0,2.0,57.203,-86.0,4,0.0,7609878.0,52.0,-46.0,-46.0,40.0,7554952.0,9410.0,65.0,9410.0,4.0,3,11.0,-43.0,47,33.527609912070346,19.26843864848844,0.0463576158940397,21,436.993
2026-07-14T20:41:26.284000Z,8,-40,20.0,3.0,4,2.0,0.0101623315495291,4344,33.457,18.96,31.866,72,cwpb-2m,0,2.0,57.203,-87.0,4,8.0,6428906.0,58.5,-50.0,-52.0,37.0,7471856.0,6848.0,65.0,6848.0,4.0,3,11.0,-44.0,36,36.88774255446732,26.76467763871095,2.114342818071845,1206,316.652
2026-07-14T20:44:39.136000Z,8,-35,160.0,1.0,2,2.0,0.0054873915305396,4344,3.271,4.767777777777778,7.598,65,cwpb-2m,0,2.0,114.187,-80.0,3,0.0,8009415.0,144.4,-42.0,-41.0,38.0,9338250.0,21971.0,130.0,21971.0,4.0,1,161.0,-32.0,87,62.88239396444165,48.770786516625584,0.1235657546337158,63,3.973
2026-07-14T20:45:22.239000Z,8,-33,20.0,2.0,4,2.0,0.1403266728497186,62264,54.208,23.99777777777777,54.234,72,cwpb-2m,0,2.0,57.203,-87.0,3,0.0,7585285.0,52.0,-46.0,-46.0,42.0,7282564.0,5369.0,65.0,5369.0,4.0,3,11.0,-43.0,42,37.72610033979612,29.037489230769232,0.0,0,318.149
2026-07-14T20:47:01.953000Z,8,-40,20.0,3.0,4,2.0,0.006524267029238,2896,26.264,13.818888888888887,35.793,72,cwpb-2m,0,2.0,57.203,-89.0,4,9.0,6722943.0,72.2,-46.0,-47.0,44.0,7206177.0,4093.0,65.0,4093.0,4.0,3,11.0,-44.0,36,39.40675422288856,29.91479821693908,0.0821194642682569,42,265.191
2026-07-14T20:50:23.403000Z,8,-31,160.0,1.0,3,2.0,0.0056888447098353,4344,2.448,3.8866666666666654,9.465,65,cwpb-2m,0,2.0,114.187,-82.0,4,2.0,7781023.0,130.0,-43.0,-42.0,39.0,9301565.0,21822.0,130.0,21822.0,4.0,2,161.0,-35.0,86,60.18054095049271,46.71116857678913,0.0980186235384723,42,2.358
2026-07-14T20:50:58.382000Z,8,-31,20.0,2.0,4,2.0,0.0087225062346643,4344,39.013,13.455555555555556,28.880000000000003,72,cwpb-2m,0,2.0,57.203,-88.0,4,10.0,8676933.0,58.5,-46.0,-47.0,42.0,7858370.0,3716.0,65.0,3716.0,4.0,3,11.0,-45.0,49,42.74770263788969,36.06818715305313,0.0547302580140734,21,207.669
2026-07-14T20:52:37.693000Z,8,-42,20.0,3.0,4,2.0,0.0100560509091744,4344,54.666,25.46222222222222,40.814,72,cwpb-2m,0,2.0,57.203,-87.0,4,9.0,6502973.0,52.0,-48.0,-44.0,39.0,7127712.0,4322.0,65.0,4322.0,4.0,3,11.0,-45.0,40,37.729871064467766,27.96895825483391,2.652514064697609,1207,327.999
2026-07-14T20:56:08.890000Z,8,-37,160.0,1.0,3,2.0,0.003950009896848,2896,2.772,2.042222222222222,4.518,65,cwpb-2m,0,2.0,114.187,-83.0,5,0.0,7017114.0,117.0,-44.0,-44.0,39.0,8564740.0,19223.0,130.0,19223.0,4.0,2,11.0,-37.0,82,58.49885160685013,43.07269077722704,0.2154199663534528,105,2.318
2026-07-14T20:56:33.651000Z,8,-28,20.0,2.0,4,2.0,0.0082955919546507,4344,37.763,7.091111111111112,25.218000000000004,72,cwpb-2m,0,2.0,57.203,-89.0,5,0.0,8433368.0,52.0,-42.0,-41.0,47.0,7953314.0,1446.0,65.0,1446.0,4.0,3,11.0,-44.0,36,46.10507045068452,37.4194448850119,0.084073985106894,42,206.997
2026-07-14T20:58:13.374000Z,8,-39,20.0,3.0,4,2.0,0.0099585774529736,4344,86.7,14.645555555555552,26.369,72,cwpb-2m,0,2.0,57.203,-87.0,5,1.0,6330363.0,52.0,-48.0,-48.0,40.0,7132936.0,5010.0,65.0,5010.0,4.0,3,11.0,-45.0,40,37.729871064467766,28.588042189054725,2.6799041114478266,1185,320.934
2026-07-15T11:52:11.018000Z,8,-38,160.0,1.0,4,2.0,0.0039502439493884,2896,2.214,2.2044444444444444,4.958,65,cwpb-2m,0,2.0,114.187,-83.0,3,0.0,6956308.0,104.0,-49.0,-49.0,34.0,8534416.0,16188.0,130.0,16187.0,4.0,3,11.0,-34.0,102,58.31467131443825,36.08978317439757,0.1201235556572474,63,2.93
2026-07-15T11:53:33.621000Z,8,-42,20.0,3.0,3,2.0,0.0104789639141535,4344,27.313,21.388888888888893,35.27,72,cwpb-2m,0,2.0,57.203,-85.0,3,1.0,8126391.0,52.0,-51.0,-51.0,35.0,7609927.0,5793.0,65.0,5793.0,4.0,2,161.0,-48.0,39,35.20750834415909,28.62686389357689,0.086007413019884,42,301.697
2026-07-15T11:55:08.615000Z,8,-44,20.0,2.0,3,2.0,1.350155103496545,370688,10.202,12.27777777777778,35.660000000000004,72,cwpb-2m,0,2.0,57.203,-86.0,5,0.0,6852430.0,52.0,-48.0,-48.0,39.0,4996417.0,2032.0,65.0,2032.0,4.0,2,161.0,-51.0,42,23.46932693844924,27.7252715389186,0.1204773196664881,63,325.972
2026-07-15T11:57:56.733000Z,8,-38,160.0,1.0,4,2.0,0.0034410505736525,2896,2.201,4.623333333333333,8.516,52,cwpb-2m,0,2.0,101.46,-82.0,3,0.0,6421445.0,104.0,-48.0,-49.0,34.0,9144985.0,15487.0,117.0,15487.0,4.0,3,11.0,-31.0,105,67.14991786465035,33.42154940873908,0.3445023171882049,168,2.451
2026-07-15T11:59:09.247000Z,8,-47,20.0,3.0,3,2.0,0.0124689116792885,5792,47.849,5.342222222222223,26.331999999999997,72,cwpb-2m,0,2.0,57.203,-87.0,5,6.0,7132243.0,58.5,-47.0,-48.0,41.0,7017022.0,2114.0,65.0,2114.0,4.0,2,161.0,-48.0,39,39.39494164668265,29.193723774485434,0.1862692921766897,63,304.95
2026-07-15T12:00:44.659000Z,8,-34,20.0,2.0,3,2.0,0.0087410589269714,4344,42.735,10.170000000000002,22.955,72,cwpb-2m,0,2.0,57.203,-87.0,4,10.0,7315981.0,58.5,-47.0,-45.0,40.0,7435992.0,2455.0,65.0,2455.0,4.0,2,161.0,-48.0,31,41.77593625498008,32.61495458610752,0.0881556577041748,42,268.486
2026-07-15T12:03:43.629000Z,8,-38,160.0,1.0,3,2.0,0.0037651463934681,2896,3.033,4.261111111111111,7.745,58,cwpb-2m,0,2.0,114.187,-85.0,4,0.0,7731364.0,117.0,-47.0,-45.0,38.0,8911807.0,17152.0,130.0,17152.0,4.0,2,11.0,-30.0,106,62.17323380709416,48.91431528987881,0.1598741308430188,63,1.686
2026-07-15T12:04:44.900000Z,8,-44,20.0,3.0,4,2.0,1.793020099656255,781920,9.067,8.118888888888888,30.783,72,cwpb-2m,0,2.0,57.203,-85.0,4,2.0,6785616.0,58.5,-48.0,-49.0,37.0,6674109.0,2002.0,65.0,2001.0,4.0,3,11.0,-47.0,40,37.729871064467766,27.481789337833813,2.4073567886289977,1233,324.046
2026-07-15T12:06:20.458000Z,8,-36,20.0,2.0,4,2.0,1.146492438847116,512592,20.541,6.584444444444444,21.214,72,cwpb-2m,0,2.0,57.203,-83.0,3,1.0,7574540.0,58.5,-50.0,-51.0,33.0,6829043.0,2116.0,65.0,2116.0,4.0,3,11.0,-47.0,41,37.718561151079136,31.56039813251217,0.2259096899120565,84,259.885
2026-07-15T12:09:28.276000Z,8,-40,160.0,1.0,2,2.0,0.0066168514023338,4344,2.977,3.1504444444444446,5.6568000000000005,58,cwpb-2m,0,2.0,101.46,-84.0,4,0.0,6700113.0,117.0,-49.0,-50.0,35.0,8922144.0,21945.0,117.0,21945.0,4.0,1,11.0,-30.0,95,51.89020324374213,29.298850951768152,0.0980437928941593,42,3.585
2026-07-15T12:10:20.558000Z,8,-41,20.0,3.0,4,2.0,0.0084868547528731,4344,41.772,16.780000000000005,32.398,72,cwpb-2m,0,2.0,57.203,-88.0,4,37.0,7485556.0,52.0,-46.0,-47.0,42.0,7845087.0,2692.0,65.0,2692.0,4.0,3,11.0,-47.0,40,43.59460483709774,25.892049186830626,0.1231142030798092,63,317.966
2026-07-15T12:11:56.148000Z,8,-35,20.0,2.0,1,2.0,0.0085145551066553,4344,48.421,5.841111111111112,27.223000000000003,72,cwpb-2m,0,2.0,57.203,-87.0,5,5.0,7295019.0,58.5,-50.0,-50.0,38.0,7659641.0,3191.0,65.0,3191.0,4.0,0,161.0,-42.0,25,42.74770263788969,31.554129307776343,0.1322279357750026,63,275.339
2026-07-15T12:15:13.643000Z,8,-37,160.0,1.0,4,2.0,0.0033552101686966,2896,3.412,5.904444444444445,8.014000000000001,58,cwpb-2m,0,2.0,114.187,-86.0,7,0.0,8433964.0,144.4,-45.0,-45.0,41.0,9173456.0,13832.0,130.0,13832.0,4.0,3,11.0,-31.0,97,68.75195218539021,54.243147356852646,0.0477772216408063,21,3.215
2026-07-15T12:15:56.208000Z,8,-40,20.0,3.0,4,2.0,0.0083811092575602,4344,67.698,8.427777777777777,25.155,72,cwpb-2m,0,2.0,57.203,-87.0,5,5.0,7735218.0,58.5,-47.0,-45.0,40.0,7886692.0,2918.0,65.0,2918.0,4.0,3,161.0,-49.0,49,44.432962622426544,30.714916095720387,2.164731693939117,1184,326.807
2026-07-15T12:17:31.889000Z,8,-36,20.0,2.0,4,2.0,0.0087719850905331,4344,41.623,9.361111111111112,22.545,72,cwpb-2m,0,2.0,57.203,-85.0,5,2.0,7034888.0,58.5,-49.0,-48.0,37.0,7467426.0,3498.0,65.0,3498.0,4.0,3,11.0,-47.0,47,41.90532520731342,30.62066125519699,0.0822803408756979,42,288.95
2026-07-15T12:20:58.736000Z,8,-38,160.0,1.0,4,2.0,0.0035469933009838,2896,2.165,1.7788888888888887,4.032,58,cwpb-2m,0,2.0,114.187,-82.0,5,0.0,6991571.0,144.4,-48.0,-49.0,34.0,9311360.0,21612.0,130.0,21612.0,4.0,3,11.0,-30.0,96,65.70619811599978,37.77480153833412,0.1511588847833389,63,3.164
2026-07-15T12:21:31.992000Z,8,-41,20.0,3.0,4,2.0,0.0114577774570444,5792,27.694,19.611111111111107,37.4,72,cwpb-2m,0,2.0,57.203,-89.0,6,6.0,7603351.0,72.2,-49.0,-50.0,41.0,7476283.0,2435.0,65.0,2435.0,4.0,3,161.0,-49.0,49,41.917889266440135,36.19736092319936,0.0392516027737799,21,199.149
2026-07-15T12:23:07.593000Z,8,-34,20.0,2.0,3,2.0,0.9132628008776972,415576,22.545,7.928888888888888,31.574,72,cwpb-2m,0,2.0,57.203,-89.0,5,4.0,8022020.0,72.2,-49.0,-50.0,41.0,7208224.0,2162.0,65.0,2162.0,4.0,2,11.0,-47.0,41,40.24117369578253,38.73667618953797,2.6358658762839946,1165,212.232
2026-07-15T12:26:43.478000Z,8,-39,160.0,1.0,3,2.0,0.0036240560435239,2896,3.636,4.734444444444445,10.771,52,cwpb-2m,0,2.0,114.187,-85.0,5,0.0,6952306.0,117.0,-48.0,-49.0,37.0,9079477.0,17351.0,130.0,17351.0,4.0,2,11.0,-29.0,96,64.0660501794933,31.75043010746793,0.1906880661051962,84,2.233
2026-07-15T12:27:07.707000Z,8,-43,20.0,3.0,4,2.0,0.0082711196872145,4344,54.636,9.871111111111112,22.286,72,cwpb-2m,0,2.0,57.203,-87.0,5,11.0,7446262.0,72.2,-48.0,-45.0,39.0,7792330.0,2408.0,65.0,2408.0,4.0,3,161.0,-49.0,44,44.432962622426544,35.83094705473329,0.0802215643205042,42,244.941
2026-07-15T12:28:43.290000Z,8,-34,20.0,2.0,3,2.0,0.0083722212474332,4344,43.165,6.426666666666666,23.356,72,cwpb-2m,0,2.0,57.203,-87.0,5,14.0,7612849.0,65.0,-46.0,-44.0,41.0,7778029.0,2096.0,65.0,2096.0,4.0,2,11.0,-46.0,34,44.424083133493205,35.167561817821,0.0822626136007521,42,234.592
2026-07-15T12:32:28.119000Z,8,-41,160.0,1.0,5,2.0,0.0028547455018043,2896,4.067,13.68,22.414,52,cwpb-2m,0,2.0,114.187,-87.0,5,0.0,6428641.0,144.4,-45.0,-45.0,42.0,9257847.0,12646.0,130.0,12646.0,4.0,4,11.0,-29.0,98,80.51423781625321,47.57111540576958,0.0478044116642764,21,3.069
2026-07-15T12:32:43.415000Z,8,-43,20.0,3.0,4,2.0,0.5944120986853241,215752,33.927,14.714444444444446,33.657,72,cwpb-2m,0,2.0,57.203,-88.0,6,17.0,7117278.0,58.5,-50.0,-50.0,39.0,5817412.0,2093.0,65.0,2063.0,4.0,3,161.0,-49.0,44,31.857595842494504,35.01854050293211,2.8841336863951907,1209,264.855
2026-07-15T12:34:19.062000Z,8,-37,20.0,2.0,4,2.0,0.0092248697050861,4344,47.886,7.522222222222224,34.440000000000005,72,cwpb-2m,0,2.0,57.203,-89.0,5,9.0,7806327.0,72.2,-46.0,-45.0,43.0,7175798.0,2320.0,65.0,2320.0,4.0,3,11.0,-50.0,45,40.23715239332467,40.74669210892467,0.086155613448481,42,196.935
2026-07-15T12:38:12.902000Z,8,-36,160.0,1.0,3,2.0,0.0067475490273743,5792,2.48,26.142222222222223,52.486,65,cwpb-2m,0,2.0,114.187,-88.0,5,1.0,4213309.0,117.0,-47.0,-47.0,41.0,8024616.0,9954.0,130.0,9954.0,4.0,2,11.0,-32.0,93,67.3371282356574,25.333297356159,0.054949368082267,21,15.963
2026-07-15T12:38:18.921000Z,8,-41,20.0,3.0,4,2.0,1.3962140945328252,311320,25.03,21.200000000000003,43.31,72,cwpb-2m,0,2.0,57.203,-88.0,5,10.0,5336231.0,52.0,-51.0,-51.0,38.0,3932317.0,2990.0,65.0,2990.0,4.0,3,161.0,-48.0,40,18.44387127723366,22.95246223624532,8.951118412255735,4686,290.649
2026-07-15T12:39:54.753000Z,8,-34,20.0,2.0,3,2.0,0.0058846402436566,2896,48.811,14.598888888888888,24.065,72,cwpb-2m,0,2.0,57.203,-89.0,5,0.0,7269687.0,65.0,-48.0,-45.0,41.0,7209365.0,1750.0,65.0,1750.0,4.0,2,11.0,-46.0,39,41.06721870316715,34.60165311599245,0.0952705001701259,42,211.927
2026-07-15T12:43:54.946000Z,8,-40,20.0,3.0,4,2.0,1.609415393451118,353312,61.075,10.245555555555557,26.368999999999996,72,cwpb-2m,0,2.0,57.203,-89.0,5,11.0,5257687.0,72.2,-50.0,-50.0,40.0,3516698.0,1037.0,65.0,1037.0,4.0,3,161.0,-48.0,40,18.44202818027381,26.04387463039621,7.036253776435045,4658,374.367
2026-07-15T12:43:58.665000Z,8,-38,160.0,1.0,3,2.0,0.0089606311452726,4344,4.513,2.0344444444444445,5.906000000000001,58,cwpb-2m,0,2.0,114.187,-77.0,5,1.0,3041305.0,117.0,-48.0,-49.0,29.0,5737197.0,12216.0,130.0,12216.0,4.0,2,11.0,-36.0,93,38.24041537541357,12.240187935645764,0.0,0,9.422
2026-07-15T12:45:30.644000Z,8,-34,20.0,2.0,4,2.0,0.9887731881694176,403992,10.715,7.765555555555557,23.119000000000003,72,cwpb-2m,0,2.0,45.234,-88.0,5,0.0,7381131.0,52.0,-47.0,-48.0,42.0,6451291.0,2803.0,52.0,2803.0,4.0,3,161.0,-48.0,55,35.203990407673864,38.05988862370724,0.1130703997846278,42,235.52
2026-07-15T12:49:32.412000Z,8,-41,20.0,3.0,4,2.0,1.124267103298977,441640,11.084,11.30111111111111,15.372,72,cwpb-2m,0,2.0,57.203,-88.0,5,1.0,4783627.0,58.5,-52.0,-52.0,37.0,5583128.0,1940.0,65.0,1940.0,4.0,3,161.0,-48.0,42,31.857595842494504,15.630303652517275,0.1477286716730272,84,874.156
2026-07-15T12:51:06.343000Z,8,-34,20.0,2.0,4,2.0,0.0084598111452325,4344,26.075,7.377777777777776,26.880000000000003,72,cwpb-2m,0,2.0,57.203,-90.0,5,1.0,6757969.0,58.5,-48.0,-45.0,42.0,7638258.0,1575.0,65.0,1575.0,4.0,3,11.0,-39.0,41,44.44184566173531,30.3165043219076,2.61632392162049,1187,309.001
2026-07-15T12:55:08.365000Z,8,-45,20.0,3.0,4,2.0,0.8222639437495642,335936,13.947,15.292222222222222,25.257,72,cwpb-2m,0,2.0,57.203,-90.0,6,0.0,7039015.0,72.2,-48.0,-48.0,42.0,6339333.0,3911.0,65.0,3911.0,4.0,3,161.0,-48.0,42,33.53766316841579,32.07506009639028,2.691374365762188,1220,274.566
2026-07-15T12:55:30.301000Z,8,-39,160.0,1.0,4,2.0,0.4866138714064745,236024,3.0,3.347777777777778,5.396,52,cwpb-2m,0,2.0,114.187,-84.0,6,0.0,6225177.0,117.0,-48.0,-48.0,36.0,6793537.0,14709.0,130.0,14708.0,4.0,3,11.0,-36.0,97,38.39849303589524,35.21748776724853,0.0,0,9.57
2026-07-15T12:56:42.509000Z,8,-34,20.0,2.0,4,2.0,0.0062848051467345,2896,32.992,9.842222222222224,21.982,72,cwpb-2m,0,2.0,57.203,-89.0,5,3.0,8368828.0,52.0,-46.0,-44.0,43.0,7357802.0,1398.0,65.0,1398.0,4.0,3,11.0,-48.0,50,41.784259812711696,32.47203096774194,0.0804520639785461,42,202.444
2026-07-15T13:00:44.089000Z,8,-40,20.0,3.0,4,2.0,1.2273276268555209,438744,13.532,14.65555555555556,34.209999999999994,72,cwpb-2m,0,2.0,51.585,-86.0,5,13.0,6481443.0,52.0,-50.0,-50.0,37.0,6506241.0,5831.0,58.5,5831.0,4.0,3,11.0,-50.0,45,31.01613830318777,23.23254441147379,2.365209053317086,1184,351.326
2026-07-15T13:01:15.414000Z,8,-43,160.0,1.0,3,2.0,0.0038093217681482,2896,2.824,1.97,5.442,58,cwpb-2m,0,2.0,114.187,-84.0,5,2.0,5668401.0,104.0,-51.0,-52.0,33.0,8886211.0,16234.0,130.0,16234.0,4.0,2,11.0,-35.0,87,60.69522421685533,33.41790158671676,0.1908006814310051,84,3.063
2026-07-15T13:02:18.666000Z,8,-33,20.0,2.0,4,2.0,0.0081608704447539,4344,48.5,12.69111111111111,24.606,72,cwpb-2m,0,2.0,57.203,-90.0,5,0.0,7957344.0,58.5,-49.0,-50.0,42.0,7643455.0,1105.0,65.0,1105.0,4.0,3,11.0,-48.0,48,45.25775122389849,33.52185001493875,0.0502296211251435,21,255.826
2026-07-15T13:06:20.128000Z,8,-43,20.0,3.0,4,2.0,1.74432221609815,716760,17.707,15.733333333333333,40.33,72,cwpb-2m,0,2.0,57.203,-90.0,5,1.0,6154068.0,58.5,-49.0,-50.0,41.0,6746937.0,4163.0,65.0,4163.0,4.0,3,11.0,-50.0,45,35.21454632683658,25.99176140628086,0.037679651194086,21,262.029
2026-07-15T13:07:00.108000Z,8,-41,160.0,1.0,3,2.0,0.0066860138317988,4344,2.885,2.148888888888889,4.899,58,cwpb-2m,0,2.0,114.187,-83.0,5,2.0,5677751.0,117.0,-50.0,-50.0,33.0,7798421.0,15740.0,130.0,15740.0,4.0,2,11.0,-35.0,84,52.61902982894839,34.15786954120439,0.1908310236721341,84,2.77
2026-07-15T13:07:54.436000Z,8,-35,20.0,2.0,4,2.0,0.0110135844349453,5792,26.94,13.58,30.358000000000004,72,cwpb-2m,0,2.0,57.203,-90.0,5,1.0,7870030.0,52.0,-47.0,-48.0,43.0,7713273.0,1371.0,65.0,1371.0,4.0,3,11.0,-48.0,48,44.42852243429599,39.209794881967866,0.0925599435825105,42,221.59
2026-07-15T13:11:56.372000Z,8,-45,20.0,3.0,4,2.0,1.306600133161201,473496,38.052,22.100000000000005,37.06,72,cwpb-2m,0,2.0,57.203,-88.0,4,1.0,5066638.0,58.5,-47.0,-43.0,41.0,5861290.0,2902.0,65.0,2902.0,4.0,3,11.0,-49.0,48,31.01613830318777,19.176211941478844,4.492601431980907,2353,316.548
2026-07-15T13:12:45.670000Z,8,-35,160.0,1.0,3,2.0,0.0071181496166882,4344,3.0,3.4600000000000004,8.294,26,cwpb-2m,0,2.0,90.195,-82.0,3,0.0,6385224.0,104.0,-44.0,-45.0,38.0,8909287.0,17443.0,104.0,17443.0,4.0,2,11.0,-34.0,95,49.18372183607563,33.05638294127623,0.2012892094605928,84,3.11
2026-07-15T13:13:29.763000Z,8,-33,20.0,2.0,4,2.0,1.1744177605547843,524176,11.435,5.444444444444444,30.52,72,cwpb-2m,0,2.0,57.203,-88.0,3,2.0,7749115.0,58.5,-47.0,-49.0,41.0,6917309.0,2303.0,65.0,2303.0,4.0,3,161.0,-51.0,42,38.56060437693615,31.427001493577617,2.077516112603832,1183,203.588
2026-07-15T13:17:31.724000Z,8,-39,20.0,3.0,4,2.0,2.309444541075347,905000,24.013,8.49625,17.049999999999997,72,cwpb-2m,0,2.0,57.203,-88.0,5,0.0,6604955.0,39.0,-51.0,-52.0,38.0,6318073.0,3067.0,65.0,3067.0,4.0,3,11.0,-49.0,48,32.69595362782331,28.27527233072271,0.0694570771800426,42,301.459
2026-07-15T13:18:30.053000Z,8,-36,160.0,1.0,3,2.0,0.0064665228232529,4344,3.395,4.015555555555555,5.224,58,cwpb-2m,0,2.0,101.46,-81.0,4,1.0,6489933.0,117.0,-46.0,-47.0,35.0,8532171.0,16488.0,117.0,16488.0,4.0,2,11.0,-34.0,105,54.20003865475663,43.27269336805162,0.151285930408472,84,3.316
2026-07-15T13:19:05.457000Z,8,-32,20.0,2.0,3,2.0,0.008335930315921,4344,47.547,15.30888888888889,27.402,72,cwpb-2m,0,2.0,57.203,-89.0,4,0.0,8019447.0,72.2,-46.0,-42.0,43.0,7885571.0,1375.0,65.0,1375.0,4.0,2,161.0,-47.0,40,46.10046362909672,36.96568818272095,0.0785972266407171,42,204.081
2026-07-15T13:23:07.727000Z,8,-44,20.0,3.0,4,2.0,2.686991243205555,902104,24.719,20.278888888888886,34.169000000000004,72,cwpb-2m,0,2.0,57.203,-88.0,3,4.0,6660827.0,58.5,-49.0,-51.0,39.0,5616756.0,2885.0,65.0,2885.0,4.0,3,11.0,-44.0,37,28.50416470117929,27.59685614594756,1.9176464957483128,1202,286.614
2026-07-15T13:24:41.295000Z,8,-32,20.0,2.0,4,2.0,0.0086648143431879,4344,48.719,11.841111111111111,29.58300000000001,72,cwpb-2m,0,2.0,57.203,-87.0,3,0.0,7405186.0,58.5,-47.0,-48.0,41.0,7379079.0,2041.0,65.0,2041.0,4.0,3,161.0,-47.0,43,41.917889266440135,32.79394457640539,0.0,0,239.884
2026-07-15T13:28:43.449000Z,8,-39,20.0,3.0,4,2.0,0.0092839636198567,4344,61.137,23.307777777777783,38.513,72,cwpb-2m,0,2.0,57.203,-86.0,3,9.0,7694693.0,72.2,-47.0,-44.0,39.0,8192268.0,3848.0,65.0,3832.0,4.0,3,11.0,-44.0,37,42.75197441790746,31.149947739692003,2.3603261826075053,1207,318.581
2026-07-15T13:30:01.032000Z,8,-36,160.0,1.0,3,2.0,0.0039456460014365,2896,1.763,36.54444444444445,51.76,52,cwpb-2m,0,2.0,90.195,-84.0,3,0.0,6490573.0,117.0,-46.0,-46.0,38.0,8781362.0,19909.0,104.0,19909.0,4.0,2,11.0,-36.0,94,58.75401039724517,40.11205178736967,0.0490516677567037,21,4.61
2026-07-15T13:30:17.169000Z,8,-33,20.0,2.0,4,2.0,0.0167957355534635,2896,29.957,5.633333333333334,29.26,72,cwpb-2m,0,2.0,57.203,-86.0,3,6.0,7255785.0,52.0,-46.0,-44.0,41.0,3310466.0,1370.0,65.0,1347.0,4.0,3,161.0,-46.0,50,15.925614708233413,33.500499307616224,2.171432846428638,1161,234.047
2026-07-15T13:34:19.170000Z,8,-40,20.0,3.0,4,2.0,0.0092002570650095,4344,59.244,9.853333333333332,29.582,72,cwpb-2m,0,2.0,57.203,-86.0,4,0.0,6806310.0,72.2,-48.0,-48.0,39.0,7289072.0,3418.0,65.0,3418.0,4.0,3,11.0,-44.0,46,39.402815910453725,29.75421529913682,0.0354574004660115,21,220.225
2026-07-15T13:35:48.031000Z,8,-35,160.0,1.0,3,2.0,0.0042886442387158,2896,4.25,46.31111111111111,76.28,58,cwpb-2m,0,2.0,101.46,-88.0,3,0.0,2929255.0,130.0,-46.0,-46.0,42.0,8224405.0,15248.0,117.0,15248.0,4.0,2,11.0,-37.0,91,52.74875974140487,10.98315427186252,3.1576672699278787,1169,18.139
2026-07-15T13:35:52.712000Z,8,-34,20.0,2.0,4,2.0,0.0117777378197476,4344,45.171,8.91111111111111,32.18,72,cwpb-2m,0,2.0,57.203,-89.0,3,14.0,5482116.0,58.5,-45.0,-42.0,44.0,5648409.0,1676.0,65.0,1676.0,4.0,3,161.0,-50.0,38,31.851229416466825,18.22889924930857,20.410468538700183,12829,480.068
2026-07-15T13:39:55.168000Z,8,-43,20.0,3.0,4,2.0,0.0090566626848484,4344,52.883,12.866666666666667,26.996,72,cwpb-2m,0,2.0,57.203,-88.0,4,12.0,6734479.0,58.5,-48.0,-44.0,40.0,7785668.0,5080.0,65.0,5080.0,4.0,3,11.0,-44.0,46,41.07953148111133,28.592801189885968,0.0950720963397242,42,232.25
2026-07-15T13:41:28.747000Z,8,-34,20.0,2.0,4,2.0,0.5064488353976182,146248,26.401,12.521111111111113,31.511000000000003,72,cwpb-2m,0,2.0,57.203,-90.0,4,6.0,6419874.0,58.5,-48.0,-48.0,43.0,4512295.0,1283.0,65.0,1283.0,4.0,3,161.0,-49.0,47,25.14319512438805,29.620790960451977,0.0786561042755211,42,252.654
2026-07-15T13:41:34.266000Z,8,-36,160.0,1.0,3,2.0,0.0308855800175416,7240,7.617,12.285555555555556,17.93,65,cwpb-2m,0,2.0,114.187,-83.0,4,1.0,2963551.0,117.0,-45.0,-46.0,38.0,4537306.0,8015.0,130.0,8015.0,4.0,2,11.0,-37.0,97,17.683638253395767,9.101712145414664,10.99753927692599,6972,13.827
2026-07-15T13:45:30.913000Z,8,-46,20.0,3.0,4,2.0,0.0055688923519263,2896,27.721,8.56777777777778,22.52,72,cwpb-2m,0,2.0,57.203,-86.0,4,3.0,6821462.0,58.5,-49.0,-51.0,38.0,7657017.0,1031.0,65.0,1031.0,4.0,3,11.0,-44.0,46,44.432962622426544,31.122118721461188,2.532628310042385,1207,216.004
2026-07-15T13:47:04.662000Z,8,-37,20.0,2.0,4,2.0,0.0087550891979129,4344,40.255,5.1,20.6,72,cwpb-2m,0,2.0,57.203,-88.0,5,6.0,6047136.0,58.5,-47.0,-44.0,41.0,7349622.0,1404.0,65.0,1404.0,4.0,3,161.0,-50.0,41,42.74770263788969,31.671190334719743,0.1293501693871266,63,301.219
2026-07-15T13:47:19.102000Z,8,-38,160.0,1.0,3,2.0,0.6255652264073777,182448,4.319,5.571111111111112,12.933,39,cwpb-2m,0,2.0,114.187,-79.0,4,0.0,7290309.0,144.4,-45.0,-45.0,34.0,4581351.0,9551.0,130.0,9523.0,4.0,2,11.0,-35.0,94,24.74426149388948,52.096796146968906,0.1182587802451523,63,2.76
2026-07-15T13:51:07.156000Z,8,-42,20.0,3.0,4,2.0,1.4343324058746876,521280,13.363,12.94222222222222,17.719,72,cwpb-2m,0,2.0,57.203,-87.0,4,9.0,6568954.0,52.0,-49.0,-52.0,38.0,5502075.0,2104.0,65.0,2104.0,4.0,3,11.0,-44.0,43,30.177864294993505,27.37225687344913,0.0401238106156138,21,308.967
2026-07-15T13:52:40.440000Z,8,-38,20.0,2.0,4,2.0,0.005995961504602,2896,52.824,19.005555555555556,30.245,72,cwpb-2m,0,2.0,57.203,-89.0,4,2.0,7411126.0,52.0,-50.0,-49.0,39.0,7562869.0,3238.0,65.0,3238.0,4.0,3,161.0,-50.0,50,42.73916163836164,30.259382784609283,0.0841548449146429,42,263.701
2026-07-15T13:53:05.786000Z,8,-36,160.0,1.0,3,2.0,0.0080591467159496,4344,3.521,24.90222222222222,19.763,58,cwpb-2m,0,2.0,101.46,-84.0,3,1.0,5462987.0,117.0,-45.0,-45.0,39.0,8680263.0,14359.0,117.0,14359.0,4.0,2,11.0,-33.0,74,42.432309445956456,26.536513419668584,0.1008016128258052,42,7.29
2026-07-15T13:56:43.471000Z,8,-41,20.0,3.0,4,2.0,0.9743380153732568,376480,11.175,6.425,17.37222222222222,72,cwpb-2m,0,2.0,51.585,-85.0,4,2.0,5978236.0,39.0,-50.0,-51.0,35.0,6244183.0,4184.0,58.5,4184.0,4.0,3,11.0,-44.0,43,32.69595362782331,25.162482923429256,5.6077118135537445,2897,299.139
2026-07-15T13:58:15.956000Z,8,-35,20.0,2.0,4,2.0,0.008501766425945,4344,55.556,8.114444444444445,20.117,72,cwpb-2m,0,2.0,57.203,-89.0,4,2.0,8352534.0,58.5,-48.0,-45.0,41.0,7835081.0,3397.0,65.0,3397.0,4.0,3,161.0,-49.0,51,42.75624705176894,35.59434163771712,0.1032524522457408,42,257.195
2026-07-15T13:58:50.305000Z,8,-35,160.0,1.0,3,2.0,0.0053132443770976,2896,2.917,8.656666666666668,8.365,58,cwpb-2m,0,2.0,114.187,-82.0,4,1.0,6038295.0,117.0,-45.0,-43.0,37.0,8715816.0,19623.0,130.0,19623.0,4.0,2,161.0,-39.0,80,43.24075629590728,31.29751715619764,0.1470794228883597,63,3.428
2026-07-15T14:02:19.387000Z,8,-43,20.0,3.0,4,2.0,1.8456462608298183,708072,9.282,14.076666666666666,16.349,72,cwpb-2m,0,2.0,57.203,-85.0,4,0.0,4912764.0,52.0,-46.0,-43.0,39.0,5796212.0,1926.0,65.0,1926.0,4.0,3,11.0,-44.0,42,31.860780009995004,21.380354087925205,0.1604553876716777,84,481.085
2026-07-15T14:03:51.866000Z,8,-33,20.0,2.0,4,2.0,0.0092416361065787,4344,32.539,13.006666666666668,39.944,72,cwpb-2m,0,2.0,57.203,-88.0,4,1.0,7721828.0,58.5,-45.0,-43.0,43.0,7379125.0,2582.0,65.0,2582.0,4.0,3,161.0,-49.0,57,41.07542640151894,31.289915336571823,0.095054882878805,42,233.593
2026-07-15T14:04:34.662000Z,8,-39,160.0,1.0,3,2.0,0.0068592148055962,4344,2.642,3.826666666666666,7.177,65,cwpb-2m,0,2.0,101.46,-82.0,4,2.0,6688537.0,144.4,-46.0,-44.0,36.0,8560177.0,21066.0,117.0,21066.0,4.0,2,161.0,-39.0,81,51.28047219511003,41.18384478552369,0.1812375938551825,84,2.695
2026-07-15T14:07:55.196000Z,8,-43,20.0,3.0,4,2.0,0.977542886301108,222992,20.721,15.844444444444443,39.82,72,cwpb-2m,0,2.0,57.203,-83.0,3,2.0,5541255.0,58.5,-48.0,-49.0,36.0,3930187.0,2137.0,65.0,2137.0,4.0,3,11.0,-44.0,42,19.28222906256246,23.76730569639129,6.457899964393471,3446,319.907
2026-07-15T14:09:28.911000Z,8,-32,20.0,2.0,4,2.0,0.4863351808789999,221544,18.59,10.555555555555554,31.790000000000003,72,cwpb-2m,0,2.0,57.203,-86.0,4,4.0,7646830.0,26.0,-44.0,-45.0,43.0,6873353.0,2152.0,65.0,2151.0,4.0,3,161.0,-49.0,41,38.56060437693615,18.390722480620155,2.7623058461259795,1220,537.637
2026-07-15T14:10:21.006000Z,8,-34,160.0,1.0,3,2.0,0.0124440576015488,8688,2.668,1.9388888888888889,5.656,65,cwpb-2m,0,2.0,114.187,-79.0,4,1.0,5590377.0,144.4,-45.0,-46.0,34.0,8457418.0,14613.0,130.0,14612.0,4.0,2,11.0,-35.0,91,53.65685751448952,40.316028594358905,0.1512832057631697,84,4.373
2026-07-15T14:13:30.953000Z,8,-40,20.0,3.0,3,2.0,1.4286613092344211,399648,28.668,18.49888888888889,39.351,72,cwpb-2m,0,2.0,45.234,-86.0,3,1.0,4921700.0,72.2,-48.0,-48.0,39.0,6318104.0,5875.0,52.0,5875.0,4.0,2,11.0,-44.0,44,24.31480579710145,21.19887020216818,8.516604354519464,4647,418.439
2026-07-15T14:15:05.160000Z,8,-32,20.0,2.0,4,2.0,0.0093093156418618,4344,57.012,5.083333333333332,26.095,72,cwpb-2m,0,2.0,57.203,-88.0,3,2.0,7756732.0,39.0,-45.0,-43.0,43.0,7406648.0,2939.0,65.0,2939.0,4.0,3,161.0,-48.0,43,41.07542640151894,26.785406732673263,0.0842476882033177,42,462.585
2026-07-15T14:16:06.359000Z,8,-39,160.0,1.0,4,2.0,0.0142238484036382,5792,5.631,9.552222222222222,14.196,65,cwpb-2m,0,2.0,114.187,-80.0,4,0.0,6257864.0,144.4,-45.0,-46.0,35.0,7924278.0,11840.0,130.0,11839.0,4.0,3,11.0,-32.0,100,31.55650105669428,36.5788225349003,0.1397546529426118,63,4.367
2026-07-15T14:19:06.645000Z,8,-40,20.0,3.0,3,2.0,1.256674211340569,419920,13.025,22.56666666666667,52.33,72,cwpb-2m,0,2.0,57.203,-86.0,3,8.0,5667739.0,58.5,-48.0,-49.0,39.0,5636397.0,2429.0,65.0,2429.0,4.0,2,11.0,-44.0,44,29.34252248650809,23.28090236891664,1.825940110370616,1211,294.63
2026-07-15T14:20:40.863000Z,8,-33,20.0,2.0,4,2.0,0.0098919193948841,4344,37.759,11.433333333333334,37.11,72,cwpb-2m,0,2.0,57.203,-86.0,6,9.0,6609473.0,58.5,-47.0,-45.0,39.0,7277739.0,4611.0,65.0,4611.0,4.0,3,161.0,-47.0,48,38.53364969043339,24.5226477205447,2.5594593997747497,1159,272.595
2026-07-15T14:21:53.264000Z,8,-35,160.0,1.0,4,2.0,0.011778290917929,5792,4.703,4.195555555555555,7.454,52,cwpb-2m,0,2.0,114.187,-80.0,3,0.0,5951100.0,78.0,-45.0,-45.0,35.0,8190292.0,17999.0,130.0,17999.0,4.0,3,11.0,-35.0,94,38.50933240195095,27.1213110096539,0.0909484625378952,42,6.314
2026-07-15T14:24:42.527000Z,8,-41,20.0,3.0,4,2.0,0.9284135091501756,311320,8.608,14.44111111111111,18.319,72,cwpb-2m,0,2.0,57.203,-86.0,4,2.0,5114860.0,52.0,-47.0,-44.0,39.0,5358619.0,3441.0,65.0,3441.0,4.0,3,11.0,-45.0,43,28.50131627860497,19.54320293447011,0.0926947693665857,42,333.262
2026-07-15T14:26:16.765000Z,8,-38,20.0,2.0,4,2.0,0.0128184396677592,4344,57.027,28.046666666666667,36.078,72,cwpb-2m,0,2.0,57.203,-86.0,3,1.0,6559012.0,52.0,-49.0,-47.0,37.0,5813212.0,3892.0,65.0,3892.0,4.0,3,161.0,-46.0,45,29.33959028679924,21.94622069372113,4.939136315331852,2045,277.941
2026-07-15T14:27:39.388000Z,8,-36,160.0,1.0,3,2.0,0.005994870245836,4344,3.991,24.164444444444445,45.851,65,cwpb-2m,0,2.0,90.195,-74.0,3,0.0,4500770.0,104.0,-46.0,-47.0,28.0,8360281.0,18311.0,104.0,18311.0,4.0,2,11.0,-35.0,89,55.00010378335207,25.143188502399813,0.2591312931885489,84,3.371
2026-07-15T14:30:18.901000Z,8,-43,20.0,3.0,4,2.0,0.0174559791068325,5792,161.618,34.63333333333333,54.81,72,cwpb-2m,0,2.0,51.585,-84.0,3,19.0,2982341.0,13.0,-50.0,-51.0,34.0,6960088.0,7794.0,58.5,7794.0,4.0,3,11.0,-45.0,43,31.022338430784608,4.523712520835376,0.055022795157994,21,177.725
2026-07-15T14:31:52.911000Z,8,-35,20.0,2.0,3,2.0,0.0170511818070484,5792,38.638,17.555555555555557,35.25,72,cwpb-2m,0,2.0,57.203,-84.0,3,2.0,5052427.0,52.0,-47.0,-45.0,37.0,5858721.0,4754.0,65.0,4754.0,4.0,2,161.0,-44.0,38,29.33665867306155,11.842447394491778,2.71551724137931,1197,867.624
2026-07-15T14:33:23.434000Z,8,-34,160.0,1.0,3,2.0,0.008024869706708,4344,2.796,3.1277777777777778,5.412,58,cwpb-2m,0,2.0,101.46,-82.0,3,0.0,6132135.0,104.0,-45.0,-43.0,37.0,8349442.0,18431.0,117.0,18431.0,4.0,2,11.0,-37.0,89,43.798675669731466,24.083447939176068,0.1134123619474522,42,2.735
2026-07-15T14:35:56.041000Z,8,-41,20.0,3.0,3,2.0,1.4744523802175995,424264,45.405,41.01,49.02444444444445,72,cwpb-2m,0,2.0,45.234,-81.0,3,4.0,6120934.0,39.0,-50.0,-51.0,31.0,5492660.0,4652.0,52.0,4652.0,4.0,2,11.0,-46.0,45,25.99168895552224,16.930944824170382,4.862249918005904,2372,532.131
2026-07-15T14:37:29.866000Z,8,-37,20.0,2.0,4,2.0,0.5489190811231851,220096,35.051,19.17777777777778,28.03,72,cwpb-2m,0,2.0,57.203,-85.0,3,1.0,5788852.0,39.0,-48.0,-48.0,37.0,6290592.0,2789.0,65.0,2789.0,4.0,3,161.0,-46.0,50,35.203990407673864,11.367237607174534,2.369946725164525,1210,521.317
2026-07-15T14:39:07.903000Z,8,-36,160.0,1.0,3,2.0,0.0027465899037783,1448,1.805,7.817777777777778,9.265,52,cwpb-2m,0,2.0,90.195,-78.0,3,0.0,5600053.0,117.0,-46.0,-44.0,32.0,7463533.0,15606.0,104.0,15606.0,4.0,2,11.0,-35.0,86,41.36293074577724,26.64957714924789,0.1471790678659035,63,5.57
2026-07-15T14:41:34.645000Z,8,-39,20.0,3.0,3,2.0,1.727394907053029,280912,43.72,14.566666666666665,42.62,72,cwpb-2m,0,2.0,57.203,-82.0,3,5.0,5309820.0,19.5,-47.0,-47.0,35.0,3989877.0,4526.0,65.0,4526.0,4.0,2,11.0,-46.0,45,14.252082350589646,8.693287011448875,0.0394403230350267,21,681.879
2026-07-15T14:43:05.617000Z,8,-33,20.0,2.0,4,2.0,0.0106572751800696,4344,51.768,19.58888888888889,29.0,72,cwpb-2m,0,2.0,57.203,-87.0,3,15.0,5950619.0,52.0,-44.0,-44.0,43.0,6284587.0,2702.0,65.0,2702.0,4.0,3,161.0,-46.0,45,34.3658001598721,23.83127272727273,0.0430345505963359,21,259.768
2026-07-15T14:44:52.389000Z,8,-36,160.0,1.0,2,2.0,0.0167096748463448,7240,3.829,37.95333333333333,27.116,58,cwpb-2m,0,2.0,114.187,-82.0,3,0.0,5824876.0,104.0,-45.0,-45.0,37.0,7262034.0,16473.0,130.0,16473.0,4.0,1,11.0,-35.0,86,35.64448940267931,26.804326203193423,0.1859641354881558,84,1.862
2026-07-15T14:47:10.446000Z,8,-40,20.0,3.0,3,2.0,0.7328871610390306,222992,40.737,25.704444444444444,54.766,72,cwpb-2m,0,2.0,57.203,-84.0,3,1.0,5765341.0,58.5,-49.0,-50.0,36.0,5690493.0,4589.0,65.0,4589.0,4.0,2,11.0,-46.0,28,26.830130534732632,20.04645942447476,2.7332386171436305,1212,313.582
2026-07-15T14:48:41.726000Z,8,-33,20.0,2.0,4,2.0,0.0096080601538882,4344,32.86,19.64,38.90400000000001,72,cwpb-2m,0,2.0,57.203,-79.0,3,1.0,5489178.0,52.0,-45.0,-44.0,34.0,7089783.0,3006.0,65.0,3006.0,4.0,3,161.0,-45.0,49,39.39494164668265,20.138970794970795,2.166511361192746,1209,325.864
2026-07-15T14:50:38.679000Z,8,-36,160.0,1.0,2,2.0,0.0325348123990589,8688,6.489,5.213333333333333,8.356,39,cwpb-2m,0,2.0,90.195,-81.0,3,0.0,5215857.0,78.0,-46.0,-44.0,35.0,5927596.0,11421.0,104.0,11421.0,4.0,1,11.0,-34.0,88,19.840987251274694,13.2563583808198,0.1702840770873314,63,10.447
2026-07-15T14:52:46.935000Z,8,-41,20.0,3.0,3,2.0,2.091182217879824,684904,16.967,14.52222222222222,34.22,72,cwpb-2m,0,2.0,57.203,-86.0,5,5.0,3565959.0,52.0,-50.0,-51.0,36.0,6293249.0,5615.0,65.0,5615.0,4.0,2,11.0,-46.0,28,29.33959028679924,8.25163092661814,7.16876729173071,3498,1062.33
2026-07-15T14:54:17.693000Z,8,-32,20.0,2.0,4,2.0,0.0094301710594823,4344,40.07,9.604444444444445,23.805,72,cwpb-2m,0,2.0,57.203,-86.0,3,3.0,5997736.0,26.0,-44.0,-44.0,42.0,7203954.0,3026.0,65.0,3026.0,4.0,3,161.0,-46.0,53,40.24117369578253,21.934126697729752,0.1719303272816587,84,486.468
2026-07-15T14:56:24.736000Z,8,-41,160.0,1.0,3,2.0,0.0071870615420932,2896,4.58,17.11111111111111,18.82,72,cwpb-2m,0,2.0,68.226,-80.0,3,0.0,4119158.0,58.5,-46.0,-47.0,34.0,8094063.0,12407.0,78.0,12407.0,4.0,2,11.0,-38.0,80,31.483435816849607,9.094185099039237,0.14733395696913,63,5.944
2026-07-15T14:58:22.991000Z,8,-43,20.0,3.0,1,2.0,2.170597136493117,716760,22.734,21.787777777777777,26.868,72,cwpb-2m,0,2.0,34.187,-85.0,4,2.0,3632143.0,26.0,-49.0,-50.0,36.0,6158449.0,3768.0,39.0,3768.0,4.0,0,11.0,-46.0,34,29.34252248650809,11.69186854460094,2.792203255629817,1199,79.043
2026-07-15T14:59:53.718000Z,8,-33,20.0,2.0,4,2.0,0.0086508222263998,4344,46.108,20.224444444444444,40.908,72,cwpb-2m,0,2.0,57.203,-78.0,3,5.0,7004851.0,58.5,-45.0,-44.0,33.0,7594939.0,2644.0,65.0,2644.0,4.0,3,161.0,-44.0,59,42.743431711459685,21.817196076488656,0.0430680885972108,21,451.883
2026-07-15T15:02:10.554000Z,8,-38,160.0,1.0,3,2.0,0.0154385376321462,8688,4.262,2.6377777777777776,4.966,39,cwpb-2m,0,2.0,114.187,-83.0,3,1.0,5778572.0,78.0,-45.0,-46.0,38.0,8440539.0,17679.0,130.0,17679.0,4.0,2,11.0,-37.0,96,44.11143506072381,26.187820244796782,0.2497918401332223,84,4.432
2026-07-15T15:03:58.975000Z,8,-38,20.0,3.0,1,2.0,1.423748638433815,389512,51.926,12.846666666666666,20.869,72,cwpb-2m,0,2.0,45.234,-86.0,3,8.0,5378375.0,52.0,-48.0,-48.0,39.0,5719221.0,4561.0,52.0,4561.0,4.0,0,11.0,-46.0,34,23.47401798920648,20.03050363147945,2.553707171973119,1159,360.713
2026-07-15T15:05:29.791000Z,8,-34,20.0,2.0,4,2.0,0.0065456197146833,2896,58.96,9.988888888888887,29.870000000000005,72,cwpb-2m,0,2.0,57.203,-82.0,3,9.0,7207879.0,39.0,-45.0,-43.0,37.0,7219347.0,3234.0,65.0,3234.0,4.0,3,161.0,-45.0,54,40.23715239332467,19.780524225575853,2.592966551375969,1207,359.62
2026-07-15T15:07:56.331000Z,8,-40,160.0,1.0,3,2.0,0.0084622442479531,5792,4.413,22.14444444444445,22.109,58,cwpb-2m,0,2.0,90.195,-83.0,3,0.0,7567636.0,104.0,-46.0,-44.0,37.0,8719178.0,19236.0,104.0,19235.0,4.0,2,161.0,-35.0,92,54.74993332305328,38.8131817876199,0.2264598572943439,126,2.878
2026-07-15T15:09:35.153000Z,8,-39,20.0,3.0,4,2.0,1.5757480088231894,635672,15.235,16.204444444444444,23.205,72,cwpb-2m,0,2.0,57.203,-86.0,3,4.0,6378986.0,26.0,-46.0,-47.0,39.0,6124169.0,1466.0,65.0,1466.0,4.0,3,11.0,-47.0,36,35.21454632683658,16.677153081510934,0.1389042001984345,63,615.122
2026-07-15T15:11:05.591000Z,8,-33,20.0,2.0,4,2.0,0.0082994934099271,4344,43.84,5.387777777777777,23.844,72,cwpb-2m,0,2.0,57.203,-88.0,3,15.0,6849007.0,58.5,-47.0,-46.0,42.0,7560586.0,1697.0,65.0,1697.0,4.0,3,161.0,-46.0,51,43.58589288569145,28.27527233072271,0.1764594668403252,84,334.554
2026-07-15T15:13:41.072000Z,8,-39,160.0,1.0,3,2.0,0.0032385630191709,2896,3.471,14.042222222222223,31.991,65,cwpb-2m,0,2.0,114.187,-83.0,3,0.0,8864064.0,144.4,-42.0,-42.0,41.0,8311084.0,10172.0,130.0,10172.0,4.0,2,11.0,-39.0,103,71.17856899122407,51.75250618734532,0.1368501653606164,84,2.675
2026-07-15T15:15:11.109000Z,8,-38,20.0,3.0,4,2.0,1.9922251628263907,777576,32.794,20.4775,33.11333333333332,72,cwpb-2m,0,2.0,57.203,-88.0,3,5.0,6554144.0,58.5,-49.0,-49.0,40.0,5964945.0,1870.0,65.0,1870.0,4.0,3,11.0,-47.0,36,33.53766316841579,26.113366142899498,0.0451700329095954,21,360.49
2026-07-15T15:16:41.563000Z,8,-38,20.0,2.0,4,2.0,0.008874745954268,4344,19.933,11.532222222222222,32.491,72,cwpb-2m,0,2.0,57.203,-84.0,3,5.0,7632420.0,58.5,-48.0,-47.0,36.0,7299583.0,2339.0,65.0,2339.0,4.0,3,161.0,-45.0,62,41.07132214228617,29.95634242634659,0.1203898337473724,63,330.284
2026-07-15T15:19:25.413000Z,8,-37,160.0,1.0,4,2.0,0.0054547651793909,4344,2.643,3.1333333333333333,5.212,58,cwpb-2m,0,2.0,101.46,-80.0,4,0.0,7616478.0,117.0,-46.0,-46.0,34.0,8952311.0,21844.0,117.0,21844.0,4.0,3,161.0,-35.0,97,63.51488450160009,38.29077302711627,0.1297177095558712,63,2.321
2026-07-15T15:20:46.850000Z,8,-39,20.0,3.0,4,2.0,1.461949308321221,622640,28.88,15.755555555555553,44.650000000000006,72,cwpb-2m,0,2.0,57.203,-83.0,3,2.0,5423744.0,72.2,-44.0,-45.0,39.0,6340162.0,1853.0,65.0,1853.0,4.0,3,11.0,-45.0,45,35.21102698380972,25.05807428059345,2.2281528183267363,1244,423.84
2026-07-15T15:22:17.667000Z,8,-36,20.0,2.0,4,2.0,0.0057112204972863,2896,30.109,10.466666666666669,30.360000000000003,72,cwpb-2m,0,2.0,57.203,-87.0,3,15.0,6718632.0,39.0,-47.0,-46.0,40.0,7487011.0,2229.0,65.0,2229.0,4.0,3,11.0,-49.0,36,42.743431711459685,21.51831386933677,2.320988619921004,1187,448.803
2026-07-15T15:25:10.670000Z,8,-38,160.0,1.0,4,2.0,0.0064461249084498,5792,2.886,5.626666666666666,10.696,65,cwpb-2m,0,2.0,101.46,-82.0,3,0.0,7592112.0,144.4,-43.0,-43.0,39.0,8524641.0,15161.0,117.0,15161.0,4.0,3,11.0,-37.0,88,71.81674203315484,44.13513599124005,0.1510067114093959,63,2.395
2026-07-15T15:26:22.519000Z,8,-39,20.0,3.0,4,2.0,0.0087897188455457,4344,58.417,22.21333333333333,37.708,72,cwpb-2m,0,2.0,57.203,-87.0,4,5.0,7041267.0,72.2,-48.0,-45.0,39.0,7932344.0,5094.0,65.0,5094.0,4.0,3,11.0,-45.0,45,42.75624705176894,25.53199010194992,0.0861379437642281,42,281.486
2026-07-15T15:27:53.615000Z,8,-34,20.0,2.0,3,2.0,0.0185066465445228,8688,18.543,15.52222222222222,33.68999999999999,72,cwpb-2m,0,2.0,57.203,-84.0,3,0.0,7783710.0,52.0,-46.0,-44.0,38.0,7016318.0,2127.0,65.0,2127.0,4.0,2,161.0,-45.0,47,39.402815910453725,33.142270185112245,0.0977471606777136,42,196.669
2026-07-15T15:30:55.383000Z,8,-34,160.0,1.0,3,2.0,0.007162838324153,5792,3.795,5.562222222222222,9.155,65,cwpb-2m,0,2.0,114.187,-83.0,4,0.0,7324455.0,117.0,-44.0,-43.0,39.0,8411796.0,16333.0,130.0,16333.0,4.0,2,11.0,-37.0,93,64.90691880626585,49.08093946738983,0.0979957535173475,42,4.596
2026-07-15T15:31:58.521000Z,8,-42,20.0,3.0,4,2.0,2.1444289571581296,855768,22.333,20.38222222222222,27.926,72,cwpb-2m,0,2.0,57.203,-85.0,3,10.0,6814675.0,58.5,-50.0,-50.0,34.0,6358435.0,3104.0,65.0,3104.0,4.0,3,11.0,-45.0,45,33.527609912070346,26.811953221010903,2.076696995829007,1180,285.015
2026-07-15T15:33:29.438000Z,8,-35,20.0,2.0,4,2.0,0.0640365249108147,30408,34.641,20.69333333333333,23.608,72,cwpb-2m,0,2.0,57.203,-85.0,3,12.0,7349893.0,52.0,-47.0,-47.0,38.0,6997183.0,2098.0,65.0,2098.0,4.0,3,161.0,-47.0,50,40.24519580209895,30.76205750048895,0.12639942217407,63,291.273
2026-07-15T15:36:41.648000Z,8,-36,160.0,1.0,4,2.0,0.0076282328060791,5792,2.881,1.7144444444444442,4.031,58,cwpb-2m,0,2.0,114.187,-83.0,3,0.0,8563482.0,117.0,-45.0,-45.0,38.0,9016987.0,21056.0,130.0,21056.0,4.0,3,11.0,-34.0,100,58.05460515686546,43.54442396395699,0.0,0,7.685
2026-07-15T15:37:34.141000Z,8,-47,20.0,3.0,4,2.0,1.8404168423402325,741376,23.884,5.8525,21.09777777777778,72,cwpb-2m,0,2.0,57.203,-88.0,3,6.0,6923117.0,58.5,-51.0,-52.0,38.0,6192109.0,2428.0,65.0,2428.0,4.0,3,11.0,-46.0,45,33.53431141315211,27.83186768347034,0.0768653575154188,42,315.694
2026-07-15T15:39:05.475000Z,8,-35,20.0,2.0,4,2.0,0.0058375779405347,2896,55.585,13.12222222222222,25.11,72,cwpb-2m,0,2.0,57.203,-86.0,3,18.0,6782568.0,52.0,-48.0,-51.0,38.0,7554001.0,2595.0,65.0,2595.0,4.0,3,161.0,-45.0,58,42.74770263788969,28.030104740137137,0.0904470669308295,42,336.619
2026-07-15T15:42:25.870000Z,8,-35,160.0,1.0,4,2.0,0.0033355133954033,2896,4.136,4.175555555555556,8.554,65,cwpb-2m,0,2.0,114.187,-82.0,3,0.0,8409341.0,144.4,-46.0,-46.0,37.0,8725905.0,15226.0,130.0,15226.0,4.0,3,11.0,-34.0,99,69.72994676085355,50.735782929393416,0.1036192731848123,42,4.806
2026-07-15T15:43:10.240000Z,8,-46,20.0,3.0,4,2.0,1.0367038329619729,383720,18.541,10.72888888888889,25.644,72,cwpb-2m,0,2.0,57.203,-88.0,3,10.0,5843276.0,58.5,-55.0,-55.0,35.0,6515819.0,6644.0,65.0,6644.0,4.0,3,11.0,-46.0,45,31.0192380571657,24.155677486911,0.117768015702402,63,252.463
2026-07-15T15:44:41.167000Z,8,-35,20.0,2.0,3,2.0,0.0095045636783886,4344,73.337,11.933333333333335,25.78,72,cwpb-2m,0,2.0,57.203,-89.0,3,1.0,6803642.0,65.0,-44.0,-40.0,44.0,6805957.0,2747.0,65.0,2747.0,4.0,2,161.0,-46.0,49,38.56060437693615,28.38203926234384,0.0,0,259.041
2026-07-15T15:48:11.443000Z,8,-37,160.0,1.0,3,2.0,0.0416750583376324,24616,3.643,7.486666666666667,12.331,65,cwpb-2m,0,2.0,114.187,-82.0,3,0.0,7929649.0,130.0,-46.0,-46.0,36.0,8095784.0,16828.0,130.0,16817.0,4.0,2,11.0,-34.0,86,46.78318681393435,46.87911685056113,0.1007701720290794,42,6.541
2026-07-15T15:48:46.100000Z,8,-47,20.0,3.0,4,2.0,1.1599876668993,367792,12.079,15.15111111111111,35.744,72,cwpb-2m,0,2.0,51.585,-88.0,3,0.0,5095081.0,58.5,-56.0,-57.0,33.0,6093490.0,6534.0,58.5,6534.0,4.0,3,11.0,-46.0,45,26.832812475009995,19.265702583732057,0.1004224117318881,63,432.145
2026-07-15T15:50:16.979000Z,8,-34,20.0,2.0,4,2.0,0.0095017753708557,4344,56.336,5.766666666666667,27.809999999999995,72,cwpb-2m,0,2.0,57.203,-88.0,3,5.0,7198315.0,58.5,-46.0,-45.0,42.0,7434046.0,3154.0,65.0,3154.0,4.0,3,161.0,-45.0,57,41.07542640151894,29.534422691659227,0.0402275731279811,21,277.648
2026-07-15T15:53:56.742000Z,8,-36,160.0,1.0,3,2.0,0.0064382124866226,4344,4.267,5.70888888888889,10.968,58,cwpb-2m,0,2.0,114.187,-84.0,3,0.0,9093382.0,144.4,-45.0,-46.0,38.0,9137476.0,24289.0,130.0,24289.0,4.0,2,11.0,-35.0,96,53.89634021678253,46.87556665995003,0.1509027216383724,84,2.237
2026-07-15T15:54:21.781000Z,8,-45,20.0,3.0,4,2.0,0.8943738494987207,314216,13.572,7.367777777777778,25.489,72,cwpb-2m,0,2.0,51.585,-84.0,3,11.0,4856652.0,58.5,-52.0,-52.0,33.0,6665132.0,8072.0,58.5,8072.0,4.0,3,11.0,-46.0,45,29.34252248650809,18.525709975186103,0.0860232672456169,42,394.389
2026-07-15T15:55:52.761000Z,8,-35,20.0,2.0,4,2.0,0.1687166048032774,70952,51.313,24.052222222222223,67.831,72,cwpb-2m,0,2.0,57.203,-84.0,3,2.0,7272848.0,72.2,-50.0,-49.0,35.0,6292592.0,1584.0,65.0,1584.0,4.0,3,161.0,-44.0,60,35.21454632683658,28.809318785955167,0.0,0,299.202
2026-07-15T15:59:42.095000Z,8,-36,160.0,1.0,4,2.0,0.009447156079806,5792,2.87,8.168888888888889,15.109,65,cwpb-2m,0,2.0,101.46,-85.0,3,0.0,6904137.0,144.4,-43.0,-41.0,42.0,9059191.0,16293.0,117.0,16293.0,4.0,3,11.0,-35.0,94,48.68836554916424,35.09051384849357,0.1770806982038957,84,3.147
2026-07-15T15:59:58.262000Z,8,-49,20.0,3.0,4,2.0,3.05894725237074,741376,23.048,11.9,32.61,72,cwpb-2m,0,2.0,57.203,-86.0,3,1.0,5537621.0,52.0,-51.0,-52.0,35.0,4730346.0,4174.0,65.0,4144.0,4.0,3,11.0,-46.0,53,20.96103948025987,24.516501840612875,0.1353267173604846,63,454.074
2026-07-15T16:01:28.617000Z,8,-39,20.0,2.0,4,2.0,0.0089600958911772,4344,46.304,7.201111111111112,32.359,72,cwpb-2m,0,2.0,57.203,-82.0,3,7.0,8117676.0,52.0,-49.0,-50.0,33.0,7432654.0,2636.0,65.0,2636.0,4.0,3,161.0,-43.0,56,41.90532520731342,27.923416510503998,0.039338366146526,21,269.514
2026-07-15T16:05:27.517000Z,8,-46,160.0,1.0,4,2.0,0.0072978878192338,4344,1.548,19.14,34.267,52,cwpb-2m,0,2.0,90.195,-81.0,3,0.0,5466305.0,117.0,-45.0,-45.0,36.0,9047276.0,23336.0,104.0,23336.0,4.0,3,11.0,-37.0,85,44.97942174189001,24.580130357482904,0.1208493986303734,42,6.174
2026-07-15T16:07:04.368000Z,8,-34,20.0,2.0,4,2.0,0.0057139943772401,2896,44.052,8.221111111111112,22.881,72,cwpb-2m,0,2.0,57.203,-88.0,3,8.0,7670339.0,58.5,-48.0,-45.0,40.0,7730712.0,2501.0,65.0,2501.0,4.0,3,161.0,-45.0,51,43.59024842610173,28.278075748562365,2.2130952162672584,1207,301.332
2026-07-15T16:11:12.798000Z,8,-43,20.0,3.0,4,2.0,2.4133601484460936,208512,32.405,59.388888888888886,60.28,72,cwpb-2m,0,2.0,51.585,-82.0,3,2.0,3248698.0,19.5,-52.0,-49.0,31.0,2532905.0,3164.0,58.5,3164.0,4.0,3,11.0,-45.0,38,8.38274008194264,8.030669584245077,5.128430682617875,2332,1285.182
2026-07-15T16:11:14.809000Z,8,-40,160.0,1.0,3,2.0,0.0181030005723448,5792,1.937,36.855555555555554,40.985,58,cwpb-2m,0,2.0,101.46,-78.0,3,0.0,4097076.0,104.0,-45.0,-44.0,33.0,5994594.0,14034.0,117.0,14034.0,4.0,2,11.0,-35.0,84,25.784211073886024,12.685740677431026,0.1648998822143698,42,8.407
2026-07-15T16:12:40.847000Z,8,-36,20.0,2.0,4,2.0,0.0060145339051903,2896,46.272,12.897777777777778,30.882,72,cwpb-2m,0,2.0,57.203,-85.0,3,6.0,7245285.0,19.5,-44.0,-42.0,41.0,7435565.0,2813.0,65.0,2813.0,4.0,3,161.0,-44.0,58,41.9137004097132,18.7708689546039,0.0464006363515842,21,552.005
2026-07-15T16:16:49.279000Z,8,-45,20.0,3.0,4,2.0,1.31254045124966,367792,52.211,9.477777777777778,17.810000000000002,72,cwpb-2m,0,2.0,51.585,-86.0,3,2.0,3818951.0,52.0,-52.0,-52.0,35.0,4885319.0,4927.0,58.5,4927.0,4.0,3,11.0,-45.0,38,23.47401798920648,13.710949182763745,2.4845240087000167,1188,463.419
2026-07-15T16:18:16.686000Z,8,-41,20.0,2.0,3,2.0,0.0063898203454351,2896,41.243,5.542222222222223,17.363999999999997,72,cwpb-2m,0,2.0,57.203,-86.0,3,6.0,7024224.0,52.0,-55.0,-53.0,31.0,6928363.0,3178.0,65.0,3178.0,4.0,2,161.0,-44.0,36,38.56060437693615,26.341944990566976,0.0660024515196278,42,340.424
2026-07-15T16:22:27.595000Z,8,-45,20.0,3.0,4,2.0,0.9873830511506412,249056,37.439,28.59,43.95199999999999,72,cwpb-2m,0,2.0,57.203,-86.0,3,1.0,3445783.0,39.0,-56.0,-57.0,30.0,5549105.0,6432.0,65.0,6432.0,4.0,3,11.0,-44.0,41,21.795124213050865,8.43107564026206,5.066050198150594,2301,812.917
2026-07-15T16:22:42.786000Z,8,-39,160.0,1.0,3,2.0,1.5380512002887317,248192,6.0,4.375555555555556,8.676,58,cwpb-2m,0,2.0,114.187,-81.0,3,0.0,6723959.0,144.4,-48.0,-47.0,33.0,3973269.0,5089.0,130.0,5063.0,4.0,2,11.0,-35.0,81,13.864081003830949,39.518956856282,0.1265034838657858,63,7.081
2026-07-15T16:23:53.699000Z,8,-38,20.0,2.0,4,2.0,0.0259029985654604,7240,70.058,12.552222222222223,34.733000000000004,72,cwpb-2m,0,2.0,57.203,-84.0,3,2.0,5735821.0,26.0,-50.0,-50.0,34.0,4644031.0,2596.0,65.0,2596.0,4.0,3,161.0,-44.0,42,25.14822024582792,10.03814086158054,0.1263588591600144,63,689.59
2026-07-15T16:28:03.375000Z,8,-43,20.0,3.0,4,2.0,0.0210528225786753,7240,29.236,39.55444444444444,48.041,72,cwpb-2m,0,2.0,57.203,-87.0,4,5.0,5653416.0,58.5,-52.0,-49.0,35.0,7561979.0,12153.0,65.0,12153.0,4.0,3,11.0,-44.0,41,29.345455272363814,19.0347592500744,4.667572862111702,2335,357.08
2026-07-15T16:28:28.062000Z,8,-36,160.0,1.0,3,2.0,0.0088055716403186,5792,6.032,3.6066666666666674,6.913,58,cwpb-2m,0,2.0,114.187,-80.0,3,0.0,5240288.0,117.0,-47.0,-47.0,33.0,8277450.0,17428.0,130.0,17428.0,4.0,2,161.0,-33.0,77,52.16202635588544,23.73562932395728,0.1599756227622457,63,3.527
2026-07-15T16:29:29.377000Z,8,-37,20.0,2.0,4,2.0,0.0088290385941178,4344,58.811,3.3000000000000003,25.86,72,cwpb-2m,0,2.0,57.203,-84.0,4,1.0,6412309.0,52.0,-49.0,-47.0,35.0,7579255.0,3535.0,65.0,3535.0,4.0,3,161.0,-45.0,38,41.90951239008793,25.0231918067018,2.9912260739841714,1183,343.283
2026-07-15T16:33:39.002000Z,8,-42,20.0,3.0,4,2.0,0.7592322448608818,227336,28.903,21.31111111111112,41.2,72,cwpb-2m,0,2.0,45.234,-87.0,3,4.0,5348500.0,52.0,-54.0,-54.0,34.0,6784396.0,7662.0,52.0,7662.0,4.0,3,11.0,-43.0,41,26.830130534732632,17.203444367107487,4.38043579912092,2342,435.829
2026-07-15T16:34:12.705000Z,8,-39,160.0,1.0,3,2.0,0.0084484818229863,5792,6.85,17.828888888888887,20.497,65,cwpb-2m,0,2.0,90.195,-80.0,3,0.0,7152650.0,104.0,-47.0,-47.0,33.0,9052302.0,21591.0,104.0,21591.0,4.0,2,11.0,-36.0,77,54.729667849599046,29.78795242857373,0.1472650771388499,63,3.522
2026-07-15T16:35:05.241000Z,8,-40,20.0,2.0,4,2.0,0.0068637042767324,2896,42.088,22.785555555555558,44.443,72,cwpb-2m,0,2.0,57.203,-84.0,3,1.0,6423649.0,52.0,-52.0,-51.0,32.0,7421372.0,6217.0,65.0,6217.0,4.0,3,161.0,-47.0,57,36.88037090327738,23.995109801610685,0.0,0,359.116
2026-07-15T16:39:15.368000Z,8,-46,20.0,3.0,4,2.0,0.0315119649712301,10136,33.953,28.744444444444444,50.73,72,cwpb-2m,0,2.0,22.617,-89.0,4,15.0,5465759.0,52.0,-57.0,-54.0,32.0,7625884.0,11679.0,26.0,11679.0,4.0,3,11.0,-43.0,41,27.67133786485406,17.4431907560514,2.3556482907899614,1208,487.457
2026-07-15T16:39:57.822000Z,8,-35,160.0,1.0,3,2.0,0.0046100173639742,2896,2.777,12.929999999999998,14.122,52,cwpb-2m,0,2.0,101.46,-81.0,4,1.0,6717305.0,117.0,-46.0,-45.0,35.0,8671050.0,22863.0,117.0,22863.0,4.0,2,11.0,-37.0,81,49.045042063388856,29.801036016527824,0.0930789176251579,42,4.427
2026-07-15T16:40:41.116000Z,8,-37,20.0,2.0,4,2.0,0.0062224298657381,2896,36.071,11.266666666666667,34.900000000000006,72,cwpb-2m,0,2.0,57.203,-87.0,4,3.0,6814782.0,58.5,-52.0,-48.0,36.0,7293014.0,3695.0,65.0,3695.0,4.0,3,11.0,-50.0,47,39.39494164668265,29.5022373687339,0.0723314848620535,42,301.434
2026-07-15T16:44:51.195000Z,8,-45,20.0,3.0,4,2.0,1.9103547123312827,534312,32.711,10.998888888888889,19.794,72,cwpb-2m,0,2.0,57.203,-86.0,3,4.0,6185860.0,52.0,-53.0,-53.0,34.0,5967323.0,6172.0,65.0,6171.0,4.0,3,11.0,-43.0,41,23.471672229439392,27.2316752238806,2.401916741539383,1203,303.571
2026-07-15T16:45:42.711000Z,8,-39,160.0,1.0,4,2.0,0.0113965375933576,4344,4.394,4.088888888888889,7.018,52,cwpb-2m,0,2.0,90.195,-83.0,4,2.0,5442078.0,104.0,-48.0,-48.0,35.0,8289994.0,14927.0,104.0,14926.0,4.0,3,161.0,-34.0,103,31.15174134679148,27.51065640223036,0.0956284153005464,42,6.143
2026-07-15T16:46:16.896000Z,8,-37,20.0,2.0,4,2.0,0.0064350510475534,2896,50.862,18.660000000000004,33.466,72,cwpb-2m,0,2.0,57.203,-89.0,3,7.0,7081592.0,58.5,-50.0,-48.0,40.0,7583621.0,4160.0,65.0,4160.0,4.0,3,161.0,-44.0,54,41.06721870316715,30.44923369672944,0.0452508188243406,21,254.823
2026-07-15T16:50:26.834000Z,8,-44,20.0,3.0,4,2.0,1.503851546144349,609608,11.319,12.30875,15.912222222222224,72,cwpb-2m,0,2.0,57.203,-84.0,3,4.0,6588266.0,72.2,-52.0,-53.0,33.0,6143527.0,2585.0,65.0,2585.0,4.0,3,11.0,-44.0,42,33.53766316841579,31.588557120500784,8.113426332618854,4618,284.616
2026-07-15T16:51:52.815000Z,8,-37,20.0,2.0,4,2.0,0.073265735845507,30408,27.21,26.355555555555554,56.24500000000002,72,cwpb-2m,0,2.0,57.203,-84.0,5,0.0,6367764.0,58.5,-50.0,-50.0,35.0,6342174.0,2555.0,65.0,2555.0,4.0,3,161.0,-45.0,51,35.21454632683658,25.557214484679665,2.3745537684007862,1184,336.185
2026-07-15T16:56:02.762000Z,8,-53,20.0,3.0,4,2.0,0.6829411133001145,169416,33.67,11.332222222222224,14.525000000000002,72,cwpb-2m,0,2.0,45.234,-87.0,3,3.0,4657791.0,58.5,-59.0,-61.0,28.0,5256915.0,6820.0,52.0,6820.0,4.0,3,11.0,-44.0,42,20.96103948025987,14.369760476663355,2.440488097619524,1220,803.27
2026-07-15T16:57:13.426000Z,8,-35,160.0,1.0,3,2.0,0.0084043537338314,4344,3.898,34.233333333333334,46.94,65,cwpb-2m,0,2.0,101.46,-84.0,3,0.0,4888805.0,144.4,-46.0,-47.0,38.0,7475825.0,22110.0,117.0,22110.0,4.0,2,11.0,-34.0,88,41.272643153941374,32.48885278643945,0.2337944278994684,84,3.518
2026-07-15T16:57:28.554000Z,8,-39,20.0,2.0,4,2.0,1.1605971079456587,309872,43.615,29.95555555555556,43.63,72,cwpb-2m,0,2.0,57.203,-87.0,3,9.0,6760716.0,52.0,-53.0,-54.0,34.0,4826466.0,2517.0,65.0,2487.0,4.0,3,161.0,-50.0,55,23.46932693844924,26.862536788799524,5.150886790787965,2335,311.411
2026-07-15T17:01:40.074000Z,8,-48,20.0,3.0,2,2.0,1.4017378219186467,386616,18.772,12.96888888888889,24.364,72,cwpb-2m,0,2.0,45.234,-88.0,3,6.0,5445804.0,39.0,-59.0,-59.0,30.0,5922543.0,7747.0,52.0,7747.0,4.0,1,11.0,-43.0,43,22.640185525789683,15.36796331006979,3.285176574781357,1187,712.456
2026-07-15T17:02:58.519000Z,8,-37,160.0,1.0,4,2.0,0.0143462840251155,5792,5.161,27.81111111111111,46.74,65,cwpb-2m,0,2.0,114.187,-85.0,4,0.0,2779778.0,144.4,-46.0,-47.0,39.0,5729104.0,12647.0,130.0,12647.0,4.0,3,11.0,-34.0,89,32.05596455980245,17.749208697569546,0.0725564039664167,21,15.154
2026-07-15T17:03:04.045000Z,8,-36,20.0,2.0,4,2.0,0.014167125641532,4344,40.19,17.08888888888889,46.370000000000005,72,cwpb-2m,0,2.0,57.203,-87.0,3,7.0,6039192.0,58.5,-52.0,-51.0,35.0,4956568.0,2064.0,65.0,2064.0,4.0,3,161.0,-47.0,43,26.82476826221645,23.121163289630516,11.952110901071205,4742,310.282
2026-07-15T17:07:16.159000Z,8,-45,20.0,3.0,2,2.0,0.0118009024756467,4344,48.549,14.97,26.855,72,cwpb-2m,0,2.0,51.585,-90.0,3,1.0,4443950.0,58.5,-51.0,-46.0,39.0,6918660.0,7423.0,58.5,7423.0,4.0,1,11.0,-43.0,43,31.013039168665067,19.11412561917971,1.7872825601281912,1160,590.463
2026-07-15T17:08:40.100000Z,8,-37,20.0,2.0,4,2.0,0.0192531838889144,5792,57.845,8.185555555555554,25.543000000000003,72,cwpb-2m,0,2.0,57.203,-88.0,4,1.0,6026801.0,52.0,-51.0,-51.0,37.0,4915141.0,1991.0,65.0,1991.0,4.0,3,161.0,-47.0,39,26.819408132680586,24.129104542749456,0.0441361916771752,21,316.183
2026-07-15T17:08:44.362000Z,8,-40,160.0,1.0,4,2.0,0.0151356269243569,4344,10.72,4.61,7.768,58,cwpb-2m,0,2.0,101.46,-84.0,4,0.0,2259178.0,144.4,-46.0,-46.0,38.0,4387007.0,10546.0,117.0,10545.0,4.0,3,11.0,-36.0,97,22.10108950057559,5.718958065857149,2.812763340697383,1235,8.57
2026-07-15T17:12:51.944000Z,8,-46,20.0,3.0,4,2.0,0.887450958467446,320008,14.08,13.206666666666669,19.437,72,cwpb-2m,0,2.0,57.203,-87.0,3,2.0,6268063.0,72.2,-50.0,-47.0,37.0,5919563.0,4286.0,65.0,4286.0,4.0,3,11.0,-44.0,37,30.18389685157421,28.4019788886676,2.4819872654155497,1185,319.302
2026-07-15T17:14:15.859000Z,8,-36,20.0,2.0,4,2.0,0.0086475805168577,4344,32.238,8.206666666666665,24.694,72,cwpb-2m,0,2.0,57.203,-84.0,3,2.0,5969292.0,72.2,-49.0,-47.0,35.0,7671336.0,3477.0,65.0,3477.0,4.0,3,161.0,-50.0,34,43.59024842610173,26.44253164556962,0.0786575773466177,42,299.0
2026-07-15T17:14:30.134000Z,8,-42,160.0,1.0,4,2.0,0.0158808497570712,2896,4.811,4.4366666666666665,8.028,65,cwpb-2m,0,2.0,90.195,-82.0,3,0.0,7014795.0,78.0,-47.0,-49.0,35.0,3869161.0,9601.0,104.0,9576.0,4.0,3,11.0,-35.0,90,16.130005060976607,41.49232690344385,0.0477533199927233,21,2.366
2026-07-15T17:18:27.640000Z,8,-44,20.0,3.0,4,2.0,1.3234301806146205,456120,47.901,16.15222222222222,31.663,72,cwpb-2m,0,2.0,45.234,-85.0,3,0.0,6075003.0,58.5,-53.0,-53.0,33.0,6387408.0,6860.0,52.0,6860.0,4.0,3,11.0,-44.0,37,30.18389685157421,25.93319666269368,0.4538114025225372,222,332.506
2026-07-15T17:19:51.790000Z,8,-38,20.0,2.0,3,2.0,0.0057027523814504,2896,66.327,5.704444444444444,21.856,72,cwpb-2m,0,2.0,57.203,-88.0,3,9.0,6933810.0,58.5,-52.0,-49.0,36.0,7806746.0,3081.0,65.0,3081.0,4.0,2,161.0,-48.0,34,43.59460483709774,27.470880619231917,0.0862476127892888,42,272.654
2026-07-15T17:20:16.277000Z,8,-35,160.0,1.0,3,2.0,0.0042686897268675,2896,3.944,10.971111111111112,12.348,65,cwpb-2m,0,2.0,101.46,-85.0,3,0.0,7915587.0,104.0,-46.0,-46.0,39.0,9205318.0,23831.0,117.0,23831.0,4.0,2,11.0,-34.0,85,52.85176275094139,36.79276985978804,0.1183343037998459,63,2.584
2026-07-15T17:24:03.373000Z,8,-48,20.0,3.0,4,2.0,1.5745871142161194,545896,29.375,9.866666666666667,24.279999999999998,72,cwpb-2m,0,2.0,57.203,-84.0,3,1.0,5156398.0,52.0,-54.0,-54.0,30.0,6613612.0,7750.0,65.0,7750.0,4.0,3,11.0,-44.0,37,29.34252248650809,20.708521773476843,6.9893224229118855,3502,344.331
2026-07-15T17:25:27.690000Z,8,-37,20.0,2.0,4,2.0,0.0059612901483422,2896,41.022,14.633333333333336,40.23,72,cwpb-2m,0,2.0,57.203,-88.0,4,8.0,7494833.0,52.0,-47.0,-45.0,41.0,7505997.0,2539.0,65.0,2539.0,4.0,3,161.0,-48.0,43,41.90951239008793,30.498747922437676,0.0348507227376072,21,220.76
2026-07-15T17:26:02.314000Z,8,-37,160.0,1.0,3,2.0,0.0085191491017396,4344,4.802,7.147777777777778,9.789,58,cwpb-2m,0,2.0,68.226,-84.0,4,0.0,7481381.0,78.0,-47.0,-48.0,37.0,9234934.0,17395.0,78.0,17395.0,4.0,2,11.0,-32.0,87,41.10807292157172,24.65691497292249,0.2132520944402132,84,2.91
2026-07-15T17:29:39.361000Z,8,-46,20.0,3.0,4,2.0,0.4340129992887941,144800,53.764,16.900000000000002,57.13,72,cwpb-2m,0,2.0,51.585,-86.0,4,7.0,6262714.0,52.0,-57.0,-57.0,30.0,7317142.0,9261.0,58.5,9261.0,4.0,3,11.0,-45.0,34,30.18389685157421,21.992294420261175,0.1085664064519464,63,400.677
2026-07-15T17:31:03.306000Z,8,-36,20.0,2.0,4,2.0,0.0142985909173138,5792,31.611,13.845555555555556,32.199,72,cwpb-2m,0,2.0,57.203,-89.0,4,8.0,7203161.0,58.5,-51.0,-52.0,39.0,6683033.0,3003.0,65.0,3003.0,4.0,3,161.0,-50.0,54,36.03497942057942,31.59551035781544,0.0820472748583707,42,197.308
2026-07-15T17:31:47.761000Z,8,-35,160.0,1.0,3,2.0,0.0063535382480077,4344,2.899,13.813333333333333,24.211,65,cwpb-2m,0,2.0,114.187,-83.0,3,2.0,6436820.0,117.0,-47.0,-46.0,36.0,8498686.0,18071.0,130.0,18071.0,4.0,2,11.0,-35.0,89,52.319781909285766,39.15932596595031,0.1433186223213067,63,2.885
2026-07-15T17:35:15.056000Z,8,-46,20.0,3.0,4,2.0,0.4205965657117085,102808,24.372,55.69888888888889,53.701,72,cwpb-2m,0,2.0,45.234,-87.0,3,12.0,5355419.0,72.2,-56.0,-53.0,31.0,6278888.0,9559.0,52.0,9553.0,4.0,3,11.0,-45.0,34,21.799481059470263,15.186201368911814,2.904279085753566,1183,416.844
2026-07-15T17:36:38.966000Z,8,-37,20.0,2.0,4,2.0,0.0088921072967846,4344,35.247,7.676666666666667,27.121,72,cwpb-2m,0,2.0,57.203,-87.0,3,0.0,6888148.0,72.2,-51.0,-53.0,37.0,7547535.0,3181.0,65.0,3181.0,4.0,3,161.0,-48.0,42,41.90951239008793,24.97104981147053,2.4100482009640194,1205,376.293
2026-07-15T17:37:32.114000Z,8,-38,160.0,1.0,3,2.0,0.0049180185330501,2896,2.627,2.053333333333333,5.361,65,cwpb-2m,0,2.0,101.46,-83.0,3,0.0,6950185.0,104.0,-47.0,-49.0,36.0,9069693.0,22488.0,117.0,22487.0,4.0,2,11.0,-32.0,86,46.33423548129502,27.261472535708663,0.1432469304229195,63,2.12
2026-07-15T17:40:50.798000Z,8,-46,20.0,3.0,4,2.0,1.653102753273903,511144,18.137,21.467777777777776,43.199,72,cwpb-2m,0,2.0,57.203,-88.0,3,1.0,5088183.0,72.2,-55.0,-55.0,34.0,6396381.0,6709.0,65.0,6709.0,4.0,3,11.0,-43.0,40,25.99168895552224,19.494886075949367,6.193879750017958,3449,572.887
2026-07-15T17:42:14.717000Z,8,-35,20.0,2.0,4,2.0,0.0062096788995625,2896,59.293,9.788888888888888,36.93,72,cwpb-2m,0,2.0,57.203,-87.0,3,7.0,7243813.0,58.5,-48.0,-44.0,39.0,7063653.0,3542.0,65.0,3542.0,4.0,3,7.0,-49.0,56,39.39887838513041,29.43835865552749,2.2141880373901803,1182,266.072
2026-07-15T17:43:16.986000Z,8,-35,160.0,1.0,2,2.0,0.0061947909223838,4344,2.507,8.373333333333333,8.288,65,cwpb-2m,0,2.0,114.187,-81.0,3,0.0,5557157.0,117.0,-45.0,-45.0,36.0,8926322.0,20670.0,130.0,20670.0,4.0,1,11.0,-33.0,96,55.85051947322857,22.582319333406208,0.1812011044638748,63,2.216
2026-07-15T17:46:26.779000Z,8,-48,20.0,3.0,4,2.0,1.8894456030395277,587888,18.243,17.57888888888889,28.662,72,cwpb-2m,0,2.0,51.585,-85.0,3,1.0,5878469.0,58.5,-55.0,-55.0,31.0,6575774.0,6881.0,58.5,6881.0,4.0,3,11.0,-43.0,40,26.832812475009995,21.01938592835169,5.191597084702856,2543,369.06
2026-07-15T17:47:51.569000Z,8,-41,20.0,2.0,4,2.0,0.5219275733471926,123080,22.067,22.401111111111117,48.997,72,cwpb-2m,0,2.0,57.203,-83.0,4,15.0,3934319.0,39.0,-53.0,-54.0,30.0,3930970.0,2119.0,65.0,2119.0,4.0,3,11.0,-46.0,41,20.122597901049478,13.6219214597382,2.419241783990547,1208,925.898
2026-07-15T17:49:02.435000Z,8,-36,160.0,1.0,3,2.0,0.007224417653563,5792,2.734,9.654444444444444,15.243,65,cwpb-2m,0,2.0,114.187,-84.0,5,0.0,7674708.0,144.4,-46.0,-47.0,38.0,9097450.0,21165.0,130.0,21165.0,4.0,2,11.0,-33.0,89,63.192862567090245,44.518308192854185,0.1431297709923664,63,2.745
2026-07-15T17:52:03.580000Z,8,-45,20.0,3.0,3,2.0,0.037564356199338,11584,24.185,8.366666666666667,25.630000000000003,72,cwpb-2m,0,2.0,51.585,-83.0,4,11.0,5470706.0,52.0,-52.0,-50.0,31.0,7592870.0,11056.0,58.5,11051.0,4.0,2,11.0,-45.0,28,26.832812475009995,22.128370632116216,0.1260201632261161,63,301.365
2026-07-15T17:53:27.310000Z,8,-36,20.0,2.0,4,2.0,0.0115265871452443,4344,34.235,12.143333333333336,24.201,72,cwpb-2m,0,2.0,57.203,-86.0,3,1.0,6758300.0,72.2,-50.0,-49.0,37.0,6253719.0,2973.0,65.0,2971.0,4.0,3,161.0,-50.0,45,33.52091108891109,28.94203018268467,0.0348045146427565,21,310.444
2026-07-15T17:54:47.939000Z,8,-39,160.0,1.0,3,2.0,0.0066416079491852,4344,1.762,7.573333333333333,13.017,58,cwpb-2m,0,2.0,114.187,-83.0,4,0.0,7337636.0,104.0,-46.0,-46.0,37.0,9070042.0,23240.0,130.0,23225.0,4.0,2,11.0,-35.0,85,51.60264308838668,40.17854938575666,0.118403247631935,63,2.608
2026-07-15T17:57:39.765000Z,8,-48,20.0,3.0,3,2.0,0.0322127909340036,7240,44.38,75.15555555555555,84.29,72,cwpb-2m,0,2.0,57.203,-85.0,4,0.0,5220093.0,52.0,-50.0,-47.0,35.0,5328747.0,5633.0,65.0,5633.0,4.0,2,11.0,-45.0,28,20.124609356257498,19.391045535891827,0.209351011863224,105,759.776
2026-07-15T17:59:03.066000Z,8,-35,20.0,2.0,4,2.0,0.009840006567253,4344,63.83,13.055555555555555,30.29,72,cwpb-2m,0,2.0,57.203,-87.0,3,11.0,7036241.0,58.5,-48.0,-46.0,39.0,7026766.0,3364.0,65.0,3364.0,4.0,3,161.0,-50.0,43,37.72233036874188,24.206698503913604,0.0976312792022129,42,368.636
2026-07-15T18:00:32.157000Z,8,-37,160.0,1.0,3,2.0,0.0108684687108194,4344,3.162,3.284444444444444,4.841,58,cwpb-2m,0,2.0,101.46,-82.0,3,0.0,6384018.0,117.0,-47.0,-47.0,35.0,6974309.0,16584.0,117.0,16579.0,4.0,2,11.0,-35.0,95,31.92592554045318,20.418238639497208,0.2833090497005018,105,3.133
2026-07-15T18:03:17.100000Z,8,-47,20.0,3.0,4,2.0,2.241640291729737,338832,22.157,20.511111111111116,42.970000000000006,72,cwpb-2m,0,2.0,45.234,-89.0,3,0.0,3081361.0,39.0,-54.0,-55.0,35.0,4307379.0,4756.0,52.0,4756.0,4.0,3,11.0,-45.0,27,13.404347148706682,7.715342821183077,0.0420816383784542,21,941.657
2026-07-15T18:04:38.910000Z,8,-36,20.0,2.0,4,2.0,0.0145445107228601,5792,42.161,17.21666666666667,38.055,72,cwpb-2m,0,2.0,57.203,-87.0,3,6.0,6942215.0,39.0,-48.0,-48.0,39.0,6798600.0,3397.0,65.0,3397.0,4.0,3,161.0,-48.0,37,36.04218065547562,27.00909054884089,0.0904236996210816,42,347.705
2026-07-15T18:06:16.250000Z,8,-39,160.0,1.0,3,2.0,0.0073573078594339,4344,5.935,6.466666666666666,10.692,65,cwpb-2m,0,2.0,114.187,-83.0,3,0.0,6563123.0,144.4,-47.0,-48.0,36.0,7868761.0,18680.0,130.0,18680.0,4.0,2,11.0,-34.0,95,47.26077698941359,48.34949050201032,0.0403450462046838,21,2.564
2026-07-15T18:08:53.079000Z,8,-43,20.0,3.0,4,2.0,0.0172363387730964,5792,36.4,25.97333333333334,52.124,72,cwpb-2m,0,2.0,45.234,-87.0,3,4.0,5720137.0,52.0,-53.0,-51.0,34.0,6769809.0,8922.0,52.0,8922.0,4.0,3,11.0,-45.0,27,28.50131627860497,21.921087486376692,2.039682004985515,1211,412.618
2026-07-15T18:10:14.571000Z,8,-35,20.0,2.0,3,2.0,0.012461142834817,5792,52.943,14.146666666666668,37.118,72,cwpb-2m,0,2.0,57.203,-86.0,3,2.0,6769317.0,58.5,-49.0,-50.0,37.0,7530011.0,3252.0,65.0,3252.0,4.0,2,161.0,-51.0,21,41.05901428428729,26.368127223934003,0.0786281264040736,42,271.033
2026-07-15T18:12:02.025000Z,8,-38,160.0,1.0,1,2.0,0.0024305007704418,1448,2.974,3.032222222222222,4.372,58,cwpb-2m,0,2.0,114.187,-84.0,3,0.0,5290778.0,117.0,-47.0,-47.0,37.0,8512740.0,20953.0,130.0,20952.0,4.0,0,11.0,-35.0,88,47.761590117475045,28.2630368298612,0.1294498381877022,42,3.237
2026-07-15T18:14:28.930000Z,8,-45,20.0,3.0,4,2.0,1.083896129819811,338832,37.161,36.51111111111111,44.4,72,cwpb-2m,0,2.0,57.203,-86.0,3,1.0,5665675.0,52.0,-53.0,-54.0,34.0,6264531.0,6711.0,65.0,6711.0,4.0,3,11.0,-47.0,50,27.67133786485406,23.32472565496787,7.335219532641727,3500,267.961
2026-07-15T18:15:50.456000Z,8,-35,20.0,2.0,3,2.0,0.0085244746615877,4344,52.743,10.88,20.104,72,cwpb-2m,0,2.0,57.203,-88.0,3,14.0,7020375.0,39.0,-48.0,-49.0,40.0,7852700.0,3153.0,65.0,3151.0,4.0,2,11.0,-40.0,29,43.55107987220448,26.538354522985664,0.1130703997846278,42,334.611
2026-07-15T18:17:46.384000Z,8,-36,160.0,1.0,3,2.0,0.0025281391666582,1448,2.466,1.626666666666667,6.719,52,cwpb-2m,0,2.0,90.195,-84.0,3,0.0,5765563.0,104.0,-48.0,-46.0,36.0,8752779.0,20031.0,104.0,20031.0,4.0,2,161.0,-35.0,85,45.67016136196759,27.151196275242302,0.0647528599179797,21,2.195
2026-07-15T18:20:04.823000Z,8,-43,20.0,3.0,4,2.0,2.7910960482659157,532864,18.443,21.56888888888889,30.038000000000004,72,cwpb-2m,0,2.0,45.234,-83.0,3,0.0,4385022.0,52.0,-53.0,-54.0,31.0,6152500.0,6960.0,52.0,6960.0,4.0,3,11.0,-47.0,50,17.603754172079544,13.663926788023476,4.5745675016524965,2007,516.724
2026-07-15T18:21:26.311000Z,8,-38,20.0,2.0,4,2.0,0.0172236896721237,7240,55.62,21.133333333333336,40.77,72,cwpb-2m,0,2.0,57.203,-86.0,3,6.0,5398609.0,52.0,-50.0,-48.0,36.0,7063318.0,4893.0,65.0,4893.0,4.0,3,161.0,-52.0,41,36.8730021978022,20.623307372998617,0.088235294117647,42,395.937
2026-07-15T18:23:30.720000Z,8,-38,160.0,1.0,3,2.0,0.0077196553834946,5792,3.627,6.0600000000000005,10.335,52,cwpb-2m,0,2.0,101.46,-82.0,3,0.0,7431728.0,117.0,-46.0,-47.0,36.0,8646047.0,19210.0,117.0,19210.0,4.0,2,11.0,-36.0,78,59.7553546903225,37.750381829849246,0.2713587319363383,126,1.957
2026-07-15T18:25:40.524000Z,8,-41,20.0,3.0,4,2.0,0.7909864479252923,224440,27.265,24.08444444444444,28.817,72,cwpb-2m,0,2.0,57.203,-88.0,3,0.0,6324718.0,58.5,-51.0,-52.0,38.0,5033755.0,4848.0,65.0,4848.0,4.0,3,11.0,-47.0,50,23.476364217891053,30.22133174319221,3.513228117240789,1231,314.117
2026-07-15T18:27:02.332000Z,8,-36,20.0,2.0,4,2.0,0.0089947512396357,4344,42.401,16.598888888888887,31.661,72,cwpb-2m,0,2.0,57.203,-88.0,4,3.0,7139208.0,52.0,-52.0,-49.0,36.0,7473140.0,3932.0,65.0,3932.0,4.0,3,161.0,-49.0,47,41.07132214228617,26.87326182465862,0.1681143177360605,84,319.211
2026-07-15T18:29:15.024000Z,8,-35,160.0,1.0,3,2.0,0.0037726037062183,2896,3.217,11.895555555555555,17.0,58,cwpb-2m,0,2.0,114.187,-78.0,3,0.0,5443787.0,144.4,-47.0,-48.0,31.0,7792945.0,14008.0,130.0,14002.0,4.0,2,11.0,-39.0,81,61.68533751384858,29.347273164842637,0.293774772674283,126,2.876
2026-07-15T18:31:18.404000Z,8,-49,20.0,3.0,4,2.0,1.4404257284912514,422816,17.558,19.017777777777777,30.466999999999995,72,cwpb-2m,0,2.0,45.234,-84.0,3,9.0,6379564.0,39.0,-55.0,-55.0,29.0,5438169.0,6211.0,52.0,6211.0,4.0,3,161.0,-55.0,33,25.150733559864083,15.35418587508716,2.260816342144524,1182,496.084
2026-07-15T18:32:38.369000Z,8,-36,20.0,2.0,4,2.0,0.0093061390697082,4344,67.101,10.422222222222224,25.12,72,cwpb-2m,0,2.0,57.203,-87.0,4,3.0,6913030.0,58.5,-50.0,-47.0,37.0,7218804.0,3170.0,65.0,3170.0,4.0,3,161.0,-51.0,34,39.39887838513041,28.64281235154394,0.159441196568218,63,351.146
2026-07-15T18:35:00.096000Z,8,-36,160.0,1.0,4,2.0,0.0019002092014848,1448,2.746,4.076666666666666,7.628,58,cwpb-2m,0,2.0,114.187,-80.0,3,0.0,7274437.0,117.0,-48.0,-48.0,32.0,8543305.0,19203.0,130.0,19203.0,4.0,3,11.0,-35.0,89,61.193391691292106,37.77853865906693,0.2853842495073724,126,2.723
2026-07-15T18:36:55.130000Z,8,-45,20.0,3.0,4,2.0,1.664492275405469,550240,21.647,22.587777777777777,48.861,72,cwpb-2m,0,2.0,57.203,-83.0,3,8.0,5413977.0,52.0,-51.0,-52.0,32.0,6163701.0,6224.0,65.0,6224.0,4.0,3,161.0,-55.0,33,27.660278177458032,18.31210319507839,4.028057869355546,2297,515.346
2026-07-15T18:38:14.048000Z,8,-36,20.0,2.0,4,2.0,0.0088834181429827,4344,49.223,12.211111111111112,36.99,72,cwpb-2m,0,2.0,57.203,-86.0,4,10.0,7296470.0,72.2,-49.0,-47.0,37.0,7541889.0,3635.0,65.0,3635.0,4.0,3,11.0,-44.0,37,41.07953148111133,29.748312270608075,2.758364484896329,1188,295.273
2026-07-15T18:40:46.452000Z,8,-36,160.0,1.0,2,2.0,0.0126810257291706,8688,3.025,4.261111111111111,6.22,58,cwpb-2m,0,2.0,101.46,-83.0,3,0.0,6120153.0,78.0,-47.0,-48.0,36.0,8070351.0,15216.0,117.0,15216.0,4.0,1,11.0,-37.0,84,52.50179570470553,19.178550226684848,0.2897950734837508,84,3.62
2026-07-15T18:42:31.380000Z,8,-40,20.0,3.0,2,2.0,1.0867210394096485,347520,15.227,14.133333333333336,32.71,72,cwpb-2m,0,2.0,57.203,-85.0,4,8.0,5529278.0,58.5,-48.0,-50.0,37.0,5205265.0,3163.0,65.0,3163.0,4.0,1,11.0,-42.0,34,26.82744913052169,20.395047732460057,8.051038843721772,3565,395.781
2026-07-15T18:43:49.855000Z,8,-34,20.0,2.0,4,2.0,0.0170279540677994,5792,33.747,13.544444444444448,39.010000000000005,72,cwpb-2m,0,2.0,57.203,-85.0,3,11.0,6614127.0,52.0,-47.0,-45.0,38.0,5667007.0,2555.0,65.0,2555.0,4.0,3,161.0,-49.0,42,30.177864294993505,29.006680055128964,0.0476384919014563,21,268.231
2026-07-15T18:46:31.872000Z,8,-34,160.0,1.0,4,2.0,0.0060338153681388,4344,2.645,52.63111111111111,38.415,58,cwpb-2m,0,2.0,114.187,-81.0,4,0.0,6474001.0,117.0,-47.0,-45.0,34.0,7747850.0,16667.0,130.0,16667.0,4.0,3,11.0,-39.0,90,56.37508157432963,41.1155450991565,0.2107671925809948,105,2.657
2026-07-15T18:48:07.423000Z,8,-44,20.0,3.0,2,2.0,0.057022832085987,10136,69.532,27.511111111111116,54.85000000000001,72,cwpb-2m,0,2.0,57.203,-85.0,3,8.0,5266188.0,52.0,-53.0,-50.0,32.0,5200256.0,7734.0,65.0,7734.0,4.0,1,11.0,-42.0,34,16.768831584207895,21.22749866031557,0.0368990722518976,21,320.701
2026-07-15T18:49:26.373000Z,8,-34,20.0,2.0,4,2.0,0.0112415191743466,4344,41.839,29.93333333333333,44.65,72,cwpb-2m,0,2.0,57.203,-86.0,3,1.0,4899487.0,52.0,-52.0,-53.0,34.0,6196296.0,4050.0,65.0,4050.0,4.0,3,11.0,-52.0,41,32.692686319576296,18.89513188118812,0.0951949229374433,42,458.635
2026-07-15T18:52:17.655000Z,8,-37,160.0,1.0,4,2.0,0.0135242401456732,8688,3.882,12.364444444444445,23.277,58,cwpb-2m,0,2.0,114.187,-83.0,3,0.0,5486385.0,144.4,-46.0,-44.0,37.0,7301054.0,11721.0,130.0,11721.0,4.0,3,161.0,-36.0,89,51.47295759395124,38.296606351032985,2.5687493414814035,1219,3.349
2026-07-15T18:53:43.538000Z,8,-45,20.0,3.0,4,2.0,1.2631229483483462,298288,22.636,13.372222222222222,24.569,72,cwpb-2m,0,2.0,51.585,-86.0,4,5.0,4244395.0,65.0,-55.0,-55.0,31.0,5162807.0,5930.0,58.5,5930.0,4.0,3,11.0,-44.0,36,20.120586847891264,16.19701219992129,0.0785296262363741,42,417.366
2026-07-15T18:55:02.112000Z,8,-38,20.0,2.0,4,2.0,0.0063975874379659,2896,50.072,8.011111111111111,32.06,72,cwpb-2m,0,2.0,57.203,-90.0,4,1.0,5667719.0,39.0,-50.0,-47.0,41.0,6657185.0,923.0,65.0,923.0,4.0,3,161.0,-50.0,36,39.39887838513041,22.210755617143423,2.341338251212765,1168,389.035
2026-07-15T18:58:01.962000Z,8,-36,160.0,1.0,3,2.0,0.0066561516631737,5792,2.814,5.32,6.905,65,cwpb-2m,0,2.0,114.187,-83.0,3,0.0,7044146.0,144.4,-45.0,-46.0,38.0,7834308.0,7820.0,130.0,7820.0,4.0,2,11.0,-39.0,91,69.4550189361666,53.85202859379445,0.1649581713208436,84,1.665
2026-07-15T18:59:20.157000Z,8,-45,20.0,3.0,4,2.0,0.0348583038835231,7240,75.318,27.15555555555556,59.7,72,cwpb-2m,0,2.0,51.585,-81.0,3,12.0,4380729.0,58.5,-52.0,-48.0,30.0,5845022.0,5128.0,58.5,5128.0,4.0,3,11.0,-44.0,36,18.445714742628684,13.271801443686345,0.0441445418427193,21,462.52
2026-07-15T19:00:37.738000Z,8,-39,20.0,2.0,4,2.0,0.0163178415011692,4344,53.418,43.28888888888889,46.66,72,cwpb-2m,0,2.0,57.203,-86.0,3,12.0,6000939.0,58.5,-50.0,-48.0,36.0,4557494.0,2286.0,65.0,2286.0,4.0,3,161.0,-49.0,37,22.633398221245127,21.21994866732478,2.6786522959876824,1183,457.046
2026-07-15T19:03:46.427000Z,8,-37,160.0,1.0,2,2.0,0.0059507534059296,4344,2.381,5.057777777777778,7.601,65,cwpb-2m,0,2.0,114.187,-84.0,4,0.0,6435256.0,117.0,-47.0,-47.0,37.0,8352512.0,16734.0,130.0,16734.0,4.0,1,161.0,-32.0,88,58.0133542777294,35.788357800047976,0.1545197012619109,84,3.185
2026-07-15T19:04:56.178000Z,8,-42,20.0,3.0,4,2.0,2.508097913374879,1078760,35.667,10.914444444444449,26.466999999999995,72,cwpb-2m,0,2.0,51.585,-88.0,4,11.0,7134697.0,58.5,-53.0,-54.0,35.0,7354732.0,3841.0,58.5,3841.0,4.0,3,161.0,-53.0,28,36.89142948525737,26.82524620723847,2.559419014084507,1163,279.274
2026-07-15T19:06:13.569000Z,8,-38,20.0,2.0,3,2.0,0.0056949579170927,2896,70.289,7.811111111111113,28.380000000000003,72,cwpb-2m,0,2.0,57.203,-86.0,4,1.0,7286562.0,52.0,-50.0,-47.0,37.0,7598033.0,2521.0,65.0,2521.0,4.0,2,161.0,-47.0,33,42.73916163836164,28.52276620669116,0.0393464738064902,21,263.948
2026-07-15T19:09:32.555000Z,8,-37,160.0,1.0,3,2.0,0.0100794298049853,5792,2.906,13.32,12.508,65,cwpb-2m,0,2.0,90.195,-76.0,3,0.0,5804854.0,104.0,-46.0,-46.0,30.0,9018687.0,23427.0,104.0,23427.0,4.0,2,161.0,-34.0,83,45.20293612257432,18.32121859171349,0.1396230178518001,42,2.874
2026-07-15T19:10:32.579000Z,8,-43,20.0,3.0,4,2.0,0.0115177364657051,4344,31.559,38.46888888888888,43.35800000000001,72,cwpb-2m,0,2.0,57.203,-81.0,3,1.0,5741381.0,58.5,-51.0,-48.0,30.0,7970968.0,10574.0,65.0,10574.0,4.0,3,161.0,-53.0,28,31.857595842494504,16.083735458167332,0.1152790484903934,63,478.278
2026-07-15T19:11:49.292000Z,8,-36,20.0,2.0,3,2.0,0.0085886587630971,4344,52.025,15.11111111111111,32.209999999999994,72,cwpb-2m,0,2.0,57.203,-85.0,3,2.0,8186986.0,58.5,-51.0,-52.0,34.0,8215411.0,3510.0,65.0,3510.0,4.0,2,161.0,-42.0,33,45.26227338129497,35.553785025355474,0.0861467777002912,42,211.93
2026-07-15T19:15:17.059000Z,8,-36,160.0,1.0,2,2.0,0.0066901886965873,4344,3.619,2.397777777777778,4.68,39,cwpb-2m,0,2.0,90.195,-81.0,4,0.0,7921541.0,78.0,-45.0,-43.0,36.0,9519917.0,12225.0,104.0,12225.0,4.0,1,161.0,-36.0,79,51.703133941692926,34.646029458570005,0.2385062693076503,105,2.774
2026-07-15T19:16:07.936000Z,8,-41,20.0,3.0,3,2.0,2.222551708044312,697936,43.95,17.790000000000003,45.559000000000005,72,cwpb-2m,0,2.0,57.203,-80.0,4,2.0,5244475.0,52.0,-51.0,-50.0,30.0,6669073.0,5557.0,65.0,5557.0,4.0,2,11.0,-43.0,38,27.663042270410717,20.17692362626463,4.17786377154323,2332,433.396
2026-07-15T19:17:25.374000Z,8,-35,20.0,2.0,4,2.0,0.0081775544353293,4344,16.559,8.664444444444444,35.092,72,cwpb-2m,0,2.0,57.203,-87.0,3,2.0,7452893.0,58.5,-52.0,-52.0,36.0,8204398.0,3927.0,65.0,3926.0,4.0,3,161.0,-49.0,35,44.41964471975222,32.65461591695502,0.0,0,291.477
2026-07-15T19:21:02.504000Z,8,-36,160.0,1.0,3,2.0,0.005878919590996,4344,2.932,3.272222222222222,6.517,52,cwpb-2m,0,2.0,90.195,-80.0,4,0.0,7946288.0,104.0,-46.0,-46.0,34.0,9917118.0,21543.0,104.0,21543.0,4.0,2,161.0,-34.0,79,59.70686610607928,39.11628511083653,0.0478512509684181,21,2.256
2026-07-15T19:21:43.889000Z,8,-40,20.0,3.0,3,2.0,0.0071906791318347,2896,64.601,20.14444444444444,42.33,72,cwpb-2m,0,2.0,57.203,-83.0,3,11.0,5697689.0,58.5,-49.0,-46.0,34.0,7789165.0,4608.0,65.0,4608.0,4.0,2,11.0,-43.0,38,35.21454632683658,21.914573692551507,0.115257958287596,63,374.809
2026-07-15T19:23:00.693000Z,8,-36,20.0,2.0,4,2.0,0.008202148056476,4344,25.53,7.699999999999998,27.69,72,cwpb-2m,0,2.0,57.203,-87.0,3,1.0,6993903.0,52.0,-53.0,-51.0,34.0,8149580.0,3012.0,65.0,3012.0,4.0,3,11.0,-43.0,35,46.11428685657172,26.5554553580296,0.088190828153872,42,308.036
2026-07-15T19:26:47.565000Z,8,-42,160.0,1.0,3,2.0,0.0067764780584379,4344,2.734,7.992222222222223,9.2625,58,cwpb-2m,0,2.0,90.195,-80.0,3,0.0,6861557.0,78.0,-48.0,-46.0,32.0,10101845.0,22111.0,104.0,22111.0,4.0,2,11.0,-36.0,98,49.88464300256426,31.51118695262684,0.1860382707299787,84,1.801
2026-07-15T19:27:20.291000Z,8,-46,20.0,3.0,4,2.0,0.9634139543057884,244712,20.271,24.2,46.67500000000001,72,cwpb-2m,0,2.0,45.234,-87.0,3,4.0,6102799.0,52.0,-55.0,-56.0,33.0,7085150.0,8488.0,52.0,8488.0,4.0,3,11.0,-43.0,41,23.476364217891053,19.924195781933943,2.4070895373438184,1206,365.167
2026-07-15T19:28:36.533000Z,8,-35,20.0,2.0,4,2.0,0.0090242433055653,4344,34.28,10.788888888888888,29.01,72,cwpb-2m,0,2.0,57.203,-87.0,3,8.0,6984537.0,72.2,-54.0,-52.0,33.0,8133312.0,5277.0,65.0,5277.0,4.0,3,8.0,-51.0,38,41.90951239008793,27.51456753801809,0.0739840405855308,42,310.465
2026-07-15T19:32:31.920000Z,8,-39,160.0,1.0,3,2.0,0.007932565885584,4344,2.906,3.183333333333333,6.619,52,cwpb-2m,0,2.0,90.195,-79.0,3,0.0,6213202.0,117.0,-47.0,-48.0,32.0,8861760.0,19970.0,104.0,19970.0,4.0,2,161.0,-35.0,85,43.769737346770285,27.604546112319397,0.1171744224974891,42,2.809
2026-07-15T19:32:56.291000Z,8,-42,20.0,3.0,4,2.0,1.0678242009944747,280912,15.366,12.561111111111112,17.874,72,cwpb-2m,0,2.0,57.203,-82.0,3,2.0,6286949.0,52.0,-53.0,-53.0,30.0,5687883.0,5968.0,65.0,5968.0,4.0,3,11.0,-43.0,41,22.63792263868066,18.655710565550145,0.0681884599149267,42,358.818
2026-07-15T19:34:12.292000Z,8,-40,20.0,2.0,4,2.0,0.0082994934099271,4344,25.588,9.327777777777776,26.722,72,cwpb-2m,0,2.0,57.203,-87.0,3,16.0,7347900.0,52.0,-47.0,-46.0,40.0,8301131.0,4978.0,65.0,4978.0,4.0,3,11.0,-48.0,41,43.59024842610173,30.461309537973428,0.0421568233829847,21,292.576
2026-07-15T19:38:16.334000Z,8,-41,160.0,1.0,4,2.0,0.0052336123597297,4344,2.697,10.78888888888889,12.424,58,cwpb-2m,0,2.0,68.226,-78.0,3,0.0,5503706.0,104.0,-47.0,-45.0,30.0,9345582.0,22260.0,78.0,22260.0,4.0,3,161.0,-34.0,79,66.06869791328639,27.05577202176604,0.2920641984923924,105,1.931
2026-07-15T19:38:32.211000Z,8,-54,20.0,3.0,4,2.0,1.5662235667323732,144800,22.239,46.477777777777774,51.1,72,cwpb-2m,0,2.0,57.203,-83.0,3,5.0,5951908.0,39.0,-51.0,-52.0,32.0,3261103.0,3278.0,65.0,3276.0,4.0,3,11.0,-43.0,41,9.22193563861683,21.693960007919223,2.426728712547963,1189,365.753
2026-07-15T19:39:47.942000Z,8,-38,20.0,2.0,4,2.0,0.0095208521565957,4344,54.597,17.711111111111116,36.17,72,cwpb-2m,0,2.0,57.203,-87.0,3,7.0,6840502.0,52.0,-52.0,-50.0,36.0,8250122.0,7703.0,65.0,7703.0,4.0,3,11.0,-49.0,43,38.56445812512492,25.86639825638993,2.2953942699189422,1229,269.403
2026-07-15T19:44:02.209000Z,8,-43,160.0,1.0,3,2.0,0.005716770952992,2896,3.517,36.60444444444445,33.705,58,cwpb-2m,0,2.0,45.93,-86.0,4,0.0,4828213.0,144.4,-48.0,-50.0,38.0,8837698.0,17551.0,52.0,17551.0,4.0,2,11.0,-38.0,68,40.3911008133113,19.982484588148488,0.0672818146866589,21,4.548
2026-07-15T19:44:08.114000Z,8,-48,20.0,3.0,1,2.0,2.0591404912729647,346072,45.92,65.17777777777778,72.16000000000001,72,cwpb-2m,0,2.0,51.585,-87.0,4,10.0,5369855.0,58.5,-53.0,-54.0,35.0,3868230.0,3617.0,58.5,3617.0,4.0,0,11.0,-44.0,26,15.091948425787107,22.28354160873883,17.892899788738863,11688,306.622
2026-07-15T19:45:23.655000Z,8,-39,20.0,2.0,4,2.0,0.0101413760110326,4344,37.407,11.702222222222222,31.178,72,cwpb-2m,0,2.0,57.203,-86.0,4,15.0,6931932.0,52.0,-53.0,-54.0,33.0,7761530.0,6963.0,65.0,6962.0,4.0,3,11.0,-49.0,44,36.04578235235335,28.50295873015873,3.2860443871245093,1223,267.064
2026-07-15T19:49:43.689000Z,8,-40,20.0,3.0,1,2.0,0.8524786063863874,198376,65.723,13.146666666666668,39.488,72,cwpb-2m,0,2.0,57.203,-80.0,3,1.0,5379570.0,52.0,-50.0,-51.0,31.0,4287007.0,2272.0,65.0,2272.0,4.0,0,11.0,-44.0,26,21.799481059470263,22.67848064111229,5.364853195164076,3479,356.844
2026-07-15T19:49:47.183000Z,8,-38,160.0,1.0,3,2.0,0.0109597910898311,4344,5.669,3.5155555555555558,5.284,52,cwpb-2m,0,2.0,114.187,-81.0,3,0.0,3777282.0,104.0,-45.0,-44.0,35.0,6048805.0,16764.0,130.0,16764.0,4.0,2,11.0,-37.0,82,30.840632806729037,10.639805813991163,0.239250803199125,105,3.382
2026-07-15T19:50:59.319000Z,8,-37,20.0,2.0,4,2.0,0.0108791102450564,4344,50.324,17.005555555555556,33.615,72,cwpb-2m,0,2.0,57.203,-82.0,3,1.0,6833500.0,58.5,-51.0,-48.0,31.0,7983353.0,9396.0,65.0,9396.0,4.0,3,11.0,-48.0,37,36.04578235235335,27.670755555555555,0.0369757368736134,21,337.098
2026-07-15T19:55:19.571000Z,8,-43,20.0,3.0,3,2.0,1.330308670545492,482184,28.996,23.411111111111115,54.34000000000001,72,cwpb-2m,0,2.0,51.585,-86.0,4,0.0,3279124.0,52.0,-50.0,-51.0,36.0,6896214.0,5771.0,58.5,5771.0,4.0,2,11.0,-45.0,34,31.860780009995004,11.246165895896882,2.948186281519615,1237,632.919
2026-07-15T19:55:33.836000Z,8,-35,160.0,1.0,2,2.0,0.0154072613741872,5792,5.164,6.8966666666666665,12.382,65,cwpb-2m,0,2.0,101.46,-83.0,3,0.0,7040118.0,104.0,-48.0,-48.0,35.0,6184115.0,15493.0,117.0,15450.0,4.0,1,11.0,-35.0,87,29.0666725626423,30.207802759706023,0.1098039215686274,42,2.622
2026-07-15T19:56:35.079000Z,8,-38,20.0,2.0,4,2.0,0.0080854285835535,4344,22.552,9.366666666666667,32.28,72,cwpb-2m,0,2.0,57.203,-87.0,3,17.0,7428492.0,52.0,-51.0,-49.0,36.0,8353478.0,3534.0,65.0,3534.0,4.0,3,11.0,-50.0,43,46.10967819308415,28.68824107850912,0.0377209369162236,21,321.385
2026-07-15T20:00:55.212000Z,8,-42,20.0,3.0,3,2.0,1.5064883919870895,609608,20.646,5.960000000000002,21.076,72,cwpb-2m,0,2.0,57.203,-84.0,5,8.0,6567184.0,58.5,-53.0,-53.0,32.0,7307955.0,7997.0,65.0,7997.0,4.0,2,11.0,-45.0,34,33.53431141315211,27.25336944831707,0.0820841558035452,42,326.263
2026-07-15T20:01:19.262000Z,8,-34,160.0,1.0,3,2.0,0.0035089083136797,2896,3.062,5.851111111111111,9.59,65,cwpb-2m,0,2.0,101.46,-82.0,4,0.0,8181112.0,117.0,-45.0,-45.0,37.0,9644648.0,21576.0,117.0,21576.0,4.0,2,161.0,-36.0,69,65.98260553354866,47.2990145612296,0.1361073303519346,63,2.349
2026-07-15T20:02:10.759000Z,8,-40,20.0,2.0,2,2.0,0.005185944028765,2896,68.184,5.088888888888889,36.35,72,cwpb-2m,0,2.0,57.203,-85.0,3,3.0,8020358.0,58.5,-53.0,-54.0,34.0,8163868.0,2348.0,65.0,2348.0,4.0,1,161.0,-50.0,26,46.943344458878784,31.95164585607941,0.1642078924047333,63,271.118
2026-07-15T20:06:30.938000Z,8,-42,20.0,3.0,4,2.0,0.8399149538650431,334488,14.707,7.383333333333334,19.305,72,cwpb-2m,0,2.0,51.585,-87.0,3,18.0,6607315.0,52.0,-52.0,-52.0,35.0,7355648.0,6980.0,58.5,6980.0,4.0,3,11.0,-44.0,39,34.369234335964826,28.253547367418832,2.7601736425470667,1189,294.595
2026-07-15T20:07:03.775000Z,8,-39,160.0,1.0,1,2.0,0.0053937641530434,4344,2.723,5.11,9.149,58,cwpb-2m,0,2.0,101.46,-80.0,3,0.0,8075549.0,78.0,-46.0,-45.0,34.0,9799460.0,22728.0,117.0,22724.0,4.0,0,161.0,-32.0,67,64.27086271321481,47.3643125063123,0.093142907832875,42,2.793
2026-07-15T20:07:46.545000Z,8,-38,20.0,2.0,4,2.0,0.0078121369532349,4344,40.994,9.676666666666668,23.511000000000003,72,cwpb-2m,0,2.0,57.203,-89.0,3,3.0,7720865.0,52.0,-52.0,-53.0,38.0,8201764.0,1643.0,65.0,1643.0,4.0,3,161.0,-49.0,33,47.77684412470024,29.79027044149673,0.095104388388207,42,292.351
2026-07-15T20:12:07.080000Z,8,-46,20.0,3.0,4,2.0,1.4884436403742152,516936,25.499,7.036666666666665,17.747,72,cwpb-2m,0,2.0,45.234,-86.0,3,1.0,5833860.0,39.0,-57.0,-57.0,30.0,7052895.0,8178.0,52.0,8178.0,4.0,3,11.0,-44.0,39,29.33959028679924,21.533257142857146,5.3789674241368095,2315,386.812
2026-07-15T20:12:47.763000Z,8,-37,160.0,1.0,1,2.0,0.0026727325389903,2896,2.696,3.3422222222222224,4.773,58,cwpb-2m,0,2.0,114.187,-81.0,3,0.0,8259655.0,117.0,-48.0,-47.0,33.0,9761221.0,12956.0,130.0,12956.0,4.0,0,11.0,-35.0,69,86.43420648095712,57.492120278992886,0.0422271822404536,21,1.966
2026-07-15T20:13:22.291000Z,8,-38,20.0,2.0,4,2.0,0.0075652913905033,4344,48.186,6.283333333333333,34.495,72,cwpb-2m,0,2.0,57.203,-87.0,4,2.0,7619579.0,52.0,-53.0,-50.0,35.0,8264757.0,1080.0,65.0,1080.0,4.0,3,11.0,-49.0,45,47.78639376374176,28.02014251781473,2.5424275666257987,1182,282.725
2026-07-15T20:17:42.596000Z,8,-46,20.0,3.0,4,2.0,1.3556321069110968,490872,22.361,10.09,30.08900000000001,72,cwpb-2m,0,2.0,51.585,-84.0,3,1.0,6690141.0,58.5,-53.0,-54.0,31.0,7526338.0,9363.0,58.5,9363.0,4.0,3,11.0,-44.0,38,31.857595842494504,29.935555908009515,2.550724637681159,1188,231.904
2026-07-15T20:18:33.191000Z,8,-36,160.0,1.0,3,2.0,0.0032260257937694,2896,2.402,6.766666666666666,11.769,52,cwpb-2m,0,2.0,101.46,-81.0,3,0.0,9189619.0,104.0,-46.0,-47.0,34.0,9660209.0,17205.0,117.0,17205.0,4.0,2,161.0,-36.0,91,71.6095589048857,42.51289664345882,0.1135257865715212,63,2.722
2026-07-15T20:18:58.658000Z,8,-40,20.0,2.0,4,2.0,0.0062323188082429,2896,57.679,10.711111111111109,30.6,72,cwpb-2m,0,2.0,51.585,-88.0,3,1.0,7690092.0,26.0,-52.0,-51.0,36.0,8040981.0,6819.0,58.5,6819.0,4.0,3,11.0,-49.0,39,38.5567513988809,25.488398485754136,3.1234545407220384,1200,349.839
2026-07-15T20:23:18.394000Z,8,-44,20.0,3.0,4,2.0,1.2476143460440772,357656,15.191,10.70111111111111,28.749,72,cwpb-2m,0,2.0,45.234,-88.0,3,0.0,6528209.0,52.0,-56.0,-57.0,33.0,6094384.0,5938.0,52.0,5938.0,4.0,3,11.0,-44.0,38,25.140683316683315,25.506465448768864,0.1031434184675834,42,372.735
2026-07-15T20:24:18.958000Z,8,-41,160.0,1.0,3,2.0,0.0031563273114909,2896,2.413,9.571111111111112,19.378,65,cwpb-2m,0,2.0,114.187,-85.0,3,0.0,7660024.0,144.4,-48.0,-48.0,37.0,8943359.0,13596.0,130.0,13596.0,4.0,2,11.0,-34.0,83,73.4375216157407,32.48008921914815,0.1099591580270185,42,1.87
2026-07-15T20:24:34.678000Z,8,-40,20.0,2.0,4,2.0,0.5667665111545043,160728,21.14,7.044444444444445,33.42,72,cwpb-2m,0,2.0,57.203,-89.0,3,5.0,6972880.0,52.0,-52.0,-53.0,37.0,5752683.0,6138.0,65.0,6111.0,4.0,3,11.0,-50.0,51,25.14822024582792,20.5420053428317,2.927213302478708,1227,381.638
2026-07-15T20:28:55.297000Z,8,-47,20.0,3.0,3,2.0,1.1842027664264247,308424,36.574,27.916666666666668,42.102,72,cwpb-2m,0,2.0,45.234,-85.0,4,9.0,6679501.0,58.5,-60.0,-62.0,26.0,7331262.0,8322.0,52.0,8322.0,4.0,2,11.0,-44.0,35,22.63792263868066,7.864578703246817,2.159757475738605,1204,726.709
2026-07-15T20:30:03.922000Z,8,-39,160.0,1.0,3,2.0,0.0056753920331919,4344,2.05,22.064444444444444,31.876,65,cwpb-2m,0,2.0,90.195,-85.0,3,0.0,4673195.0,144.4,-47.0,-48.0,38.0,8285224.0,13386.0,104.0,13386.0,4.0,2,11.0,-36.0,95,59.65555278592169,14.505670269454304,0.2853777858307664,63,10.415
2026-07-15T20:34:31.286000Z,8,-44,20.0,3.0,3,2.0,0.0120599211507696,4344,36.904,12.07888888888889,53.929,72,cwpb-2m,0,2.0,51.585,-85.0,3,4.0,6979190.0,52.0,-54.0,-50.0,31.0,7712928.0,9085.0,58.5,9085.0,4.0,2,11.0,-44.0,35,30.18389685157421,22.526580734580733,0.2183519625682349,84,493.395
2026-07-15T20:35:46.530000Z,8,-35,20.0,2.0,4,2.0,0.0282450279582863,5792,43.375,19.322222222222223,56.11,72,cwpb-2m,0,2.0,57.203,-86.0,3,10.0,5934487.0,72.2,-49.0,-49.0,38.0,4779988.0,5203.0,65.0,5203.0,4.0,3,11.0,-48.0,40,17.601995203836932,25.71468149324861,0.0804381966522388,42,313.75
2026-07-15T20:35:49.330000Z,8,-36,160.0,1.0,3,2.0,0.0116113520104318,4344,3.114,200.834,159.67333333333335,65,cwpb-2m,0,2.0,114.187,-87.0,3,0.0,4182399.0,78.0,-46.0,-47.0,42.0,4872863.0,11111.0,130.0,11110.0,4.0,2,11.0,-37.0,86,29.547921638101784,7.38498768426602,0.1268728854519091,63,18.869
2026-07-15T20:40:06.932000Z,8,-44,20.0,3.0,3,2.0,0.0099714866899016,4344,75.725,14.514444444444443,31.166999999999994,72,cwpb-2m,0,2.0,57.203,-87.0,3,6.0,6630927.0,52.0,-51.0,-49.0,36.0,8339492.0,9482.0,65.0,9482.0,4.0,2,11.0,-44.0,35,36.89511715313874,28.06558972839506,0.0821339173967459,42,308.538
2026-07-15T20:41:22.322000Z,8,-34,20.0,2.0,4,2.0,0.0086338924321945,4344,51.923,8.044444444444444,25.71,72,cwpb-2m,0,2.0,57.203,-86.0,3,6.0,5523613.0,72.2,-49.0,-49.0,39.0,8013819.0,964.0,65.0,964.0,4.0,3,11.0,-49.0,44,42.74770263788969,25.10498867474667,0.1354926124266081,63,348.036
2026-07-15T20:41:37.833000Z,8,-34,160.0,1.0,4,2.0,0.0266942097162007,8688,6.419,3.535555555555556,7.231,58,cwpb-2m,0,2.0,114.187,-83.0,3,0.0,8357822.0,117.0,-46.0,-46.0,37.0,4577203.0,6472.0,130.0,6436.0,4.0,3,11.0,-38.0,92,20.949796199684613,59.86555437272273,0.0698335633407046,42,2.114
2026-07-15T20:45:42.635000Z,8,-43,20.0,3.0,4,2.0,1.5640629500641543,525624,24.066,7.359999999999999,29.406,72,cwpb-2m,0,2.0,57.203,-85.0,3,2.0,6018028.0,72.2,-51.0,-51.0,35.0,7639152.0,7217.0,65.0,7217.0,4.0,3,11.0,-43.0,51,29.33959028679924,23.84065511811024,0.0430380784522687,21,271.638
2026-07-15T20:47:23.305000Z,8,-34,160.0,1.0,3,2.0,0.002699208885736,2896,2.477,4.828888888888889,8.743,58,cwpb-2m,0,2.0,114.187,-83.0,4,0.0,8949572.0,117.0,-46.0,-45.0,37.0,9841119.0,14146.0,130.0,14146.0,4.0,2,11.0,-37.0,72,85.68682301386886,63.76980378121428,0.0906716176248353,42,1.985
2026-07-16T12:01:36.058000Z,8,-34,160.0,1.0,4,2.0,0.0053887261299528,4344,1.626,2.243333333333333,4.492,58,cwpb-2m,0,2.0,114.187,-83.0,3,0.0,10643550.0,117.0,-46.0,-47.0,37.0,10971583.0,17318.0,130.0,17318.0,4.0,3,11.0,-38.0,83,65.38683380489742,36.3135954944091,0.2044671197398399,105,2.174
2026-07-16T12:03:45.077000Z,8,-39,160.0,1.0,4,2.0,0.0035800728792073,2896,1.87,15.788888888888888,24.625,39,cwpb-2m,0,2.0,114.187,-79.0,3,0.0,5699251.0,78.0,-49.0,-48.0,30.0,8046160.0,14275.0,130.0,14275.0,4.0,3,11.0,-35.0,79,64.86131382183093,31.26905950161848,0.0980987527444293,42,7.364
2026-07-16T12:05:10.203000Z,8,-38,20.0,2.0,4,2.0,0.0121555480338904,5792,49.473,12.333333333333334,34.19,72,cwpb-2m,0,2.0,57.203,-84.0,4,6.0,8527330.0,52.0,-47.0,-45.0,37.0,7794026.0,2217.0,65.0,2217.0,4.0,3,8.0,-48.0,29,41.83009873341977,26.24539850216792,0.0393663886024932,21,294.834
2026-07-16T12:06:27.344000Z,8,-46,20.0,3.0,4,2.0,0.0092541795914151,4344,59.132,26.30222222222222,36.828,72,cwpb-2m,0,2.0,57.203,-87.0,3,7.0,7788410.0,58.5,-49.0,-46.0,37.0,7532435.0,2462.0,65.0,2462.0,4.0,3,11.0,-43.0,47,40.24519580209895,26.196208188757808,0.0880023467292461,42,308.658
2026-07-16T12:09:32.640000Z,8,-28,160.0,1.0,4,2.0,0.0171256449910563,5792,3.55,24.488888888888887,40.07,58,cwpb-2m,0,2.0,90.195,-79.0,3,0.0,3772575.0,78.0,-40.0,-40.0,39.0,6100325.0,7208.0,104.0,7208.0,4.0,3,11.0,-33.0,91,26.35060075001073,7.259029882881806,0.0423908435777872,21,7.049
2026-07-16T12:10:46.130000Z,8,-30,20.0,2.0,4,2.0,0.0054906161275169,2896,53.697,15.108888888888888,32.182,72,cwpb-2m,0,2.0,57.203,-87.0,3,6.0,6977876.0,58.5,-44.0,-41.0,43.0,7686431.0,1851.0,65.0,1851.0,4.0,3,161.0,-47.0,44,44.42852243429599,30.504783692855728,0.0710023160279275,42,250.611
2026-07-16T12:12:02.992000Z,8,-37,20.0,3.0,4,2.0,0.0137396682059902,5792,30.055,9.194444444444446,31.715,72,cwpb-2m,0,2.0,57.203,-85.0,3,9.0,7606153.0,58.5,-41.0,-39.0,43.0,6697042.0,2194.0,65.0,2194.0,4.0,3,11.0,-43.0,47,36.88774255446732,31.189054134443783,2.226251448652286,1191,258.917
2026-07-16T12:15:16.955000Z,8,-38,160.0,1.0,4,2.0,0.0049937846693845,2896,2.585,4.183333333333334,12.251,58,cwpb-2m,0,2.0,90.195,-79.0,3,0.0,5772064.0,58.5,-39.0,-38.0,40.0,8638295.0,9542.0,104.0,9542.0,4.0,3,161.0,-37.0,100,46.27755198308419,22.24822126130708,0.1753946379353545,63,7.9
2026-07-16T12:16:21.771000Z,8,-31,20.0,2.0,4,2.0,0.0087397856772778,4344,38.978,20.818888888888885,39.353,72,cwpb-2m,0,2.0,57.203,-85.0,3,11.0,7017424.0,58.5,-43.0,-41.0,41.0,7472539.0,2683.0,65.0,2683.0,4.0,3,161.0,-49.0,45,41.9137004097132,30.549146664015115,0.0950462784855959,42,285.943
2026-07-16T12:17:38.695000Z,8,-37,20.0,3.0,4,2.0,0.010558998843566,4344,50.818,6.963333333333332,20.703,72,cwpb-2m,0,2.0,57.203,-90.0,3,15.0,5579169.0,58.5,-42.0,-39.0,49.0,6495110.0,3592.0,65.0,3592.0,4.0,3,161.0,-41.0,45,34.37610474762619,22.150817018744423,2.677078750549934,1217,290.191
2026-07-16T12:21:02.393000Z,8,-30,160.0,1.0,4,2.0,0.0054419126188182,2896,4.389,1.5266666666666668,6.347,58,cwpb-2m,0,2.0,114.187,-83.0,3,0.0,5715372.0,117.0,-40.0,-40.0,43.0,8603326.0,10752.0,130.0,10752.0,4.0,3,11.0,-37.0,94,43.5407534660584,22.770344983151343,0.150984997363754,63,3.4
2026-07-16T12:21:57.511000Z,8,-30,20.0,2.0,3,2.0,0.0064247152049759,2896,62.029,16.13222222222222,41.081,72,cwpb-2m,0,2.0,57.203,-84.0,3,2.0,7614315.0,72.2,-46.0,-46.0,40.0,6696831.0,1661.0,65.0,1661.0,4.0,2,11.0,-51.0,40,38.5567513988809,34.18366072136346,0.0927172785271198,42,282.442
2026-07-16T12:23:14.669000Z,8,-41,20.0,3.0,4,2.0,0.0087058002273769,4344,25.891,17.172222222222224,31.285,72,cwpb-2m,0,2.0,57.203,-86.0,3,13.0,6135896.0,58.5,-43.0,-40.0,43.0,7494607.0,1884.0,65.0,1884.0,4.0,3,161.0,-41.0,45,42.75624705176894,26.38319009410599,0.0475371242303513,21,322.993
2026-07-16T12:26:47.747000Z,8,-28,160.0,1.0,4,2.0,0.0077337174270563,2896,2.741,8.517777777777779,12.704,52,cwpb-2m,0,2.0,114.187,-81.0,3,0.0,5665050.0,117.0,-39.0,-39.0,42.0,6564223.0,7230.0,130.0,7230.0,4.0,3,161.0,-35.0,95,30.29374861380169,30.02530019165211,0.1814529194478646,84,2.917
2026-07-16T12:27:33.284000Z,8,-30,20.0,2.0,4,2.0,0.0141624080005868,5792,26.892,16.055555555555557,35.32,72,cwpb-2m,0,2.0,57.203,-85.0,4,1.0,7210073.0,58.5,-44.0,-42.0,41.0,6360323.0,2047.0,65.0,2047.0,4.0,3,161.0,-50.0,38,35.20750834415909,31.966881916262498,0.0860356023516398,42,238.264
2026-07-16T12:28:51.228000Z,8,-39,20.0,3.0,4,2.0,0.0086798562117079,4344,35.112,14.332222222222224,29.231,72,cwpb-2m,0,2.0,57.203,-89.0,3,5.0,6989045.0,72.2,-42.0,-40.0,47.0,7866831.0,3309.0,65.0,3309.0,4.0,3,161.0,-39.0,48,42.75624705176894,26.64201997034108,0.0475242147189282,21,331.683
2026-07-16T12:32:32.435000Z,8,-37,160.0,1.0,3,2.0,0.0053602367862389,2896,3.185,5.384444444444444,9.451,52,cwpb-2m,0,2.0,90.195,-83.0,3,0.0,5547314.0,104.0,-40.0,-39.0,43.0,8853042.0,8971.0,104.0,8971.0,4.0,2,161.0,-37.0,96,43.73044519932046,27.99957597398496,0.2013374559574315,84,2.194
2026-07-16T12:33:10.057000Z,8,-30,20.0,2.0,4,2.0,0.0098798659249428,4344,49.077,18.433333333333334,38.37000000000001,72,cwpb-2m,0,2.0,57.203,-88.0,4,3.0,6856825.0,58.5,-44.0,-43.0,44.0,6626321.0,1612.0,65.0,1612.0,4.0,3,161.0,-49.0,44,37.72233036874188,31.266554020475105,0.0385321100917431,21,223.806
2026-07-16T12:34:26.660000Z,8,-38,20.0,3.0,4,2.0,0.0087146514957904,4344,41.636,13.322222222222226,40.21,72,cwpb-2m,0,2.0,57.203,-86.0,3,1.0,6913767.0,58.5,-42.0,-39.0,44.0,7588553.0,2280.0,65.0,2280.0,4.0,3,161.0,-39.0,48,42.764794882047184,29.5973219768248,0.0452517939104014,21,302.995
2026-07-16T12:38:46.095000Z,8,-29,20.0,2.0,4,2.0,0.0095539014227395,4344,32.635,11.186666666666664,37.872,72,cwpb-2m,0,2.0,57.203,-86.0,3,2.0,6818861.0,52.0,-42.0,-41.0,44.0,6757727.0,2797.0,65.0,2797.0,4.0,3,161.0,-50.0,36,38.5567513988809,23.793490289338088,0.0786811539902585,42,451.404
2026-07-16T12:40:02.323000Z,8,-38,20.0,3.0,4,2.0,1.1190477326617414,431504,7.941,19.665555555555557,23.287,72,cwpb-2m,0,2.0,57.203,-89.0,3,3.0,6387118.0,72.2,-39.0,-38.0,50.0,5891122.0,2274.0,65.0,2274.0,4.0,3,161.0,-42.0,40,32.689419664268584,28.429958089184627,0.14661391668606,63,347.21
2026-07-16T12:44:05.516000Z,8,-31,160.0,1.0,3,2.0,0.012717214949599,7240,4.041,40.6,40.58,65,cwpb-2m,0,2.0,114.187,-83.0,3,0.0,6561291.0,117.0,-41.0,-41.0,42.0,6022081.0,8182.0,130.0,8182.0,4.0,2,11.0,-38.0,83,46.70888231423728,39.10811153434702,0.1481925797858264,84,2.288
2026-07-16T12:44:22.044000Z,8,-33,20.0,2.0,4,2.0,0.561958594426578,176656,39.655,17.41111111111111,49.6,72,cwpb-2m,0,2.0,57.203,-85.0,3,5.0,6630601.0,52.0,-46.0,-43.0,40.0,5533823.0,3018.0,65.0,2992.0,4.0,3,11.0,-38.0,46,26.82744913052169,24.97349698586817,0.090417859680093,42,251.731
2026-07-16T12:45:38.236000Z,8,-41,20.0,3.0,4,2.0,1.525687075001101,582096,33.405,16.371111111111112,22.455,72,cwpb-2m,0,2.0,57.203,-83.0,4,5.0,6682812.0,72.2,-44.0,-45.0,38.0,6073457.0,2708.0,65.0,2708.0,4.0,3,161.0,-42.0,40,32.6992215892054,28.44088536923381,4.230907135173897,2006,363.869
2026-07-16T12:49:50.745000Z,8,-30,160.0,1.0,3,2.0,0.0058682249559721,4344,1.807,48.71111111111111,40.39,65,cwpb-2m,0,2.0,114.187,-85.0,3,0.0,2517029.0,130.0,-41.0,-42.0,44.0,7025635.0,8846.0,130.0,8844.0,4.0,2,161.0,-40.0,98,58.38163747763463,0.9239244249476346,2.3769985324785665,1231,11.645
2026-07-16T12:49:57.787000Z,8,-34,20.0,2.0,3,2.0,0.0121655564196162,4344,21.774,9.622222222222222,36.92,72,cwpb-2m,0,2.0,57.203,-88.0,3,10.0,5477727.0,52.0,-46.0,-47.0,42.0,5825311.0,2197.0,65.0,2197.0,4.0,2,11.0,-49.0,39,31.743388169687314,19.64981161850281,8.39659039928219,4679,290.879
2026-07-16T12:51:14.109000Z,8,-42,20.0,3.0,4,2.0,1.3165094952572098,495216,24.939,14.09777777777778,22.827,72,cwpb-2m,0,2.0,57.203,-81.0,3,2.0,5314259.0,58.5,-51.0,-51.0,32.0,5604682.0,2253.0,65.0,2253.0,4.0,3,11.0,-47.0,36,31.022338430784608,19.71360429722471,2.416200831336896,1180,400.197
2026-07-16T12:55:33.659000Z,8,-35,20.0,2.0,4,2.0,0.0192742790248279,4344,43.105,11.38888888888889,38.510000000000005,72,cwpb-2m,0,2.0,57.203,-82.0,3,8.0,5051439.0,52.0,-48.0,-47.0,34.0,3734293.0,1828.0,65.0,1828.0,4.0,3,11.0,-54.0,38,19.28415632183908,17.872864136359134,4.710659492328926,2355,437.654
2026-07-16T12:55:36.993000Z,8,-30,160.0,1.0,4,2.0,0.0181826218336119,7240,1.874,200.132,164.22833333333332,58,cwpb-2m,0,2.0,114.187,-87.0,3,0.0,2921630.0,117.0,-41.0,-41.0,46.0,3975778.0,3236.0,130.0,3236.0,4.0,3,11.0,-39.0,87,31.070062792557493,6.3113471871408295,0.1556516368128474,63,19.019
2026-07-16T12:56:50.273000Z,8,-41,20.0,3.0,4,2.0,0.0058594692097842,2896,18.622,17.562222222222218,30.564,72,cwpb-2m,0,2.0,57.203,-88.0,3,4.0,5953765.0,26.0,-52.0,-51.0,36.0,7368277.0,2537.0,65.0,2537.0,4.0,3,11.0,-47.0,36,41.917889266440135,19.144471522127407,0.1032778419849017,42,374.855
2026-07-16T13:01:10.237000Z,8,-35,20.0,2.0,4,2.0,0.0095423536399773,4344,18.478,3.833333333333332,29.129999999999995,72,cwpb-2m,0,2.0,57.203,-86.0,4,5.0,5643687.0,52.0,-46.0,-45.0,40.0,7230058.0,3178.0,65.0,3178.0,4.0,3,11.0,-51.0,30,39.38313615023474,17.36190680150704,0.088109423512629,42,673.531
2026-07-16T13:01:22.697000Z,8,-31,160.0,1.0,4,2.0,0.0140793614452114,4344,11.423,4.334444444444444,6.479,65,cwpb-2m,0,2.0,114.187,-81.0,4,0.0,4984144.0,117.0,-41.0,-42.0,40.0,3787594.0,4143.0,130.0,4143.0,4.0,3,11.0,-37.0,95,24.588673024744853,26.926359582127585,15.001630789302022,9199,9.333
2026-07-16T13:02:26.123000Z,8,-42,20.0,3.0,4,2.0,0.0172826284567166,7240,42.692,6.402222222222222,23.218,72,cwpb-2m,0,2.0,57.203,-84.0,3,5.0,5692613.0,52.0,-51.0,-48.0,33.0,7049986.0,6021.0,65.0,6021.0,4.0,3,11.0,-47.0,36,35.203990407673864,15.187707936507936,0.0488099665303086,21,353.482
2026-07-16T13:06:47.185000Z,8,-38,20.0,2.0,4,2.0,0.0139403012375868,5792,45.894,12.673333333333334,26.034,72,cwpb-2m,0,2.0,57.203,-87.0,4,6.0,6455307.0,26.0,-49.0,-50.0,38.0,6692831.0,3811.0,65.0,3811.0,4.0,3,11.0,-48.0,38,35.203990407673864,20.884242568370983,2.128049227162845,1162,382.867
2026-07-16T13:07:06.919000Z,8,-32,160.0,1.0,4,2.0,0.843755514239572,472048,4.646,7.756666666666666,10.69,65,cwpb-2m,0,2.0,114.187,-75.0,4,0.0,7625818.0,104.0,-42.0,-41.0,33.0,6184632.0,10266.0,130.0,10225.0,4.0,3,11.0,-37.0,96,44.49843776790375,43.84228697701974,0.1393188854489164,63,2.623
2026-07-16T13:08:03.970000Z,8,-46,20.0,3.0,4,2.0,1.214827237415981,328696,18.95,14.592222222222224,27.377,72,cwpb-2m,0,2.0,57.203,-86.0,3,5.0,6257703.0,19.5,-57.0,-57.0,29.0,5442582.0,7858.0,65.0,7858.0,4.0,3,11.0,-46.0,37,22.635660203877677,8.110762395874653,2.169058427295358,1185,1128.533
2026-07-16T13:12:51.713000Z,8,-40,160.0,1.0,3,2.0,0.0052517528813311,4344,4.911,5.252222222222223,9.078,39,cwpb-2m,0,2.0,114.187,-82.0,3,0.0,6446884.0,117.0,-41.0,-40.0,41.0,7955461.0,10306.0,130.0,10306.0,4.0,2,11.0,-37.0,67,66.50356476421572,32.043402900519986,0.2322032773834007,105,1.887
2026-07-16T13:13:40.429000Z,8,-45,20.0,3.0,4,2.0,1.096076906419553,276568,28.666,31.581111111111117,43.507000000000005,72,cwpb-2m,0,2.0,57.203,-87.0,3,1.0,5372129.0,52.0,-51.0,-49.0,37.0,4431519.0,3960.0,65.0,3960.0,4.0,3,11.0,-46.0,37,20.958944633220067,18.156256741964373,6.402871915771426,2390,496.014
2026-07-16T13:18:00.122000Z,8,-38,20.0,2.0,4,2.0,0.0158410919676036,5792,35.698,14.81777777777778,29.506999999999994,72,cwpb-2m,0,2.0,57.203,-87.0,3,13.0,6822085.0,39.0,-49.0,-51.0,38.0,5903301.0,2409.0,65.0,2409.0,4.0,3,11.0,-51.0,39,31.78770482648584,13.49251509452638,2.128986118497057,1161,808.487
2026-07-16T13:18:37.825000Z,8,-33,160.0,1.0,3,2.0,0.0098179302799479,5792,5.034,4.461111111111111,10.022,65,cwpb-2m,0,2.0,114.187,-79.0,3,0.0,6205630.0,144.4,-42.0,-42.0,37.0,6483413.0,9319.0,130.0,9319.0,4.0,2,11.0,-38.0,85,46.36054802833395,35.321953639018986,0.2263809236341684,105,4.898
2026-07-16T13:19:16.953000Z,8,-46,20.0,3.0,3,2.0,1.2268819321018007,347520,12.771,14.782222222222222,18.989,72,cwpb-2m,0,2.0,57.203,-83.0,3,1.0,5753986.0,52.0,-53.0,-48.0,30.0,4922499.0,4954.0,65.0,4954.0,4.0,2,11.0,-46.0,44,24.305088620241783,14.57367616400278,2.669891938327983,1181,515.606
2026-07-16T13:23:36.490000Z,8,-34,20.0,2.0,4,2.0,0.0065514089239238,2896,62.754,11.199999999999998,30.93,72,cwpb-2m,0,2.0,57.203,-83.0,4,7.0,6369892.0,52.0,-47.0,-49.0,36.0,6764290.0,2380.0,65.0,2380.0,4.0,3,8.0,-52.0,43,37.71479268658208,15.072570247120211,2.406849342407249,1206,632.315
2026-07-16T13:24:23.598000Z,8,-31,160.0,1.0,4,2.0,0.0084954938093782,5792,3.642,3.608888888888889,7.266,39,cwpb-2m,0,2.0,114.187,-79.0,3,0.0,7162006.0,144.4,-42.0,-41.0,37.0,6982246.0,9405.0,130.0,9405.0,4.0,3,11.0,-38.0,92,52.97711755234391,36.96470346136162,0.0825682662629995,42,4.072
2026-07-16T13:24:53.338000Z,8,-42,20.0,3.0,3,2.0,0.9835298299948464,325800,10.52,20.522222222222226,41.23,72,cwpb-2m,0,2.0,57.203,-85.0,4,5.0,5645752.0,52.0,-52.0,-52.0,33.0,5552132.0,3627.0,65.0,3627.0,4.0,2,11.0,-46.0,44,29.345455272363814,20.233115575890192,2.3534029945604424,1259,357.895
2026-07-16T13:29:12.785000Z,8,-36,20.0,2.0,4,2.0,0.0092197666363302,4344,35.831,16.71111111111111,31.75,72,cwpb-2m,0,2.0,57.203,-86.0,4,8.0,6748809.0,52.0,-46.0,-46.0,40.0,7172468.0,3094.0,65.0,3094.0,4.0,3,8.0,-52.0,33,39.39887838513041,23.52507926467681,0.0502188105316019,21,391.407
2026-07-16T13:30:08.458000Z,8,-30,160.0,1.0,3,2.0,0.0028933182411886,2896,2.738,7.293333333333333,11.234,65,cwpb-2m,0,2.0,114.187,-82.0,3,0.0,7998680.0,117.0,-41.0,-41.0,41.0,8590192.0,8311.0,130.0,8311.0,4.0,2,11.0,-38.0,82,79.54048675715993,42.107040606181705,0.1470210730204662,63,3.64
2026-07-16T13:30:29.258000Z,8,-38,20.0,3.0,4,2.0,1.2625204591814834,432952,14.928,188.405,121.976,72,cwpb-2m,0,2.0,57.203,-85.0,3,11.0,7332825.0,58.5,-49.0,-49.0,37.0,5521399.0,2237.0,65.0,2208.0,4.0,3,161.0,-43.0,42,29.348388644542183,23.767584281896465,2.9405077680939757,1164,439.484
2026-07-16T13:34:48.477000Z,8,-35,20.0,2.0,4,2.0,0.009638930628989,4344,43.107,9.758888888888889,24.457,72,cwpb-2m,0,2.0,57.203,-84.0,3,7.0,6567674.0,52.0,-53.0,-51.0,31.0,6811735.0,2992.0,65.0,2992.0,4.0,3,8.0,-52.0,43,37.71479268658208,15.044876311102316,0.075445939391762,42,611.979
2026-07-16T13:35:54.135000Z,8,-30,160.0,1.0,3,2.0,0.0029978362578523,2896,3.099,10.633333333333333,17.57,65,cwpb-2m,0,2.0,114.187,-84.0,3,0.0,4752220.0,144.4,-42.0,-43.0,42.0,8582412.0,10475.0,130.0,10475.0,4.0,2,11.0,-38.0,97,76.59382678044152,19.39784609497851,0.4103004962682193,105,2.866
2026-07-16T13:36:05.029000Z,8,-43,20.0,3.0,4,2.0,2.7544907725045897,860112,20.072,18.39222222222222,44.597,72,cwpb-2m,0,2.0,57.203,-84.0,3,26.0,4352141.0,52.0,-56.0,-57.0,29.0,5531330.0,3385.0,65.0,3352.0,4.0,3,161.0,-43.0,42,27.66580691585049,12.86723641761504,8.599240801292893,4576,435.952
2026-07-16T13:40:24.832000Z,8,-39,20.0,2.0,4,2.0,0.00699037105353,2896,19.723,18.296666666666667,35.443,72,cwpb-2m,0,2.0,57.203,-83.0,3,2.0,6667244.0,39.0,-51.0,-50.0,32.0,6805047.0,4484.0,65.0,4484.0,4.0,3,8.0,-50.0,36,35.20047317414327,14.707407348873964,0.0335790466748748,21,555.909
2026-07-16T13:41:40.768000Z,8,-40,20.0,3.0,4,2.0,0.0228535064980978,5792,51.829,11.033333333333337,26.75,72,cwpb-2m,0,2.0,57.203,-86.0,3,1.0,5515589.0,52.0,-48.0,-47.0,39.0,4206309.0,1877.0,65.0,1877.0,4.0,3,161.0,-48.0,39,22.633398221245127,21.75857664813344,0.0451496388028895,21,324.457
2026-07-16T13:41:42.821000Z,8,-30,160.0,1.0,3,2.0,0.0101243306964392,5792,1.725,41.35714285714285,35.33125,52,cwpb-2m,0,2.0,114.187,-87.0,3,0.0,3723283.0,104.0,-40.0,-40.0,47.0,5673321.0,6758.0,130.0,6758.0,4.0,2,11.0,-39.0,94,43.19969370628179,8.930674552452889,0.1938938815708482,63,16.693
2026-07-16T13:46:01.043000Z,8,-35,20.0,2.0,4,2.0,0.0097625155719314,4344,41.752,7.930000000000001,34.263000000000005,72,cwpb-2m,0,2.0,57.203,-89.0,3,3.0,5644279.0,39.0,-47.0,-44.0,42.0,6798473.0,2177.0,65.0,2177.0,4.0,3,161.0,-52.0,36,38.55289919072835,19.22943695479778,0.0441056014113792,21,492.795
2026-07-16T13:47:16.630000Z,8,-46,20.0,3.0,4,2.0,0.0091333140911393,4344,46.64,12.009999999999998,29.431,72,cwpb-2m,0,2.0,57.203,-83.0,3,15.0,4743882.0,58.5,-46.0,-44.0,37.0,7074641.0,1759.0,65.0,1759.0,4.0,3,161.0,-48.0,39,40.249218712515,16.409965134706816,2.757423398642707,1223,473.414
2026-07-16T13:51:36.832000Z,8,-35,20.0,2.0,4,2.0,0.0096650155450116,4344,61.607,14.177777777777775,35.83,72,cwpb-2m,0,2.0,57.203,-87.0,3,8.0,5773585.0,52.0,-47.0,-46.0,40.0,6685429.0,2054.0,65.0,2054.0,4.0,3,11.0,-51.0,35,37.71479268658208,20.48284303420922,0.0682527301092043,42,399.331
2026-07-16T13:52:52.748000Z,8,-44,20.0,3.0,3,2.0,0.0058678929806545,2896,39.001,13.455555555555556,29.51,72,cwpb-2m,0,2.0,57.203,-85.0,3,1.0,5997272.0,58.5,-45.0,-41.0,40.0,7353733.0,2429.0,65.0,2429.0,4.0,2,161.0,-47.0,43,41.92207896051974,23.606739264107905,0.2372720493525862,105,368.388
2026-07-16T13:53:11.695000Z,8,-37,160.0,1.0,4,2.0,0.6749534438818421,361136,3.55,12.842222222222224,11.753,65,cwpb-2m,0,2.0,114.187,-80.0,3,0.0,7471670.0,144.4,-40.0,-40.0,40.0,5341768.0,3814.0,130.0,3798.0,4.0,3,11.0,-36.0,96,43.40858977590789,41.9609135608102,0.0443009936079994,21,2.346
2026-07-16T13:57:12.907000Z,8,-36,20.0,2.0,4,2.0,0.0106406431416351,4344,30.39,7.91777777777778,24.674,72,cwpb-2m,0,2.0,57.203,-84.0,3,1.0,6821455.0,26.0,-47.0,-47.0,37.0,6398738.0,2161.0,65.0,2161.0,4.0,3,8.0,-51.0,36,35.21454632683658,21.46330047694753,2.368273542600897,1183,402.263
2026-07-16T13:58:57.653000Z,8,-32,160.0,1.0,4,2.0,0.006002870765157,5792,2.788,11.193333333333332,12.122,65,cwpb-2m,0,2.0,114.187,-80.0,3,0.0,8080865.0,144.4,-41.0,-41.0,39.0,8254611.0,7040.0,130.0,7039.0,4.0,3,11.0,-40.0,82,76.72913846458574,44.95332079984345,0.1810032752973625,84,1.891
2026-07-16T14:02:49.449000Z,8,-35,20.0,2.0,4,2.0,0.0113067665271401,4344,47.963,37.15555555555555,49.03,72,cwpb-2m,0,2.0,57.203,-84.0,3,6.0,6772050.0,52.0,-46.0,-46.0,38.0,6337707.0,3223.0,65.0,3223.0,4.0,3,11.0,-51.0,46,33.45406979062812,21.40163043693649,0.0753877082136703,42,350.551
2026-07-16T14:04:04.470000Z,8,-45,20.0,3.0,4,2.0,1.0041333908492138,225888,17.558,68.64444444444445,70.08,72,cwpb-2m,0,2.0,57.203,-83.0,3,2.0,6167256.0,58.5,-43.0,-39.0,40.0,3615897.0,1273.0,65.0,1273.0,4.0,3,11.0,-52.0,43,19.28222906256246,26.315814700922527,4.4016269788225415,2305,309.154
2026-07-16T14:04:41.742000Z,8,-31,160.0,1.0,3,2.0,0.0027594281733042,2896,2.32,3.0955555555555554,6.683,65,cwpb-2m,0,2.0,114.187,-78.0,4,0.0,7407510.0,117.0,-40.0,-40.0,38.0,8724473.0,7258.0,130.0,7258.0,4.0,2,161.0,-39.0,76,83.31779444282387,37.78938865772603,0.2008685172077363,105,2.522
2026-07-16T14:08:24.879000Z,8,-38,20.0,2.0,4,2.0,0.0140950363667512,5792,44.136,5.033333333333332,26.5,72,cwpb-2m,0,2.0,57.203,-85.0,3,1.0,6517425.0,52.0,-50.0,-49.0,35.0,6712470.0,3557.0,65.0,3557.0,4.0,3,8.0,-52.0,41,36.04578235235335,19.59664431919312,0.0441315540611537,21,329.266
2026-07-16T14:09:40.232000Z,8,-39,20.0,3.0,4,2.0,0.9077347432306654,341728,23.028,9.012222222222222,16.632,72,cwpb-2m,0,2.0,57.203,-85.0,3,4.0,6341688.0,58.5,-48.0,-48.0,39.0,5699958.0,2217.0,65.0,2217.0,4.0,3,11.0,-52.0,43,31.857595842494504,24.194712616359677,3.348356236348052,1211,363.131
2026-07-16T14:10:26.373000Z,8,-32,160.0,1.0,3,2.0,0.0071947900974645,5792,2.486,6.8277777777777775,10.69,39,cwpb-2m,0,2.0,114.187,-81.0,4,0.0,7627168.0,144.4,-41.0,-42.0,40.0,7279083.0,7712.0,130.0,7712.0,4.0,2,11.0,-37.0,94,63.89833711379524,44.11014714055387,0.0863522348780788,42,3.258
2026-07-16T14:14:00.763000Z,8,-38,20.0,2.0,4,2.0,0.0096659497605585,4344,35.901,14.372222222222218,31.495,72,cwpb-2m,0,2.0,57.203,-89.0,3,14.0,6395892.0,72.2,-52.0,-47.0,37.0,6913546.0,3337.0,65.0,3337.0,4.0,3,8.0,-52.0,42,37.72233036874188,20.956995349757594,2.954311233253178,1204,386.056
2026-07-16T14:15:16.127000Z,8,-41,20.0,3.0,4,2.0,1.0714675211692246,376480,14.134,20.077777777777776,39.21999999999999,72,cwpb-2m,0,2.0,57.203,-87.0,3,11.0,5412902.0,39.0,-50.0,-49.0,38.0,5692799.0,2373.0,65.0,2373.0,4.0,3,11.0,-52.0,43,31.028541037688694,19.410343949044584,0.200410364078828,84,436.452
2026-07-16T14:16:11.685000Z,8,-31,160.0,1.0,4,2.0,0.0045583155890615,4344,4.633,3.55,7.031000000000001,65,cwpb-2m,0,2.0,114.187,-77.0,3,0.0,7542750.0,144.4,-41.0,-42.0,36.0,7964432.0,7016.0,130.0,7016.0,4.0,3,161.0,-39.0,98,75.97319190196377,41.542527478058965,0.1509415880013417,63,2.584
2026-07-16T14:19:36.498000Z,8,-34,20.0,2.0,4,2.0,0.0136161940932047,5792,39.067,9.488888888888887,29.11,72,cwpb-2m,0,2.0,57.203,-88.0,3,8.0,7176978.0,52.0,-48.0,-49.0,40.0,6836524.0,2918.0,65.0,2918.0,4.0,3,11.0,-52.0,46,37.72610033979612,26.88922613861386,2.569366267134627,1164,281.984
2026-07-16T14:20:52.019000Z,8,-42,20.0,3.0,4,2.0,1.2946804574612911,495216,21.176,8.244444444444444,25.84,72,cwpb-2m,0,2.0,57.203,-82.0,3,11.0,5663282.0,39.0,-54.0,-54.0,30.0,6121303.0,2935.0,65.0,2935.0,4.0,3,11.0,-50.0,39,33.53766316841579,18.50797287594735,2.658004844747853,1207,404.408
2026-07-16T14:21:56.644000Z,8,-29,160.0,1.0,3,2.0,0.0044892851181355,4344,4.251,6.094444444444444,9.694,65,cwpb-2m,0,2.0,114.187,-83.0,3,0.0,9115708.0,144.4,-40.0,-40.0,43.0,8300167.0,6917.0,130.0,6917.0,4.0,2,11.0,-37.0,88,77.57093271473514,48.86042533761268,0.200923290358074,84,3.813
2026-07-16T14:25:13.550000Z,8,-37,20.0,2.0,4,2.0,0.0120783719511286,4344,80.517,12.377777777777776,39.06999999999999,72,cwpb-2m,0,2.0,57.203,-86.0,3,4.0,6609169.0,26.0,-49.0,-49.0,37.0,6013656.0,4821.0,65.0,4821.0,4.0,3,11.0,-47.0,47,30.177864294993505,6.979558339859045,2.815285710871592,1178,1266.859
2026-07-16T14:26:29.163000Z,8,-43,20.0,3.0,4,2.0,1.1500605471353846,398200,21.691,20.93111111111111,46.66199999999999,72,cwpb-2m,0,2.0,57.203,-87.0,3,7.0,6135918.0,26.0,-55.0,-55.0,33.0,5758074.0,3832.0,65.0,3832.0,4.0,3,11.0,-50.0,39,30.186914034386245,14.560666534417772,4.685284507736885,2280,577.798
2026-07-16T14:27:40.458000Z,8,-31,160.0,1.0,3,2.0,0.0028805666154106,2896,4.718,6.495555555555555,13.582,65,cwpb-2m,0,2.0,114.187,-74.0,4,0.0,9062520.0,117.0,-42.0,-42.0,32.0,8631303.0,8575.0,130.0,8575.0,4.0,2,11.0,-38.0,95,80.23933998329733,45.3050899914032,0.0825277057297807,42,4.249
2026-07-16T14:30:49.462000Z,8,-34,20.0,2.0,4,2.0,0.0146822479657279,5792,60.966,22.796666666666667,32.893,72,cwpb-2m,0,2.0,57.203,-88.0,3,2.0,6953186.0,52.0,-46.0,-44.0,42.0,6212370.0,2923.0,65.0,2923.0,4.0,3,11.0,-48.0,46,33.53096032777056,29.109845485082,0.1233818374101564,63,270.589
2026-07-16T14:32:04.503000Z,8,-43,20.0,3.0,3,2.0,0.0122926443973981,5792,28.331,7.838888888888889,28.235,72,cwpb-2m,0,2.0,57.203,-85.0,3,7.0,9027447.0,58.5,-48.0,-42.0,38.0,7123171.0,2302.0,65.0,2302.0,4.0,2,11.0,-44.0,39,39.40675422288856,29.769642101098032,0.0682161477366856,42,314.276
2026-07-16T14:33:24.862000Z,8,-32,160.0,1.0,4,2.0,0.0028696140139265,2896,2.377,6.809999999999999,8.270999999999999,65,cwpb-2m,0,2.0,114.187,-77.0,3,0.0,8427972.0,144.4,-41.0,-41.0,36.0,8751849.0,9054.0,130.0,9054.0,4.0,3,11.0,-40.0,97,80.7744927467197,44.63076269538985,0.1206480523957256,42,2.608
2026-07-16T14:36:25.568000Z,8,-34,20.0,2.0,4,2.0,0.0066527436870608,2896,50.726,16.222222222222218,42.540000000000006,72,cwpb-2m,0,2.0,57.203,-88.0,4,10.0,5909610.0,58.5,-47.0,-45.0,41.0,6387757.0,1931.0,65.0,1931.0,4.0,3,11.0,-50.0,40,36.04218065547562,22.47096504048983,0.0752904058511401,42,401.353
2026-07-16T14:37:40.267000Z,8,-38,20.0,3.0,3,2.0,0.0159726646817027,5792,30.924,23.0,47.1,72,cwpb-2m,0,2.0,57.203,-81.0,4,24.0,7117167.0,58.5,-45.0,-44.0,36.0,5818015.0,2650.0,65.0,2650.0,4.0,2,11.0,-44.0,39,31.022338430784608,28.77953221957041,2.2755684037815453,1165,267.829
2026-07-16T14:39:09.963000Z,8,-31,160.0,1.0,4,2.0,0.0014580706020341,1448,4.479,3.0544444444444445,6.168,65,cwpb-2m,0,2.0,114.187,-78.0,3,0.0,8543970.0,144.4,-42.0,-42.0,36.0,8550297.0,9059.0,130.0,9059.0,4.0,3,11.0,-41.0,94,79.27779165090519,41.334180089725386,0.0370684177081126,21,6.55
2026-07-16T14:42:01.291000Z,8,-34,20.0,2.0,4,2.0,0.0168709260441984,7240,31.209,13.251111111111111,41.164,72,cwpb-2m,0,2.0,57.203,-88.0,4,6.0,6205955.0,39.0,-46.0,-45.0,42.0,6610404.0,2547.0,65.0,2547.0,4.0,3,11.0,-50.0,45,36.88405636054762,19.321887854170797,2.2068915036507035,1206,452.803
2026-07-16T14:43:16.072000Z,8,-38,20.0,3.0,4,2.0,1.56418821846959,570512,23.465,12.074444444444444,49.273,72,cwpb-2m,0,2.0,51.585,-83.0,4,1.0,5949688.0,52.0,-47.0,-47.0,36.0,5929774.0,2792.0,58.5,2792.0,4.0,3,11.0,-42.0,29,31.86396481407437,23.81487130075705,2.5051025888924694,1166,341.114
2026-07-16T14:44:54.292000Z,8,-31,160.0,1.0,5,2.0,0.0048982963039873,4344,2.785,5.632222222222222,9.224,65,cwpb-2m,0,2.0,114.187,-75.0,3,0.0,8060647.0,117.0,-42.0,-42.0,34.0,8109304.0,9314.0,130.0,9314.0,4.0,4,11.0,-39.0,90,70.72489396564566,43.39541534870218,0.0862954592151222,42,3.646
2026-07-16T14:47:38.182000Z,8,-33,20.0,2.0,4,2.0,0.0097860813088189,4344,36.875,14.255555555555553,39.06,72,cwpb-2m,0,2.0,57.203,-84.0,4,6.0,7093322.0,19.5,-45.0,-46.0,39.0,7115906.0,2521.0,65.0,2521.0,4.0,3,11.0,-47.0,45,40.23715239332467,20.413279300754866,0.1291380547299374,63,403.097
2026-07-16T14:48:51.702000Z,8,-40,20.0,3.0,4,2.0,2.1561977656251745,880384,24.594,16.900000000000002,36.010000000000005,72,cwpb-2m,0,2.0,57.203,-84.0,3,1.0,6432672.0,52.0,-48.0,-48.0,37.0,6202475.0,2426.0,65.0,2426.0,4.0,3,11.0,-42.0,29,34.37610474762619,22.516394870265437,0.1325004732159757,63,358.122
2026-07-16T14:50:39.785000Z,8,-33,160.0,1.0,4,2.0,0.0029914242807297,2896,5.12,7.534444444444444,13.69,65,cwpb-2m,0,2.0,114.187,-80.0,4,0.0,7912297.0,117.0,-42.0,-41.0,39.0,8506917.0,8462.0,130.0,8462.0,4.0,3,11.0,-38.0,96,77.02775994753206,35.972032089144065,0.1327937270772733,63,3.124
2026-07-16T14:53:15.110000Z,8,-36,20.0,2.0,4,2.0,0.0062422392326115,2896,84.254,4.772222222222222,21.125,72,cwpb-2m,0,2.0,57.203,-86.0,3,1.0,6477744.0,39.0,-49.0,-48.0,37.0,7277766.0,3371.0,65.0,3371.0,4.0,3,11.0,-51.0,42,40.22107521726101,19.450819561551437,2.474676509447812,1180,467.969
2026-07-16T14:54:27.561000Z,8,-39,20.0,3.0,4,2.0,1.10667382050323,444536,32.455,12.5,31.87,72,cwpb-2m,0,2.0,57.203,-84.0,3,0.0,6542475.0,52.0,-48.0,-48.0,37.0,6114959.0,1841.0,65.0,1841.0,4.0,3,11.0,-43.0,48,35.21454632683658,24.62861854088774,2.684245041948396,1187,278.131
2026-07-16T14:56:24.548000Z,8,-39,160.0,1.0,3,2.0,0.0040458160729543,2896,1.604,6.807777777777778,11.57,65,cwpb-2m,0,2.0,114.187,-80.0,3,0.0,4965542.0,117.0,-42.0,-43.0,38.0,6717771.0,7967.0,130.0,7967.0,4.0,2,11.0,-40.0,79,57.12172252744292,18.006762754793087,5.318375874284676,2342,2.39
2026-07-16T14:58:51.289000Z,8,-35,20.0,2.0,4,2.0,0.0079202323209803,2896,29.005,12.199999999999998,35.64,72,cwpb-2m,0,2.0,57.203,-84.0,3,4.0,6443522.0,52.0,-47.0,-46.0,37.0,5870296.0,2208.0,65.0,2208.0,4.0,3,11.0,-38.0,30,31.83214539644498,18.003969212551805,2.619346595290023,1189,437.679
2026-07-16T15:00:03.258000Z,8,-35,20.0,3.0,4,2.0,1.1866869504451376,419920,15.976,29.4,50.32222222222222,72,cwpb-2m,0,2.0,57.203,-86.0,4,1.0,5884579.0,58.5,-44.0,-45.0,43.0,5179835.0,1043.0,65.0,1043.0,4.0,3,11.0,-43.0,48,30.186914034386245,24.334700386789645,4.21455938697318,2299,324.635
2026-07-16T15:02:09.435000Z,8,-27,160.0,1.0,3,2.0,0.0057675909399325,4344,2.972,5.610000000000001,11.253,65,cwpb-2m,0,2.0,114.187,-77.0,5,0.0,6516745.0,117.0,-39.0,-40.0,38.0,7909819.0,10947.0,130.0,10947.0,4.0,2,161.0,-37.0,91,57.99117772257667,36.94500853527723,0.0,0,4.997
2026-07-16T15:04:26.943000Z,8,-28,20.0,2.0,4,2.0,0.0095478201605651,4344,45.647,12.82222222222222,30.110000000000003,72,cwpb-2m,0,2.0,57.203,-85.0,3,8.0,7408039.0,52.0,-40.0,-39.0,45.0,7018236.0,2864.0,65.0,2864.0,4.0,3,161.0,-49.0,40,39.37920255693168,27.261124300990875,0.0862901403242043,42,260.186
2026-07-16T15:05:39.400000Z,8,-34,20.0,3.0,4,2.0,0.0095724972106659,4344,56.592,9.494444444444447,26.475,72,cwpb-2m,0,2.0,57.203,-84.0,4,11.0,6138645.0,52.0,-48.0,-45.0,36.0,6815735.0,2141.0,65.0,2141.0,4.0,3,11.0,-44.0,50,38.56831264367816,23.21759188451034,0.0771052486644269,42,438.668
2026-07-16T15:07:53.888000Z,8,-30,160.0,1.0,4,2.0,0.004255996212712,4344,4.794,6.881111111111111,10.143,65,cwpb-2m,0,2.0,114.187,-79.0,4,0.0,7824393.0,144.4,-41.0,-40.0,38.0,8742669.0,7842.0,130.0,7842.0,4.0,3,11.0,-37.0,86,81.19152930528143,46.14319484091302,0.0,0,8.184
2026-07-16T15:10:02.996000Z,8,-36,20.0,2.0,4,2.0,0.0094838315517818,4344,32.212,6.452222222222223,23.773000000000003,72,cwpb-2m,0,2.0,57.203,-87.0,4,13.0,7204305.0,52.0,-47.0,-46.0,40.0,7493116.0,3582.0,65.0,3582.0,4.0,3,8.0,-53.0,45,41.06721870316715,25.12859644970414,0.132289020011339,63,312.102
2026-07-16T15:11:15.094000Z,8,-41,20.0,3.0,4,2.0,0.0091186007532333,4344,64.372,14.377777777777778,31.090000000000003,72,cwpb-2m,0,2.0,57.203,-87.0,3,6.0,5867878.0,52.0,-49.0,-45.0,38.0,7220819.0,2492.0,65.0,2492.0,4.0,3,11.0,-44.0,50,41.07953148111133,23.442925278219395,0.0393008197028109,21,289.7
2026-07-16T15:13:38.657000Z,8,-29,160.0,1.0,3,2.0,0.0032474499444165,2896,2.533,5.834444444444444,7.951,65,cwpb-2m,0,2.0,114.187,-78.0,3,0.0,7819606.0,104.0,-40.0,-40.0,38.0,8509438.0,11168.0,130.0,11168.0,4.0,2,11.0,-36.0,90,71.12327924775538,34.25319837175825,0.0954220152220833,42,3.545
2026-07-16T15:15:39.035000Z,8,-35,20.0,2.0,4,2.0,0.0125376975141936,5792,33.199,16.95555555555556,39.93000000000001,72,cwpb-2m,0,2.0,57.203,-87.0,3,18.0,6177676.0,52.0,-48.0,-48.0,40.0,7211375.0,2714.0,65.0,2714.0,4.0,3,11.0,-50.0,39,39.402815910453725,22.11572314090504,0.0904431715405486,42,387.1
2026-07-16T15:16:50.697000Z,8,-39,20.0,3.0,4,2.0,1.6518766952079575,692144,15.399,12.83777777777778,31.076,72,cwpb-2m,0,2.0,57.203,-86.0,3,2.0,6552519.0,52.0,-48.0,-49.0,39.0,6472790.0,2566.0,65.0,2566.0,4.0,3,11.0,-44.0,48,36.04578235235335,27.67624687437984,0.0785692906315474,42,303.472
2026-07-16T15:19:24.078000Z,8,-33,160.0,1.0,3,2.0,0.0034817859792325,2896,1.776,8.91,17.191,58,cwpb-2m,0,2.0,114.187,-79.0,3,0.0,7654301.0,117.0,-41.0,-40.0,38.0,8418903.0,11669.0,130.0,11669.0,4.0,2,11.0,-37.0,97,66.17404078907312,42.89438707761986,0.106544901065449,42,4.442
2026-07-16T15:21:14.506000Z,8,-36,20.0,2.0,4,2.0,0.0099433940704409,4344,53.924,19.866666666666664,34.11,72,cwpb-2m,0,2.0,57.203,-85.0,4,5.0,6998712.0,52.0,-46.0,-43.0,39.0,6966561.0,2883.0,65.0,2883.0,4.0,3,11.0,-51.0,39,38.54904775224775,25.73956725725032,2.6602655861172897,1208,300.028
2026-07-16T15:22:27.182000Z,8,-40,20.0,3.0,4,2.0,0.917099238481556,359104,15.072,12.525555555555558,33.897,72,cwpb-2m,0,2.0,57.203,-83.0,4,0.0,6603692.0,58.5,-48.0,-49.0,36.0,6297890.0,2199.0,65.0,2199.0,4.0,3,11.0,-44.0,48,35.21454632683658,26.958346682487885,0.0736893817109972,42,339.067
2026-07-16T15:25:08.687000Z,8,-31,160.0,1.0,3,2.0,0.0032129141397511,2896,2.278,4.257777777777777,8.02,65,cwpb-2m,0,2.0,114.187,-78.0,3,0.0,5292132.0,144.4,-42.0,-41.0,36.0,8515133.0,11980.0,130.0,11980.0,4.0,2,11.0,-36.0,98,71.3773012141837,19.92019285824368,0.3872514368257675,126,2.19
2026-07-16T15:26:50.259000Z,8,-35,20.0,2.0,4,2.0,0.0095003498333239,4344,28.262,8.501111111111113,24.539,72,cwpb-2m,0,2.0,57.203,-87.0,3,1.0,6189364.0,52.0,-46.0,-45.0,41.0,7030097.0,3345.0,65.0,3345.0,4.0,3,11.0,-53.0,39,38.55289919072835,21.16449035322054,0.0822126959891949,42,412.448
2026-07-16T15:28:02.807000Z,8,-37,20.0,3.0,4,2.0,1.8042779103015156,764544,13.438,7.922222222222223,24.74,72,cwpb-2m,0,2.0,57.203,-85.0,3,1.0,7219120.0,58.5,-46.0,-45.0,39.0,6289802.0,1784.0,65.0,1784.0,4.0,3,11.0,-44.0,48,36.04938476913852,30.93236710369488,2.463952154678027,1203,292.604
2026-07-16T15:30:52.988000Z,8,-31,160.0,1.0,4,2.0,0.0047570884340987,4344,3.107,3.727777777777778,5.805,58,cwpb-2m,0,2.0,114.187,-80.0,3,0.0,8190538.0,144.4,-41.0,-42.0,39.0,8756339.0,13079.0,130.0,13079.0,4.0,3,11.0,-36.0,100,73.15901485281934,45.11831109389786,0.185582042728056,84,1.874
2026-07-16T15:32:29.740000Z,8,-38,20.0,2.0,4,2.0,0.0087187037872572,4344,30.212,7.4144444444444435,26.407,72,cwpb-2m,0,2.0,57.203,-81.0,3,2.0,8408366.0,6.5,-47.0,-45.0,34.0,7457912.0,3071.0,65.0,3071.0,4.0,3,161.0,-53.0,28,41.06721870316715,30.16437258208511,2.370719811301897,1186,292.108
2026-07-16T15:33:39.053000Z,8,-36,20.0,3.0,4,2.0,1.4410451206666492,590784,25.098,7.586666666666667,16.556,72,cwpb-2m,0,2.0,57.203,-88.0,4,12.0,8038339.0,39.0,-51.0,-51.0,38.0,6077432.0,2397.0,65.0,2397.0,4.0,3,11.0,-44.0,48,34.37610474762619,25.209630899596014,5.228614219011541,2374,307.037
2026-07-16T15:36:37.543000Z,8,-31,160.0,1.0,3,2.0,0.0046907506699955,3480,3.862,6.412222222222223,9.422,65,cwpb-2m,0,2.0,114.187,-80.0,3,0.0,6360806.0,144.4,-41.0,-42.0,38.0,7783316.0,13386.0,130.0,13386.0,4.0,2,11.0,-37.0,95,59.612021973321625,34.81850065814303,0.1433642818132168,63,3.484
2026-07-16T15:38:05.499000Z,8,-35,20.0,2.0,4,2.0,0.0057949540357692,2896,69.042,7.477777777777779,24.380000000000003,72,cwpb-2m,0,2.0,57.203,-89.0,3,0.0,7231055.0,52.0,-47.0,-47.0,42.0,7288287.0,2460.0,65.0,2460.0,4.0,3,11.0,-53.0,48,41.9137004097132,28.947778351539224,0.1428215184421119,63,310.879
2026-07-16T15:39:14.838000Z,8,-39,20.0,3.0,3,2.0,0.0091870151438554,4344,32.796,12.492222222222225,36.717,72,cwpb-2m,0,2.0,57.203,-86.0,4,11.0,7664562.0,58.5,-47.0,-44.0,39.0,7082652.0,2693.0,65.0,2693.0,4.0,2,11.0,-44.0,50,40.24519580209895,31.68344140741477,0.0695099548185293,42,273.01
2026-07-16T15:42:21.845000Z,8,-31,160.0,1.0,5,2.0,0.0044796990434233,4344,1.916,6.029999999999999,7.766,65,cwpb-2m,0,2.0,114.187,-82.0,3,0.0,8522670.0,144.4,-42.0,-40.0,40.0,8805037.0,13525.0,130.0,13525.0,4.0,4,11.0,-37.0,102,77.3819512197993,50.64186766885594,0.090740180616169,42,1.697
2026-07-16T15:43:41.799000Z,8,-35,20.0,2.0,4,2.0,0.0089326164867476,4344,26.671,7.373333333333333,26.447,72,cwpb-2m,0,2.0,57.203,-86.0,5,8.0,7402417.0,52.0,-47.0,-46.0,39.0,7287983.0,3124.0,65.0,3124.0,4.0,3,11.0,-50.0,42,40.233131894484416,29.778479319216306,0.0385398887848923,21,259.337
2026-07-16T15:44:50.456000Z,8,-41,20.0,3.0,3,2.0,0.0091436138424546,4344,31.782,8.274444444444445,22.913,72,cwpb-2m,0,2.0,57.203,-88.0,3,25.0,6919934.0,58.5,-48.0,-49.0,41.0,7389443.0,1766.0,65.0,1766.0,4.0,2,11.0,-44.0,50,42.76052053973014,30.304460820339656,0.1260226840831349,63,283.497
2026-07-16T15:48:06.998000Z,8,-31,160.0,1.0,3,2.0,0.0035891316730459,2896,3.471,2.846666666666667,9.054,58,cwpb-2m,0,2.0,114.187,-79.0,3,0.0,8667727.0,117.0,-40.0,-41.0,39.0,7726303.0,9941.0,130.0,9941.0,4.0,2,11.0,-37.0,95,64.59555055378769,45.676758727514354,0.0370494521973853,21,4.167
2026-07-16T15:49:17.286000Z,8,-33,20.0,2.0,4,2.0,0.005986807853898,2896,63.17,15.462222222222223,32.594,72,cwpb-2m,0,2.0,57.203,-87.0,3,9.0,7524033.0,52.0,-42.0,-41.0,45.0,7394989.0,1680.0,65.0,1680.0,4.0,3,11.0,-50.0,42,42.74770263788969,30.745444786800515,0.0951733514615907,42,274.61
2026-07-16T15:58:08.557000Z,8,-42,160.0,1.0,1,10.0,0.0092324234550483,2896,5.803,3.966888888888888,6.2389,39,cwpb-10m,1,2.0,68.226,-81.0,3,0.0,8707765.0,104.0,-54.0,-55.0,27.0,10951575.0,23460.0,78.0,23447.0,4.0,0,7.0,-39.0,100,25.03474459105666,9.573899227551678,0.1943964453221426,63,4.935
2026-07-16T15:59:31.403000Z,8,-59,20.0,3.0,4,10.0,0.4221074517303176,18824,135.059,52.82666666666667,51.956,72,cwpb-10m,0,2.0,5.242,-82.0,4,4.0,3773145.0,6.5,-64.0,-63.0,18.0,8462453.0,6124.0,6.0,6094.0,4.0,3,11.0,-50.0,50,4.611889644142343,2.577367023891456,0.0842882658692729,42,843.439
2026-07-16T16:01:47.947000Z,8,-52,20.0,2.0,3,10.0,0.0674063094859351,10136,108.541,21.4,51.17,72,cwpb-10m,1,2.0,16.703,-85.0,3,10.0,9901825.0,19.5,-60.0,-61.0,26.0,7818823.0,10302.0,19.5,10300.0,4.0,2,3.0,-46.0,49,14.249234212629895,6.001915326162044,0.0,0,1804.197
2026-07-16T16:04:14.795000Z,8,-45,160.0,1.0,2,10.0,0.0280711039942826,6008,2.566,4.9366666666666665,9.004,26,cwpb-10m,1,2.0,45.93,-83.0,4,0.0,7421731.0,78.0,-54.0,-54.0,30.0,9015881.0,18294.0,52.0,18293.0,4.0,1,7.0,-40.0,102,17.396939755581062,14.304857636182517,0.3024280653244621,105,4.129
2026-07-16T16:07:08.614000Z,8,-52,20.0,3.0,4,10.0,0.043959958387811,8688,38.064,8.637777777777776,28.091,72,cwpb-10m,0,2.0,5.742,-87.0,4,12.0,5435984.0,26.0,-57.0,-55.0,30.0,16150257.0,14274.0,6.5,14268.0,4.0,3,11.0,-50.0,50,17.61255428914217,9.982517617037985,0.0976789618121773,42,890.83
2026-07-16T16:08:20.195000Z,8,-45,160.0,1.0,1,10.0,0.0257652529229683,5792,2.283,9.813333333333333,10.137,26,cwpb-10m,1,2.0,22.546,-81.0,4,0.0,5203679.0,52.0,-54.0,-53.0,27.0,8808103.0,16595.0,26.0,16594.0,4.0,0,7.0,-42.0,105,17.11740568152881,8.61409068100204,0.1701277308201236,63,10.667
2026-07-16T16:09:42.592000Z,8,-45,20.0,2.0,3,10.0,0.0443912512446718,5792,62.027,18.53333333333333,42.63000000000001,72,cwpb-10m,1,2.0,51.585,-85.0,4,17.0,7761011.0,19.5,-58.0,-57.0,27.0,6519058.0,9765.0,58.5,9764.0,4.0,2,11.0,-41.0,42,12.572853717026378,7.251562932226832,2.264808362369338,1209,1112.425
2026-07-16T16:12:45.537000Z,8,-50,20.0,3.0,4,10.0,0.0394602448933319,5792,40.511,9.766666666666666,36.46,72,cwpb-10m,1,2.0,45.234,-87.0,3,2.0,5085608.0,26.0,-56.0,-52.0,31.0,6294578.0,10817.0,52.0,10817.0,4.0,3,11.0,-50.0,50,14.25493162734906,10.263051776451013,0.0882427094713841,42,660.283
2026-07-16T16:14:05.603000Z,8,-47,160.0,1.0,1,10.0,0.0258786036134251,5792,5.665,11.768888888888888,18.0465,26,cwpb-10m,1,2.0,68.226,-82.0,4,0.0,5893059.0,52.0,-54.0,-53.0,27.0,9802444.0,17236.0,78.0,17235.0,4.0,0,7.0,-41.0,92,17.704178204330635,7.716331955878268,0.1773161927680324,84,1.656
2026-07-16T16:18:21.904000Z,8,-52,20.0,3.0,1,10.0,0.125006733788146,7240,47.143,28.63333333333334,54.8,72,cwpb-10m,1,2.0,16.703,-90.0,4,1.0,1830426.0,19.5,-63.0,-63.0,27.0,5805872.0,3026.0,19.5,3026.0,4.0,0,3.0,-49.0,53,5.450415033986405,2.780003142183818,0.106542198320692,42,167.23
2026-07-16T16:19:52.097000Z,8,-44,160.0,1.0,2,10.0,0.0275652428178074,7240,4.932,6.072222222222222,9.504,52,cwpb-10m,1,2.0,11.273,-85.0,4,1.0,6964712.0,58.5,-56.0,-57.0,29.0,9527341.0,17249.0,13.0,17247.0,4.0,1,11.0,-38.0,112,21.05605812824485,13.813348275222294,0.4930927875396235,126,2.504
2026-07-16T16:24:04.358000Z,8,-56,20.0,3.0,1,10.0,0.7550327714359415,70952,66.833,19.13222222222222,33.471,72,cwpb-10m,1,2.0,34.187,-87.0,4,3.0,3147062.0,19.5,-63.0,-64.0,24.0,5892921.0,7448.0,39.0,7448.0,4.0,0,3.0,-49.0,53,8.385253898440624,2.87084462696783,4.328623561336203,2313,1345.614
2026-07-16T16:24:08.589000Z,8,-48,20.0,2.0,4,10.0,0.0946735245401447,4344,30.02,26.1,39.85,72,cwpb-10m,1,2.0,34.187,-89.0,5,16.0,5899104.0,19.5,-61.0,-62.0,28.0,4430954.0,3984.0,39.0,3982.0,4.0,3,3.0,-44.0,61,4.19137004097132,4.292533130236101,2.135740628612319,1164,937.572
2026-07-16T16:25:37.799000Z,8,-43,160.0,1.0,4,10.0,0.0214525701156809,5792,4.046,3.841111111111111,6.367,39,cwpb-10m,1,2.0,68.226,-84.0,5,6.0,5423948.0,78.0,-53.0,-54.0,30.0,9075473.0,19365.0,78.0,19364.0,4.0,3,7.0,-38.0,103,21.415579931111505,11.0905670993012,0.2078487652793586,84,3.175
2026-07-16T16:28:43.875000Z,8,-46,20.0,2.0,3,10.0,0.031612941162087,4344,111.109,30.0,59.970000000000006,72,cwpb-10m,1,2.0,5.242,-87.0,4,14.0,7263254.0,6.5,-63.0,-62.0,24.0,7029785.0,9279.0,6.0,9279.0,4.0,2,3.0,-44.0,52,11.73466346922462,4.870350034588398,2.455227613806904,1227,1908.725
2026-07-16T16:31:00.427000Z,8,-48,20.0,2.0,2,10.0,0.1268716291205046,13032,42.877,61.01111111111111,97.43,72,cwpb-10m,1,2.0,34.187,-87.0,5,1.0,6849528.0,19.5,-61.0,-59.0,26.0,6968510.0,8394.0,39.0,8394.0,4.0,1,3.0,-47.0,47,9.219171545608951,8.586405682715075,6.924218718658483,3452,1223.541
2026-07-16T16:37:14.517000Z,8,-49,20.0,2.0,3,10.0,0.0692604060070146,10136,79.637,29.922222222222224,61.220000000000006,72,cwpb-10m,1,2.0,5.742,-89.0,5,4.0,8416562.0,26.0,-61.0,-60.0,28.0,11983816.0,14263.0,6.5,14260.0,4.0,2,7.0,-45.0,50,13.409704066340293,4.79166488956588,2.408745970406263,1203,1585.746
2026-07-16T16:38:35.632000Z,8,-52,20.0,3.0,4,10.0,0.0315265650501028,4344,45.162,33.7125,77.63333333333334,72,cwpb-10m,1,2.0,22.617,-87.0,4,4.0,8058954.0,19.5,-59.0,-57.0,28.0,6929021.0,10052.0,26.0,10048.0,4.0,3,11.0,-41.0,60,12.577880847660936,7.157161341378969,0.0430901815943367,21,1203.246
2026-07-16T16:39:58.754000Z,8,-48,160.0,1.0,1,10.0,0.0124245289948006,4344,2.987,24.6,23.699,52,cwpb-10m,1,2.0,45.93,-81.0,5,10.0,7261009.0,39.0,-52.0,-52.0,29.0,11031964.0,27523.0,52.0,27520.0,4.0,0,11.0,-41.0,101,28.105631758212688,14.26008681920763,0.3775620280474649,105,5.371
2026-07-16T16:42:50.477000Z,8,-54,20.0,2.0,1,10.0,0.1612973295712142,11584,63.054,17.288888888888888,45.9,72,cwpb-10m,1,2.0,16.703,-88.0,4,21.0,3682928.0,19.5,-59.0,-59.0,29.0,7972096.0,4756.0,19.5,4752.0,4.0,0,11.0,-39.0,34,6.706192065554112,2.8370014494154026,0.0337778063727461,21,69.519
2026-07-16T16:44:20.344000Z,8,-52,20.0,3.0,1,10.0,0.9530476983649644,102808,52.45,101.57777777777778,123.83,72,cwpb-10m,1,2.0,16.703,-83.0,3,9.0,6839797.0,13.0,-59.0,-59.0,25.0,5714066.0,8199.0,19.5,8195.0,4.0,0,11.0,-45.0,37,9.223779288284684,6.31547551342812,0.0516846742634933,21,1419.306
2026-07-16T16:45:43.369000Z,8,-41,160.0,1.0,2,10.0,0.0042825113593022,1448,3.124,6.707777777777778,8.547,39,cwpb-10m,1,2.0,45.93,-82.0,4,1.0,5060124.0,78.0,-51.0,-49.0,31.0,7797172.0,16805.0,52.0,16805.0,4.0,1,7.0,-38.0,101,27.21249905144396,8.013563023268777,0.0983952208035609,42,3.603
2026-07-16T16:48:30.230000Z,8,-54,20.0,2.0,4,10.0,0.4078321804375747,20272,54.844,57.2,58.43000000000001,72,cwpb-10m,1,2.0,11.304,-82.0,3,19.0,6607038.0,6.5,-64.0,-65.0,18.0,6938025.0,5137.0,13.0,5137.0,4.0,3,11.0,-44.0,36,4.599934596211366,4.163907475429365,5.050809507406131,2346,2040.084
2026-07-16T16:50:04.390000Z,8,-52,20.0,3.0,1,10.0,0.2600117077094908,11584,54.91,34.17888888888889,64.599,72,cwpb-10m,1,2.0,11.304,-83.0,3,15.0,3233928.0,6.5,-58.0,-59.0,26.0,4383340.0,3128.0,13.0,3126.0,4.0,0,11.0,-45.0,37,4.192207896051974,2.1957616600038072,0.0,0,1990.776
2026-07-16T16:51:29.779000Z,8,-43,160.0,1.0,3,10.0,0.0095003822460425,2896,2.665,11.033333333333331,21.811,39,cwpb-10m,1,2.0,45.93,-78.0,4,3.0,5275518.0,52.0,-53.0,-53.0,25.0,8047448.0,14107.0,52.0,14107.0,4.0,2,11.0,-37.0,96,23.762484188930262,15.317583446275126,0.1559637569936129,63,2.779
2026-07-16T16:54:07.161000Z,8,-52,20.0,2.0,4,10.0,0.1655270802913032,8688,263.106,19.01333333333333,35.818000000000005,72,cwpb-10m,1,2.0,5.242,-87.0,5,76.0,3292341.0,6.5,-65.0,-65.0,23.0,6486859.0,4827.0,6.0,4821.0,4.0,3,7.0,-44.0,54,5.029141486810552,2.173107273265568,4.504132231404959,2289,366.078
2026-07-16T16:55:41.796000Z,8,-54,20.0,3.0,2,10.0,1.032869207943392,97016,32.485,19.823333333333338,38.329,72,cwpb-10m,1,2.0,11.304,-89.0,5,6.0,3444602.0,13.0,-59.0,-60.0,30.0,5039870.0,5084.0,13.0,5084.0,4.0,1,11.0,-42.0,49,8.385253898440624,3.829126273303863,0.0,0,573.534
2026-07-16T16:57:15.372000Z,8,-42,160.0,1.0,4,10.0,0.0157227855737796,5792,2.764,5.6433333333333335,12.242,52,cwpb-10m,1,2.0,68.226,-80.0,3,6.0,4131319.0,117.0,-52.0,-53.0,28.0,8750240.0,21283.0,78.0,21283.0,4.0,3,11.0,-38.0,95,28.655718449679583,11.141584092708506,0.2275004739593207,84,8.541
2026-07-16T16:59:43.125000Z,8,-50,20.0,2.0,3,10.0,0.107601287886354,7240,81.868,33.91111111111111,50.89999999999999,72,cwpb-10m,1,2.0,16.703,-85.0,4,31.0,5103317.0,13.0,-63.0,-63.0,23.0,6928471.0,6393.0,19.5,6368.0,4.0,2,3.0,-45.0,52,6.2870550614569805,2.45233131943091,0.0934537848782875,42,117.773
2026-07-16T17:01:22.788000Z,8,-51,20.0,3.0,2,10.0,0.5697026191067073,37648,132.594,33.67777777777778,50.2,72,cwpb-10m,1,2.0,5.242,-83.0,6,4.0,5088210.0,13.0,-59.0,-58.0,25.0,5156605.0,6104.0,6.0,6096.0,4.0,1,11.0,-42.0,49,5.869091054472763,2.9939354715903685,0.1064800730149072,42,2276.2
2026-07-16T17:03:00.620000Z,8,-47,160.0,1.0,1,10.0,0.0101426129836653,2896,3.87,16.68888888888889,19.889,39,cwpb-10m,1,2.0,51.585,-80.0,4,4.0,4099547.0,52.0,-52.0,-52.0,28.0,7301443.0,11166.0,58.5,11163.0,4.0,0,11.0,-36.0,84,22.918620492840414,9.547633020658552,0.2671211967029612,105,5.371
2026-07-16T17:05:20.705000Z,8,-51,20.0,2.0,2,10.0,0.0753042593711678,5792,79.356,64.03333333333333,82.32,72,cwpb-10m,1,2.0,11.304,-80.0,5,47.0,3087484.0,6.5,-63.0,-63.0,17.0,7048688.0,4775.0,13.0,4774.0,4.0,1,3.0,-45.0,51,6.706192065554112,1.5198222050439656,0.0370233246945575,21,1581.691
2026-07-16T17:07:02.413000Z,8,-52,20.0,3.0,1,10.0,0.0637513252174648,4344,47.891,45.58555555555556,46.993,72,cwpb-10m,1,2.0,5.742,-86.0,5,4.0,4197158.0,19.5,-58.0,-59.0,27.0,6426338.0,4403.0,6.5,4403.0,4.0,0,11.0,-43.0,46,5.870264520643807,2.981537797823316,5.590404408785153,3449,1375.875
2026-07-16T17:08:49.432000Z,8,-43,160.0,1.0,1,10.0,0.0282609926088136,5792,4.445,10.846666666666668,14.477,58,cwpb-10m,1,2.0,45.93,-84.0,3,4.0,3067238.0,52.0,-52.0,-52.0,32.0,6014805.0,11513.0,52.0,11513.0,4.0,0,11.0,-40.0,106,14.38576781286283,3.4170678803971986,2.8773346794548207,1197,3.701
2026-07-16T17:11:01.789000Z,8,-51,20.0,2.0,4,10.0,0.1290997491708372,4344,111.121,65.275,153.15555555555557,72,cwpb-10m,1,2.0,5.742,-80.0,3,44.0,2026521.0,6.5,-62.0,-63.0,18.0,5074828.0,2832.0,6.5,2831.0,4.0,3,7.0,-43.0,58,3.1435275307284902,1.6972095591735694,6.175906672787664,2287,3641.782
2026-07-16T17:12:42.085000Z,8,-51,20.0,3.0,1,10.0,0.0509063295411399,2896,59.333,51.31000000000001,91.651,72,cwpb-10m,1,2.0,5.742,-85.0,4,8.0,3831589.0,13.0,-60.0,-61.0,25.0,6076068.0,3739.0,6.5,3737.0,4.0,0,11.0,-43.0,46,5.449325604637218,2.581682095725822,3.9578861980971056,2342,1101.19
2026-07-16T17:14:35.067000Z,8,-50,160.0,1.0,2,10.0,0.0133923880921692,4344,3.851,2.942222222222222,5.416,39,cwpb-10m,1,2.0,45.93,-80.0,5,0.0,5187623.0,78.0,-51.0,-53.0,28.0,8905389.0,13034.0,52.0,13034.0,4.0,1,7.0,-39.0,99,26.27025655544454,17.66714535633205,0.0,0,6.272
2026-07-16T17:16:40.877000Z,8,-50,20.0,2.0,3,10.0,0.0469279073264574,4344,109.21,15.11111111111111,41.66,72,cwpb-10m,1,2.0,16.703,-86.0,5,13.0,6435794.0,13.0,-62.0,-63.0,24.0,7328162.0,6108.0,19.5,6108.0,4.0,2,7.0,-45.0,50,8.381902478017587,5.002648643276016,3.955546547763816,2342,793.53
2026-07-16T17:18:18.422000Z,8,-50,20.0,3.0,1,10.0,0.2148393452741278,8688,47.632,17.099999999999998,47.6,72,cwpb-10m,1,2.0,5.742,-86.0,4,5.0,2253022.0,13.0,-58.0,-58.0,28.0,5111750.0,1670.0,6.5,1669.0,4.0,0,11.0,-43.0,60,3.772987106446777,2.2433795584946026,0.1010611419909045,42,262.294
2026-07-16T17:20:20.886000Z,8,-45,160.0,1.0,2,10.0,0.0193378857494205,5792,3.945,5.107777777777778,7.05,39,cwpb-10m,1,2.0,68.226,-81.0,6,0.0,7532244.0,78.0,-53.0,-53.0,28.0,8675891.0,19850.0,78.0,19849.0,4.0,1,7.0,-41.0,99,23.351741937098826,15.755335654153637,0.0985175455057234,42,7.606
2026-07-16T17:22:19.188000Z,8,-53,20.0,2.0,4,10.0,0.2339328670831576,11584,104.146,16.87777777777778,47.83,72,cwpb-10m,1,2.0,5.242,-84.0,4,10.0,4291806.0,13.0,-65.0,-65.0,19.0,7368134.0,6177.0,6.0,6157.0,4.0,3,11.0,-44.0,50,4.610507045068452,2.66032162373146,0.0,0,179.562
2026-07-16T17:23:57.193000Z,8,-50,20.0,3.0,1,10.0,0.0958261110799338,7240,53.131,22.863333333333333,52.64300000000001,72,cwpb-10m,1,2.0,34.187,-88.0,4,3.0,5717386.0,6.5,-57.0,-58.0,30.0,6722978.0,4015.0,39.0,4015.0,4.0,0,11.0,-43.0,60,6.708203118752499,4.452332181297521,0.034981343283582,21,344.99
2026-07-16T17:26:06.318000Z,8,-46,160.0,1.0,2,10.0,0.0098281138899213,2896,5.038,3.187777777777778,5.375,39,cwpb-10m,1,2.0,68.226,-80.0,3,0.0,7486397.0,78.0,-51.0,-50.0,29.0,7856262.0,18476.0,78.0,18476.0,4.0,1,7.0,-42.0,102,23.84295440613012,17.315744736547728,0.1102506890668066,42,3.657
2026-07-16T17:28:07.163000Z,8,-54,20.0,2.0,3,10.0,0.2980264860160421,10136,77.936,47.488888888888894,88.34,72,cwpb-10m,1,2.0,5.242,-79.0,3,53.0,5483165.0,6.5,-61.0,-60.0,18.0,7189043.0,5064.0,6.0,5044.0,4.0,2,11.0,-43.0,45,3.1425854145854144,2.9098243805748267,2.422726986194869,1153,1907.414
2026-07-16T17:29:34.890000Z,8,-48,20.0,3.0,1,10.0,0.4386310349632555,17376,123.689,38.016666666666666,40.845,72,cwpb-10m,1,2.0,22.617,-85.0,3,39.0,2491015.0,6.5,-56.0,-57.0,29.0,4304722.0,2619.0,26.0,2619.0,4.0,0,11.0,-43.0,60,4.191788926644014,1.3064489170021083,0.0,0,114.938
2026-07-16T17:31:51.206000Z,8,-42,160.0,1.0,2,10.0,0.0091320929495701,2896,3.286,6.373333333333334,6.6610000000000005,39,cwpb-10m,1,2.0,90.195,-81.0,4,0.0,6146209.0,78.0,-52.0,-50.0,29.0,7955032.0,19047.0,104.0,19047.0,4.0,1,11.0,-42.0,99,24.844749502864065,15.817279694692932,0.151258688371088,42,9.325
2026-07-16T17:33:46.142000Z,8,-52,20.0,2.0,1,10.0,0.2065557681554151,8688,101.645,84.24444444444444,88.62,72,cwpb-10m,1,2.0,5.242,-84.0,3,30.0,3761760.0,6.5,-64.0,-64.0,20.0,6966942.0,5466.0,6.0,5448.0,4.0,0,7.0,-44.0,47,3.772233036874188,2.264965341188021,2.7853815492484277,1160,358.43
2026-07-16T17:35:13.762000Z,8,-53,20.0,3.0,1,10.0,0.2262922122011221,18824,37.618,29.744444444444444,53.36,72,cwpb-10m,1,2.0,22.617,-84.0,5,13.0,4612727.0,26.0,-60.0,-59.0,25.0,6649200.0,5210.0,26.0,5210.0,4.0,0,7.0,-48.0,45,8.385253898440624,3.5826005466614603,2.541899441340782,1183,2745.89
2026-07-16T17:37:36.448000Z,8,-41,160.0,1.0,1,10.0,0.0080665377951834,2896,3.682,14.397777777777778,17.776,52,cwpb-10m,1,2.0,45.93,-80.0,3,0.0,5832287.0,52.0,-52.0,-51.0,28.0,8550482.0,19013.0,52.0,19013.0,4.0,0,7.0,-40.0,89,28.78587518221552,13.818461870110356,0.1606855918585966,63,4.558
2026-07-16T17:39:25.631000Z,8,-53,20.0,2.0,3,10.0,0.1595005957038823,7240,85.979,64.77777777777777,133.41,72,cwpb-10m,1,2.0,5.242,-86.0,3,10.0,5055377.0,6.5,-63.0,-63.0,22.0,6782685.0,5391.0,6.0,5390.0,4.0,2,7.0,-44.0,51,4.19137004097132,2.988570417690417,0.0349574684134303,21,441.628
2026-07-16T17:40:50.263000Z,8,-55,20.0,3.0,1,10.0,0.1069866414469795,5792,148.963,100.83333333333331,118.11,72,cwpb-10m,1,2.0,22.617,-85.0,4,14.0,2652590.0,13.0,-59.0,-59.0,26.0,4454891.0,3646.0,26.0,3646.0,4.0,0,7.0,-48.0,45,5.029644049165584,2.2953505282192825,0.0,0,225.044
2026-07-16T17:43:22.518000Z,8,-42,160.0,1.0,1,10.0,0.0187857064645144,5792,3.89,18.19,20.586,26,cwpb-10m,1,2.0,45.93,-82.0,4,0.0,5403003.0,39.0,-51.0,-51.0,31.0,7786440.0,17485.0,52.0,17481.0,4.0,0,1.0,-44.0,91,25.0015997841022,11.318543971749111,0.202136875541438,84,2.442
2026-07-16T17:45:11.007000Z,8,-54,20.0,2.0,2,10.0,0.0818534145536275,5792,55.401,40.55555555555556,63.17,72,cwpb-10m,1,2.0,11.304,-84.0,3,5.0,7362380.0,6.5,-63.0,-62.0,21.0,7707285.0,6820.0,13.0,6815.0,4.0,1,3.0,-43.0,43,6.2870550614569805,3.5187114093959733,5.260169433782281,2316,3240.967
2026-07-16T17:46:34.187000Z,8,-54,20.0,3.0,1,10.0,1.5459229369996583,107152,69.484,59.78888888888888,71.8,72,cwpb-10m,1,2.0,16.703,-78.0,3,7.0,6056248.0,13.0,-59.0,-60.0,19.0,4995522.0,5998.0,19.5,5996.0,4.0,0,7.0,-48.0,37,6.288311844077961,3.6864,0.0753971815815456,42,2840.527
2026-07-16T17:49:07.205000Z,8,-42,160.0,1.0,3,10.0,0.0100007385444118,4344,2.853,4.26,7.096,39,cwpb-10m,1,2.0,90.195,-82.0,5,0.0,6448827.0,78.0,-51.0,-51.0,31.0,8799969.0,27141.0,104.0,27141.0,4.0,2,7.0,-43.0,99,34.78474660747525,20.85650069359829,0.2588996763754045,84,3.725
2026-07-16T17:50:48.829000Z,8,-53,20.0,2.0,3,10.0,0.093183018656167,7240,64.788,47.20222222222223,62.59800000000001,72,cwpb-10m,1,2.0,16.703,-87.0,5,1.0,6236310.0,13.0,-64.0,-64.0,23.0,7435150.0,7165.0,19.5,7157.0,4.0,2,7.0,-45.0,51,6.705521982414068,4.56173067035792,2.7349831532473567,1177,1947.831
2026-07-16T17:52:13.243000Z,8,-51,20.0,3.0,1,10.0,0.6149402160331411,65160,45.112,24.57777777777778,59.58999999999999,72,cwpb-10m,1,2.0,22.617,-84.0,4,0.0,6221750.0,19.5,-58.0,-58.0,26.0,7107833.0,7618.0,26.0,7618.0,4.0,0,7.0,-48.0,37,9.22193563861683,8.263824253768101,0.0,0,947.932
2026-07-16T17:54:53.152000Z,8,-44,160.0,1.0,3,10.0,0.0135246106817524,4344,3.433,33.67333333333333,31.382,39,cwpb-10m,1,2.0,68.226,-81.0,4,0.0,6635166.0,58.5,-51.0,-51.0,30.0,7868276.0,17185.0,78.0,17185.0,4.0,2,1.0,-42.0,96,24.30574486663315,9.468708014471211,0.4846657152858181,180,8.175
2026-07-16T17:56:31.429000Z,8,-53,20.0,2.0,2,10.0,0.1432738469819482,8688,35.822,29.100000000000005,53.98,72,cwpb-10m,1,2.0,5.742,-83.0,4,3.0,7381417.0,19.5,-64.0,-67.0,19.0,8691153.0,5936.0,6.5,5931.0,4.0,1,11.0,-44.0,30,5.448236610711431,3.940066053594384,0.0882927957283104,42,2832.659
2026-07-16T17:57:52.133000Z,8,-51,20.0,3.0,1,10.0,0.6135149548507227,65160,26.332,30.533333333333346,69.26,72,cwpb-10m,1,2.0,22.617,-84.0,3,1.0,5612896.0,13.0,-58.0,-59.0,26.0,7089759.0,6200.0,26.0,6200.0,4.0,0,7.0,-48.0,37,9.222857371314342,5.72992349726776,3.937606678721714,2330,1084.329
2026-07-16T18:00:37.650000Z,8,-41,160.0,1.0,2,10.0,0.0111074972538093,4344,5.017,6.886666666666667,10.832,26,cwpb-10m,1,2.0,45.93,-73.0,3,0.0,6022851.0,78.0,-51.0,-51.0,22.0,8584278.0,16230.0,52.0,16226.0,4.0,1,7.0,-38.0,99,31.819469966408843,12.06679024602648,0.1343527078468379,42,2.299
2026-07-16T18:02:08.108000Z,8,-53,20.0,2.0,3,10.0,0.1415035336794045,5792,109.844,25.488888888888884,60.53,72,cwpb-10m,1,2.0,5.742,-86.0,4,20.0,5611443.0,6.5,-64.0,-65.0,22.0,8980348.0,5159.0,6.5,5155.0,4.0,2,7.0,-44.0,50,3.772233036874188,3.266909940609483,0.0,0,166.287
2026-07-16T18:03:30.086000Z,8,-51,20.0,3.0,1,10.0,1.0010622255984982,98464,33.499,22.55555555555556,42.26,72,cwpb-10m,1,2.0,22.617,-85.0,4,4.0,6314916.0,19.5,-59.0,-59.0,27.0,6310136.0,8759.0,26.0,8759.0,4.0,0,7.0,-48.0,54,10.062304678128749,5.839651392281388,4.098966026587888,2331,1514.036
2026-07-16T18:06:24.458000Z,8,-44,160.0,1.0,2,10.0,0.0071901621103483,2896,2.711,16.09777777777778,13.468,39,cwpb-10m,1,2.0,68.226,-80.0,5,0.0,6768193.0,39.0,-51.0,-50.0,29.0,8078772.0,22378.0,78.0,22378.0,4.0,1,7.0,-37.0,97,31.579644418589496,8.521060263744477,0.3773584905660377,105,3.053
2026-07-16T18:07:46.863000Z,8,-50,20.0,2.0,4,10.0,0.0697017841896328,10136,61.973,28.41111111111111,50.00000000000001,72,cwpb-10m,1,2.0,34.187,-87.0,4,9.0,8712768.0,13.0,-60.0,-60.0,27.0,7462668.0,12691.0,39.0,12691.0,4.0,3,7.0,-42.0,46,13.411043964828137,6.965555423359112,0.212443095599393,84,1474.621
2026-07-16T18:09:07.936000Z,8,-50,20.0,3.0,1,10.0,2.8278765544397237,406888,27.568,21.056666666666665,57.50899999999999,72,cwpb-10m,1,2.0,34.187,-85.0,4,2.0,5277453.0,26.0,-56.0,-54.0,29.0,6047121.0,6864.0,39.0,6864.0,4.0,0,7.0,-48.0,54,12.577880847660936,8.762473537604457,2.3015069618198143,1205,671.178
2026-07-16T18:12:09.189000Z,8,-44,160.0,1.0,2,10.0,0.0134760086097548,4344,2.983,2.6866666666666665,5.457,39,cwpb-10m,1,2.0,45.93,-80.0,4,0.0,6634579.0,58.5,-52.0,-51.0,28.0,8704528.0,12777.0,52.0,12777.0,4.0,1,7.0,-37.0,99,25.976065200221715,15.7414861701646,0.2137023939756277,84,3.267
2026-07-16T18:13:25.652000Z,8,-50,20.0,2.0,4,10.0,0.0626976187375124,7240,48.855,19.166666666666668,51.58,72,cwpb-10m,1,2.0,22.617,-86.0,5,4.0,7448673.0,13.0,-60.0,-60.0,26.0,6853539.0,9410.0,26.0,9410.0,4.0,3,3.0,-44.0,50,10.058282973621104,6.116261393969353,0.1392634510809496,63,1927.986
2026-07-16T18:14:46.022000Z,8,-48,20.0,3.0,2,10.0,0.039667929027281,4344,82.905,69.61111111111111,81.37,72,cwpb-10m,1,2.0,22.617,-82.0,4,0.0,3368311.0,19.5,-57.0,-58.0,24.0,6782601.0,5039.0,26.0,5038.0,4.0,1,3.0,-48.0,42,10.897562106525433,4.650691898285039,2.264851722091398,1183,581.826
2026-07-16T18:17:55.743000Z,8,-44,160.0,1.0,1,10.0,0.0280155509525093,5792,2.373,6.431111111111112,11.299,52,cwpb-10m,1,2.0,11.273,-77.0,5,0.0,5054072.0,13.0,-51.0,-53.0,26.0,7933029.0,8925.0,13.0,8925.0,4.0,0,7.0,-37.0,82,17.291599745509245,9.753394948792824,4.255759415091736,1234,3.98
2026-07-16T18:19:09.931000Z,8,-47,20.0,2.0,1,10.0,0.0481998295696634,5792,26.966,31.688888888888886,55.73,72,cwpb-10m,1,2.0,22.617,-86.0,3,9.0,5248165.0,6.5,-61.0,-60.0,25.0,6261688.0,9146.0,26.0,9146.0,4.0,0,7.0,-43.0,39,10.896473221422864,2.77455429243434,2.0675930328807173,1174,2083.632
2026-07-16T18:20:24.615000Z,8,-50,20.0,3.0,2,10.0,1.965396499036128,111496,24.878,35.288888888888884,88.29,72,cwpb-10m,1,2.0,22.617,-82.0,4,9.0,4451683.0,13.0,-59.0,-59.0,25.0,3266681.0,4951.0,26.0,4950.0,4.0,1,3.0,-48.0,42,5.0306494752623685,3.782889235569423,2.96849564301446,1240,425.402
2026-07-16T18:23:41.349000Z,8,-44,160.0,1.0,2,10.0,0.0150377563999777,4344,2.242,5.111111111111112,8.952,26,cwpb-10m,1,2.0,68.226,-81.0,3,0.0,5730186.0,52.0,-53.0,-53.0,28.0,8714736.0,15830.0,78.0,15829.0,4.0,1,7.0,-39.0,91,23.185003932099224,11.97068484641866,0.2833319841334089,105,6.632
2026-07-16T18:24:49.419000Z,8,-50,20.0,2.0,4,10.0,0.0519230162395687,4344,86.143,42.52444444444445,69.75800000000001,72,cwpb-10m,1,2.0,16.703,-86.0,3,3.0,5639103.0,13.0,-62.0,-61.0,24.0,6690983.0,5666.0,19.5,5665.0,4.0,3,7.0,-44.0,45,7.544466073748376,3.111809278860421,2.363497977005969,1180,1305.674
2026-07-16T18:26:02.257000Z,8,-51,20.0,3.0,3,10.0,0.0277685514251326,5792,73.414,27.587777777777774,53.051,72,cwpb-10m,1,2.0,16.703,-86.0,3,9.0,6125008.0,13.0,-59.0,-60.0,27.0,7777040.0,11919.0,19.5,11917.0,4.0,2,3.0,-47.0,36,18.44755857656937,4.046953389411183,9.652021557364325,4352,587.979
2026-07-16T18:29:26.110000Z,8,-42,160.0,1.0,1,10.0,0.0162894885100607,4344,2.304,12.06222222222222,10.689,52,cwpb-10m,1,2.0,68.226,-80.0,3,0.0,5355089.0,104.0,-52.0,-53.0,28.0,7565471.0,13219.0,78.0,13219.0,4.0,0,7.0,-39.0,89,21.825069569613014,10.828850817401689,0.2345713487852555,84,2.95
2026-07-16T18:30:28.356000Z,8,-50,20.0,2.0,3,10.0,0.0837195533723716,8688,36.392,30.25555555555555,41.8,72,cwpb-10m,1,2.0,5.742,-86.0,3,20.0,2939684.0,6.5,-64.0,-65.0,23.0,5910346.0,7982.0,6.5,7982.0,4.0,2,7.0,-44.0,48,9.221014090136904,2.0819537377146826,7.797311704329285,3730,948.992
2026-07-16T18:31:47.007000Z,8,-49,20.0,3.0,3,10.0,0.0282374819030502,2896,97.309,72.0777777777778,91.28,72,cwpb-10m,1,2.0,22.617,-83.0,3,30.0,3069781.0,13.0,-57.0,-56.0,26.0,5333568.0,7453.0,26.0,7449.0,4.0,2,3.0,-47.0,36,9.223779288284684,2.19555267916627,7.296981619229115,1187,248.77
2026-07-16T18:35:11.166000Z,8,-50,160.0,1.0,2,10.0,0.014894286863965,5416,3.282,7.859999999999999,7.827999999999999,52,cwpb-10m,1,2.0,45.93,-80.0,3,0.0,6242550.0,52.0,-51.0,-50.0,29.0,8539026.0,19475.0,52.0,19475.0,4.0,1,1.0,-40.0,93,28.57460471308512,16.977082951164913,0.1815195781830754,63,5.623
2026-07-16T18:36:10.733000Z,8,-52,20.0,2.0,4,10.0,0.0716488336282415,5792,73.767,21.97,47.057,72,cwpb-10m,1,2.0,5.742,-86.0,3,23.0,6529694.0,6.5,-62.0,-63.0,24.0,6874547.0,6316.0,6.5,6316.0,4.0,3,3.0,-45.0,53,7.544466073748376,3.834484285431904,4.982558890659317,2314,1510.911
2026-07-16T18:37:27.240000Z,8,-51,20.0,3.0,3,10.0,0.056361477397283,4344,69.101,34.602222222222224,59.548,72,cwpb-10m,1,2.0,16.703,-87.0,3,9.0,3901119.0,19.5,-56.0,-53.0,31.0,6128703.0,4504.0,19.5,4503.0,4.0,2,3.0,-45.0,50,7.545220067959224,2.795137852246763,5.828019030266221,2303,2375.617
2026-07-16T18:40:56.162000Z,8,-45,160.0,1.0,2,10.0,0.0167366028579829,4344,4.396,6.0377777777777775,10.191,20,cwpb-10m,1,2.0,68.226,-77.0,3,0.0,3462895.0,52.0,-53.0,-53.0,23.0,7838459.0,14449.0,78.0,14449.0,4.0,1,11.0,-42.0,90,20.452335399975404,4.91669926161251,4.6365569381004885,2355,7.593
2026-07-16T18:43:03.454000Z,8,-50,20.0,3.0,3,10.0,0.0524862332379946,4344,51.982,44.74444444444445,68.1,72,cwpb-10m,1,2.0,34.187,-85.0,3,9.0,4020250.0,19.5,-58.0,-58.0,27.0,6009936.0,5438.0,39.0,5435.0,4.0,2,3.0,-45.0,50,7.545974212893554,5.182759984183472,0.2261773338000484,84,220.044
2026-07-16T18:46:41.046000Z,8,-46,160.0,1.0,3,10.0,0.0208916783789596,4344,5.954,40.96222222222222,33.692,26,cwpb-10m,1,2.0,51.585,-84.0,3,0.0,3344549.0,19.5,-53.0,-53.0,32.0,5938717.0,14262.0,58.5,14261.0,4.0,2,11.0,-42.0,98,17.17877688092689,1.5463753950529604,0.2660360626662725,126,2.517
2026-07-16T18:47:33.379000Z,8,-51,20.0,2.0,4,10.0,0.1113010539779365,8688,80.137,20.566666666666663,34.52,72,cwpb-10m,1,2.0,16.703,-87.0,3,20.0,8719537.0,19.5,-61.0,-58.0,25.0,12288102.0,12023.0,19.5,12023.0,4.0,3,7.0,-44.0,54,6.706192065554112,3.4172435315030616,3.6717579158827847,2303,3231.894
2026-07-16T18:48:43.689000Z,8,-50,20.0,3.0,1,10.0,0.0160984334712224,1448,31.336,76.16444444444446,69.70200000000001,72,cwpb-10m,1,2.0,5.742,-83.0,3,8.0,4380779.0,13.0,-58.0,-59.0,26.0,5210894.0,6719.0,6.5,6718.0,4.0,0,3.0,-48.0,51,8.383577853288028,3.198450851126636,5.7335498794232,2330,963.313
2026-07-16T18:52:27.510000Z,8,-45,160.0,1.0,1,10.0,0.0440684275281318,13032,4.771,14.288888888888888,14.826,20,cwpb-10m,1,2.0,45.93,-80.0,3,0.0,5500182.0,78.0,-52.0,-52.0,28.0,7762924.0,14155.0,52.0,14151.0,4.0,0,7.0,-41.0,94,22.76079152278451,9.74303257199136,0.1434034416826003,63,8.578
2026-07-16T18:53:13.575000Z,8,-51,20.0,2.0,4,10.0,0.0995338328617194,10136,30.746,34.88,50.72800000000001,72,cwpb-10m,1,2.0,16.703,-85.0,3,8.0,5649752.0,6.5,-62.0,-61.0,23.0,6810627.0,7179.0,19.5,7179.0,4.0,3,7.0,-45.0,51,9.221014090136904,4.037364399249679,2.0822351080653663,1185,1131.317
2026-07-16T18:54:20.958000Z,8,-51,20.0,3.0,1,10.0,0.0119864056941387,1448,132.309,45.65888888888889,57.417,72,cwpb-10m,1,2.0,5.742,-81.0,3,19.0,2429535.0,6.5,-56.0,-56.0,26.0,5196003.0,6770.0,6.5,6769.0,4.0,0,3.0,-48.0,51,11.737008994603238,2.062096361848574,0.1473684210526316,63,252.078
2026-07-16T18:58:13.310000Z,8,-43,160.0,1.0,1,10.0,0.0186682233833421,5792,3.206,30.745555555555555,19.553,39,cwpb-10m,1,2.0,45.93,-81.0,3,0.0,4971662.0,104.0,-52.0,-53.0,29.0,8479405.0,15273.0,52.0,15273.0,4.0,0,7.0,-41.0,95,24.00095365379439,12.513153665721536,0.1558827168130644,63,8.244
2026-07-16T18:58:56.466000Z,8,-50,20.0,2.0,3,10.0,0.1011499991151703,8688,86.671,47.70666666666667,59.70400000000001,72,cwpb-10m,1,2.0,22.617,-86.0,4,19.0,5722400.0,13.0,-63.0,-64.0,23.0,6700868.0,6878.0,26.0,6878.0,4.0,2,7.0,-45.0,43,7.542958537316415,3.835621552150272,4.606395325569296,2302,1750.086
2026-07-16T18:59:59.382000Z,8,-50,20.0,3.0,2,10.0,0.0312315317685933,2896,46.495,24.522222222222226,71.05,72,cwpb-10m,1,2.0,16.703,-86.0,3,21.0,3864210.0,13.0,-57.0,-58.0,29.0,5738832.0,7272.0,19.5,7268.0,4.0,1,11.0,-44.0,44,9.223779288284684,4.037763033175356,0.0975632418871518,42,887.32
2026-07-16T19:03:57.503000Z,8,-44,160.0,1.0,1,10.0,0.0180323306737582,4344,2.781,5.392222222222222,8.581,39,cwpb-10m,1,2.0,5.742,-81.0,3,0.0,5587014.0,117.0,-52.0,-52.0,29.0,7356477.0,15297.0,6.5,15295.0,4.0,0,11.0,-42.0,86,19.89055258649424,18.19243769427738,0.2597723899059871,105,4.343
2026-07-16T19:04:41.239000Z,8,-52,20.0,2.0,2,10.0,0.1143339625561536,8688,78.273,18.866666666666664,46.59,72,cwpb-10m,1,2.0,5.242,-88.0,3,9.0,7716613.0,6.5,-65.0,-65.0,23.0,7435449.0,7871.0,6.0,7869.0,4.0,1,7.0,-45.0,49,6.705521982414068,4.045752275425405,2.6586583049949213,1204,3131.293
2026-07-16T19:05:39.687000Z,8,-51,20.0,3.0,2,10.0,0.0441392576508453,7240,72.826,29.38888888888889,50.44,72,cwpb-10m,1,2.0,57.203,-85.0,3,16.0,7019629.0,39.0,-59.0,-60.0,28.0,7287456.0,11846.0,65.0,11842.0,4.0,1,11.0,-44.0,44,14.25493162734906,6.328597605619867,2.722968534082414,1202,1216.421
2026-07-16T19:09:42.709000Z,8,-51,160.0,1.0,1,10.0,0.0295534811878213,5792,2.431,32.98555555555556,32.556,26,cwpb-10m,1,2.0,45.93,-78.0,4,0.0,5680416.0,39.0,-51.0,-52.0,27.0,6498498.0,17182.0,52.0,17182.0,4.0,0,7.0,-41.0,95,16.40425311459967,11.211212789573766,0.3113879003558719,126,2.056
2026-07-16T19:10:22.413000Z,8,-50,20.0,2.0,4,10.0,0.0579644239345034,5792,44.981,30.966666666666665,44.19,72,cwpb-10m,1,2.0,16.703,-85.0,4,17.0,4275507.0,13.0,-61.0,-60.0,24.0,8167272.0,4456.0,19.5,4456.0,4.0,3,7.0,-44.0,50,10.059288098331168,2.5883096366508687,8.100948131622978,3486,1817.422
2026-07-16T19:11:26.155000Z,8,-49,20.0,3.0,2,10.0,0.1272334389159992,7240,41.054,60.65714285714285,86.775,72,cwpb-10m,1,2.0,45.234,-82.0,3,26.0,6641923.0,19.5,-57.0,-57.0,26.0,5137632.0,5226.0,52.0,5219.0,4.0,1,3.0,-46.0,44,5.0306494752623685,6.567710315130163,4.675776795182169,2337,1485.893
2026-07-16T19:15:59.266000Z,8,-50,20.0,2.0,4,10.0,0.2188830648466273,13032,207.53,21.55555555555556,48.830000000000005,72,cwpb-10m,1,2.0,16.703,-83.0,3,15.0,2096078.0,6.5,-61.0,-61.0,22.0,5446513.0,3746.0,19.5,3746.0,4.0,3,7.0,-45.0,61,5.439540303272147,1.857165010331595,2.4223589701372736,1177,436.263
2026-07-16T19:17:02.849000Z,8,-49,20.0,3.0,2,10.0,0.0473284897897281,2896,98.755,41.21111111111111,72.49000000000001,72,cwpb-10m,1,2.0,5.242,-81.0,4,21.0,1599524.0,6.5,-56.0,-57.0,25.0,6145471.0,3135.0,6.0,3131.0,4.0,1,3.0,-46.0,44,5.449325604637218,1.7409700166031838,1.8917229106882345,1180,331.156
2026-07-16T19:21:15.349000Z,8,-44,160.0,1.0,2,10.0,0.0231075236054205,4344,3.333,48.53333333333333,52.01,52,cwpb-10m,1,2.0,45.93,-83.0,4,0.0,3447574.0,52.0,-53.0,-51.0,30.0,6504113.0,13713.0,52.0,13712.0,4.0,1,11.0,-40.0,93,14.390657408876068,1.9389741417091892,0.2601317174886967,126,3.642
2026-07-16T19:21:36.501000Z,8,-50,20.0,2.0,4,10.0,0.3781173846097889,19960,36.543,203.67,181.8,72,cwpb-10m,1,2.0,16.703,-87.0,4,14.0,4274085.0,19.5,-62.0,-62.0,25.0,4088433.0,5451.0,19.5,5451.0,4.0,3,7.0,-44.0,47,5.446603935670762,5.111442896935933,4.336542178210532,2356,405.814
2026-07-16T19:22:46.820000Z,8,-49,20.0,3.0,1,10.0,1.0706703794340149,39096,58.444,108.04444444444444,238.36,72,cwpb-10m,1,2.0,51.585,-82.0,3,32.0,2442894.0,19.5,-58.0,-58.0,24.0,2548425.0,3543.0,58.5,3541.0,4.0,0,3.0,-44.0,41,4.611889644142343,1.8972425483287303,3.1711450012103604,1179,2220.917
2026-07-16T19:27:01.947000Z,8,-42,160.0,1.0,2,10.0,0.010651450980669,2896,3.399,30.08888888888889,64.58,39,cwpb-10m,1,2.0,45.93,-82.0,3,0.0,4331881.0,104.0,-52.0,-53.0,30.0,7359393.0,16877.0,52.0,16877.0,4.0,1,11.0,-39.0,86,21.87933772522527,6.531127870393832,0.3844846075379907,147,3.474
2026-07-16T19:28:29.289000Z,8,-51,20.0,3.0,1,10.0,0.0593836891706789,8688,50.614,17.981111111111108,35.167,72,cwpb-10m,1,2.0,22.617,-82.0,3,5.0,4768472.0,6.5,-56.0,-57.0,26.0,7710927.0,9618.0,26.0,9616.0,4.0,0,3.0,-44.0,41,13.415065267366316,5.291300390364658,2.285456895538757,1167,1573.418
2026-07-16T19:32:49.763000Z,8,-42,160.0,1.0,1,10.0,0.059342576057948,8688,4.009,31.25777777777778,23.914,52,cwpb-10m,1,2.0,34.187,-83.0,4,0.0,3022752.0,78.0,-53.0,-53.0,30.0,6661423.0,14664.0,39.0,14657.0,4.0,0,11.0,-37.0,103,10.678472640635086,1.462510093948349,3.13381302548694,1189,8.183
2026-07-16T19:32:56.123000Z,8,-50,20.0,2.0,3,10.0,0.0911913826662479,4344,72.279,78.67777777777776,101.65,72,cwpb-10m,1,2.0,22.617,-86.0,4,37.0,4681341.0,6.5,-61.0,-60.0,25.0,4524872.0,5596.0,26.0,5596.0,4.0,2,7.0,-46.0,51,5.029141486810552,3.517669856931425,2.3666740207384827,1180,817.415
2026-07-16T19:34:10.692000Z,8,-49,20.0,3.0,1,10.0,0.8424232679760686,79640,128.964,18.744444444444444,53.35,72,cwpb-10m,1,2.0,11.304,-83.0,5,13.0,5299423.0,13.0,-58.0,-57.0,25.0,6263191.0,9374.0,13.0,9370.0,4.0,0,11.0,-44.0,52,9.22193563861683,6.688659470068695,0.0976835054423667,42,1098.13
2026-07-16T19:38:35.995000Z,8,-50,20.0,2.0,4,10.0,0.0710768336645016,4344,119.045,45.89999999999999,92.95,72,cwpb-10m,1,2.0,11.304,-82.0,5,7.0,3454065.0,6.5,-62.0,-64.0,21.0,4143754.0,5563.0,13.0,5562.0,4.0,3,7.0,-44.0,53,5.868504497301619,3.126344663088849,3.153717627401838,1208,580.375
2026-07-16T19:38:38.069000Z,8,-42,160.0,1.0,2,10.0,0.0468286221195384,5792,3.397,57.0,41.96666666666667,52,cwpb-10m,1,2.0,90.195,-73.0,5,0.0,4118629.0,78.0,-52.0,-52.0,21.0,5991778.0,12067.0,104.0,12066.0,4.0,1,11.0,-37.0,105,9.312830586443722,3.016421114610204,2.352919049052061,1251,4.227
2026-07-16T19:39:51.404000Z,8,-55,20.0,3.0,1,10.0,0.2376276990999405,10136,109.268,68.04285714285713,83.375,72,cwpb-10m,1,2.0,22.617,-76.0,5,31.0,1360877.0,6.5,-57.0,-58.0,19.0,3771419.0,3369.0,26.0,3368.0,4.0,0,11.0,-44.0,52,4.192207896051974,1.49753784632962,1.9826245689946589,1173,1660.797
2026-07-16T19:44:12.299000Z,8,-50,20.0,2.0,4,10.0,0.0550682572569923,4344,167.083,36.58888888888889,76.95,72,cwpb-10m,1,2.0,11.304,-81.0,4,38.0,1421043.0,26.0,-62.0,-62.0,18.0,4732652.0,4984.0,13.0,4984.0,4.0,3,7.0,-43.0,42,7.539945271147508,1.423866537342386,4.080768144591923,2312,469.891
2026-07-16T19:45:28.768000Z,8,-49,20.0,3.0,1,10.0,0.6806031422321218,24616,146.047,168.11111111111111,251.45,72,cwpb-10m,1,2.0,34.187,-88.0,4,17.0,3408061.0,26.0,-59.0,-59.0,29.0,1987680.0,2795.0,39.0,2795.0,4.0,0,11.0,-43.0,53,3.3534311413152107,4.752924293567364,2.997096326221437,1187,1045.912
2026-07-16T19:49:49.608000Z,8,-50,20.0,2.0,4,10.0,0.0521707048521637,1448,132.307,86.93750000000001,155.85555555555555,72,cwpb-10m,1,2.0,11.304,-78.0,3,49.0,1613025.0,6.5,-60.0,-59.0,18.0,2979713.0,2836.0,13.0,2836.0,4.0,3,7.0,-45.0,54,2.514570743405276,1.397835079032565,0.0445680086589274,21,116.214
2026-07-16T19:50:11.933000Z,8,-48,160.0,1.0,1,10.0,0.3637062567435927,33304,7.258,25.23,19.945555555555558,13,cwpb-10m,1,2.0,45.93,-80.0,3,0.0,4249254.0,19.5,-51.0,-50.0,29.0,5132106.0,10544.0,52.0,10540.0,4.0,0,11.0,-37.0,98,8.315470072190355,3.433740367214964,0.531591737545565,105,2.45
2026-07-16T19:51:08.989000Z,8,-53,20.0,3.0,1,10.0,0.6635009241358175,72400,44.422,79.67777777777776,124.36,72,cwpb-10m,1,2.0,45.234,-85.0,3,37.0,2432905.0,6.5,-55.0,-56.0,30.0,4898347.0,7341.0,52.0,7339.0,4.0,0,11.0,-43.0,53,10.062304678128749,2.6979689262741218,0.090820629257217,42,499.621
2026-07-16T19:55:31.441000Z,8,-52,20.0,2.0,1,10.0,0.1027794749956276,7240,24.168,30.83333333333333,66.09,72,cwpb-10m,1,2.0,11.304,-86.0,3,27.0,5330910.0,13.0,-62.0,-62.0,24.0,6596753.0,8026.0,13.0,8024.0,4.0,0,7.0,-45.0,44,6.285798781097013,3.121381226433816,2.4719148399040685,1175,1921.014
2026-07-16T19:55:58.540000Z,8,-45,160.0,1.0,2,10.0,0.0188007802843176,4344,7.003,2.95,5.776,26,cwpb-10m,1,2.0,45.93,-82.0,4,0.0,5668101.0,52.0,-52.0,-52.0,30.0,7362284.0,16121.0,52.0,16118.0,4.0,1,11.0,-37.0,93,18.8823530734717,9.928627721571106,0.1474650063199288,63,10.619
2026-07-16T19:56:46.375000Z,8,-50,20.0,3.0,1,10.0,1.7451660056279552,234576,42.801,25.401250000000005,37.88777777777778,72,cwpb-10m,1,2.0,22.617,-83.0,4,24.0,4194968.0,6.5,-55.0,-56.0,28.0,5439283.0,8043.0,26.0,8041.0,4.0,0,3.0,-46.0,45,11.739355457816874,5.197660354912263,4.320490990400988,2309,382.808
2026-07-16T20:01:09.411000Z,8,-49,20.0,2.0,1,10.0,0.0860069946019919,5792,94.528,30.7,47.9,72,cwpb-10m,1,2.0,16.703,-85.0,5,32.0,6144336.0,26.0,-61.0,-59.0,24.0,5915292.0,5925.0,19.5,5925.0,4.0,0,3.0,-45.0,46,7.544466073748376,5.095727858772191,4.166468489892985,2628,798.626
2026-07-16T20:01:43.349000Z,8,-44,160.0,1.0,1,10.0,0.0094034522618939,2896,3.84,10.776666666666667,13.991,39,cwpb-10m,1,2.0,45.93,-82.0,4,0.0,5487386.0,104.0,-52.0,-53.0,30.0,8096839.0,17441.0,52.0,17431.0,4.0,0,11.0,-37.0,94,25.478356252630228,9.992721605533674,0.2200969474649548,84,2.51
2026-07-16T20:02:32.063000Z,8,-49,20.0,3.0,1,10.0,1.0433564271027176,123080,29.544,27.3,63.14000000000001,72,cwpb-10m,1,2.0,11.304,-85.0,4,30.0,4806381.0,6.5,-56.0,-57.0,29.0,5808667.0,7888.0,13.0,7885.0,4.0,0,3.0,-46.0,45,10.061298950524735,5.827156494988588,4.045974641789506,2355,702.839
2026-07-16T20:06:46.487000Z,8,-48,20.0,2.0,1,10.0,0.1621473323516402,11584,56.504,47.7,72.48,72,cwpb-10m,1,2.0,11.304,-87.0,3,27.0,2698728.0,13.0,-63.0,-64.0,24.0,6447458.0,4897.0,13.0,4896.0,4.0,0,7.0,-45.0,41,6.2870550614569805,2.3490063309632805,0.0423942666801251,21,150.027
2026-07-16T20:07:28.422000Z,8,-54,160.0,1.0,1,10.0,0.0084503820179605,1448,4.749,28.784444444444443,27.137,52,cwpb-10m,1,2.0,45.234,-80.0,4,0.0,6217950.0,78.0,-53.0,-53.0,27.0,6809616.0,15889.0,52.0,15887.0,4.0,0,11.0,-37.0,95,14.747226560907798,11.084665620148652,0.3623313433865903,105,3.123
2026-07-16T20:08:09.226000Z,8,-49,20.0,3.0,1,10.0,1.7115849552543736,227336,58.988,40.44444444444444,41.545,72,cwpb-10m,1,2.0,51.585,-84.0,5,5.0,5004225.0,26.0,-58.0,-58.0,27.0,5583484.0,7751.0,58.5,7749.0,4.0,0,11.0,-43.0,41,11.737008994603238,8.200921096921096,2.9464439047128383,1201,1143.718
2026-07-16T20:12:23.607000Z,8,-52,20.0,2.0,3,10.0,0.080362795843867,7240,20.899,24.231111111111108,46.442,72,cwpb-10m,1,2.0,16.703,-88.0,4,16.0,5803769.0,13.0,-63.0,-63.0,25.0,6898981.0,8613.0,19.5,8613.0,4.0,2,7.0,-45.0,47,8.381902478017587,3.640527725424065,4.865149599662874,2309,650.055
2026-07-16T20:13:46.619000Z,8,-51,20.0,3.0,1,10.0,1.7321481128379026,76744,70.95,124.9922222222222,168.507,72,cwpb-10m,1,2.0,16.703,-83.0,3,30.0,1482316.0,6.5,-56.0,-56.0,27.0,2105024.0,3140.0,19.5,3139.0,4.0,0,11.0,-43.0,41,4.192626949220312,1.833530988925588,4.168985762249313,2322,982.689
2026-07-16T20:18:08.047000Z,8,-50,20.0,2.0,3,10.0,0.0954486727963749,10136,82.363,44.077777777777776,63.46,72,cwpb-10m,1,2.0,34.187,-83.0,3,4.0,6931671.0,19.5,-61.0,-63.0,22.0,6834513.0,9443.0,39.0,9443.0,4.0,2,7.0,-44.0,47,10.058282973621104,5.068082856579207,0.0464550381594956,21,1806.096
2026-07-16T20:18:58.002000Z,8,-44,160.0,1.0,1,10.0,0.0118992482107573,2896,3.549,26.38,23.825,39,cwpb-10m,1,2.0,68.226,-80.0,4,0.0,3697654.0,78.0,-52.0,-51.0,28.0,7730794.0,12233.0,78.0,12232.0,4.0,0,11.0,-42.0,82,20.197373733859703,3.001435381773685,0.1773236790441409,84,4.951
2026-07-16T20:19:37.235000Z,8,-52,20.0,3.0,1,10.0,0.1228979074376028,10136,47.248,29.046666666666667,56.878,72,cwpb-10m,1,2.0,45.234,-79.0,3,33.0,4926715.0,13.0,-58.0,-59.0,21.0,5885727.0,6730.0,52.0,6730.0,4.0,0,11.0,-44.0,29,7.545974212893554,3.293642490005711,7.903094093095,3484,2570.724
2026-07-16T20:23:48.142000Z,8,-51,20.0,2.0,3,10.0,0.0784152891040295,4344,257.235,46.65222222222221,76.57300000000001,72,cwpb-10m,1,2.0,5.742,-84.0,3,37.0,4434010.0,13.0,-63.0,-64.0,21.0,4561817.0,5236.0,6.5,5233.0,4.0,2,7.0,-44.0,48,5.02863902487761,2.638182310818657,0.0465477114041893,21,3245.923
2026-07-16T20:25:14.363000Z,8,-50,20.0,3.0,1,10.0,0.3179922566250217,11584,93.273,78.0911111111111,108.028,72,cwpb-10m,1,2.0,22.617,-84.0,4,40.0,2159487.0,6.5,-57.0,-54.0,29.0,2684903.0,3686.0,26.0,3686.0,4.0,0,11.0,-44.0,29,3.353766316841579,3.1014078809273924,0.0395242038696077,21,441.925
2026-07-16T20:29:27.872000Z,8,-52,20.0,2.0,4,10.0,0.0962050815949314,5792,46.9,41.03666666666666,73.84700000000001,72,cwpb-10m,1,2.0,16.703,-85.0,3,34.0,3074149.0,6.5,-61.0,-62.0,23.0,5066202.0,4862.0,19.5,4862.0,4.0,3,7.0,-44.0,47,5.447148051948052,2.3880827804733142,7.302269709805905,3465,915.985
2026-07-16T20:30:33.490000Z,8,-44,160.0,1.0,1,10.0,0.0115722093073808,2896,5.0,49.297777777777775,62.841,52,cwpb-10m,1,2.0,45.93,-81.0,4,14.0,3109849.0,104.0,-53.0,-54.0,28.0,8007303.0,19207.0,52.0,19207.0,4.0,0,7.0,-43.0,91,19.770398861047266,4.89642288414937,0.1653630111816893,63,13.706
2026-07-16T20:30:51.008000Z,8,-51,20.0,3.0,1,10.0,2.876694664935392,153488,661.112,29.82222222222222,56.96,72,cwpb-10m,1,2.0,11.304,-82.0,4,43.0,2934256.0,13.0,-61.0,-62.0,21.0,4443080.0,6200.0,13.0,6179.0,4.0,0,11.0,-44.0,29,5.449325604637218,3.094322322703474,0.0,0,230.257
2026-07-16T20:35:06.652000Z,8,-51,20.0,2.0,4,10.0,0.1506187016834344,4344,189.107,27.044444444444444,53.23,72,cwpb-10m,1,2.0,5.242,-78.0,4,49.0,949630.0,6.5,-62.0,-61.0,15.0,6194786.0,2481.0,6.0,2480.0,4.0,3,7.0,-44.0,47,2.724390526631358,1.3108460428887394,0.0357562445727128,21,85.66
2026-07-16T20:36:21.166000Z,8,-45,160.0,1.0,1,10.0,0.0267544488509629,5792,6.168,39.67777777777778,30.545,52,cwpb-10m,1,2.0,45.93,-85.0,4,12.0,3986623.0,78.0,-52.0,-50.0,33.0,7692521.0,17093.0,52.0,17088.0,4.0,0,7.0,-39.0,93,16.214708076001227,10.474597706120832,0.1172987767413282,42,9.223
2026-07-16T20:40:45.303000Z,8,-51,20.0,2.0,3,10.0,0.1743245325662625,13032,24.063,32.45555555555556,46.7,72,cwpb-10m,1,2.0,22.617,-88.0,4,9.0,6466598.0,13.0,-61.0,-61.0,27.0,6652192.0,6513.0,26.0,6513.0,4.0,2,7.0,-45.0,48,7.544466073748376,6.412043791300917,0.0443440251705133,21,235.454
2026-07-16T20:42:05.859000Z,8,-50,20.0,3.0,3,10.0,0.1215172876804296,4344,126.566,92.96666666666668,112.06,72,cwpb-10m,1,2.0,5.742,-86.0,3,43.0,2566595.0,13.0,-59.0,-60.0,27.0,2298247.0,3619.0,6.5,3618.0,4.0,2,3.0,-48.0,35,3.3534311413152107,2.784103845019176,0.2334760131191283,84,278.343
2026-07-16T20:42:07.874000Z,8,-43,160.0,1.0,2,10.0,0.0398097708793725,5792,5.964,57.204,48.19,58,cwpb-10m,1,2.0,45.93,-75.0,3,7.0,2460402.0,26.0,-52.0,-52.0,23.0,5484426.0,10544.0,52.0,10544.0,4.0,1,7.0,-39.0,93,12.325341903941908,3.1071619228430123,2.9885666357656824,1354,5.656
2026-07-16T20:46:21.310000Z,8,-52,20.0,2.0,2,10.0,0.1546175990705859,7240,109.995,99.79999999999998,136.57999999999998,72,cwpb-10m,1,2.0,11.304,-85.0,4,72.0,1724118.0,6.5,-62.0,-62.0,23.0,5108074.0,3928.0,13.0,3928.0,4.0,1,7.0,-46.0,48,4.190951239008793,1.4470245441103993,6.552032064461197,3155,177.975
2026-07-16T20:47:42.031000Z,8,-51,20.0,3.0,1,10.0,0.1009646024239871,5792,151.214,119.8111111111111,111.41,72,cwpb-10m,1,2.0,11.304,-89.0,4,19.0,2057253.0,13.0,-58.0,-59.0,30.0,4221532.0,2677.0,13.0,2674.0,4.0,0,3.0,-47.0,34,5.448236610711431,2.4461337480559875,2.64111744684613,1195,549.699
2026-07-17T13:35:29.783000Z,40,-45,80.0,1.0,4,10.0,0.0003334562316058,1448,1.98,4.496666666666667,7.312,650,cwpb-10m-2a,1,1.0,619.0,-92.0,5,1.0,4493382.0,650.0,-64.0,-64.0,29.0,6596559.0,17968.0,780.0,17968.0,4.0,3,40.0,-28.0,66,344.9310348843392,134.21018120655708,0.1942780488933089,84,2.274
2026-07-17T13:36:51.726000Z,40,-56,80.0,2.0,3,10.0,0.0021318357873982,4344,40.398,15.804444444444446,26.793,390,cwpb-10m-2a,1,1.0,619.0,-92.0,5,1.0,4493382.0,650.0,-64.0,-64.0,29.0,6596559.0,17968.0,780.0,17968.0,4.0,2,2.0,-39.0,38,167.3704708699122,70.54734795494961,0.0361184685769323,21,129.324
2026-07-17T13:38:17.692000Z,40,-68,80.0,3.0,3,10.0,0.0,0,40.132,5.496666666666666,24.103,292,cwpb-10m-2a,1,1.0,619.0,-92.0,5,1.0,4493382.0,650.0,-64.0,-64.0,29.0,6596559.0,17968.0,780.0,17968.0,4.0,2,2.0,-35.0,49,179.4264979510245,53.46049373881932,0.1639344262295081,63,162.006
2026-07-17T13:40:13.628000Z,40,-46,80.0,1.0,4,10.0,0.0011597346226036,4344,2.208,3.451111111111111,5.921,585,cwpb-10m-2a,1,1.0,619.0,-91.0,5,0.0,4628847.0,468.0,-64.0,-59.0,27.0,7646633.0,22347.0,780.0,22347.0,4.0,3,40.0,-26.0,74,298.6436124222698,114.30095297522264,0.0771378195709668,42,2.564
2026-07-17T13:41:29.140000Z,40,-62,80.0,2.0,4,10.0,0.0015659158431838,2896,24.633,11.617777777777778,31.71,292,cwpb-10m-2a,1,1.0,299.7,-92.0,5,1.0,4920135.0,263.3,-74.0,-75.0,19.0,6886222.0,18335.0,351.0,18335.0,4.0,3,40.0,-39.0,43,163.4470983213429,66.48748562962963,0.0,0,48.293
2026-07-17T13:43:02.343000Z,40,-65,80.0,3.0,4,10.0,0.0014716293640467,2896,92.066,16.835555555555555,26.096000000000004,292,cwpb-10m-2a,1,1.0,101.39,-91.0,5,1.0,4886866.0,108.0,-76.0,-77.0,16.0,6352438.0,21950.0,117.0,21949.0,4.0,3,2.0,-34.0,39,162.65766636681658,28.553947922878155,0.1255755546253662,63,237.529
2026-07-17T13:45:58.447000Z,40,-55,80.0,1.0,4,10.0,0.0003101977317951,1448,2.08,5.59,6.695,650,cwpb-10m-2a,1,1.0,619.0,-91.0,5,0.0,5250489.0,650.0,-65.0,-65.0,26.0,7822506.0,20547.0,780.0,20547.0,4.0,3,2.0,-28.0,72,372.51673453377344,153.62889398538374,0.031797465287767,21,3.578
2026-07-17T13:47:05.022000Z,40,-57,80.0,2.0,4,10.0,0.0013235059966338,2896,45.428,11.41222222222222,24.409,390,cwpb-10m-2a,1,1.0,227.171,-92.0,5,1.0,5258054.0,234.0,-71.0,-72.0,22.0,7130543.0,22670.0,263.3,22670.0,4.0,3,40.0,-39.0,45,183.56366426858517,63.10585286535792,0.0,0,41.517
2026-07-17T13:48:37.782000Z,40,-71,80.0,3.0,4,10.0,0.0080358092233775,8688,14.059,14.708888888888888,40.712,130,cwpb-10m-2a,1,1.0,153.406,-91.0,5,2.0,4493729.0,87.8,-80.0,-80.0,11.0,7606548.0,31531.0,175.5,31525.0,4.0,3,2.0,-34.0,39,92.22857371314343,11.880109719737629,2.519977927200638,1233,919.438
2026-07-17T13:51:42.407000Z,40,-50,80.0,1.0,4,10.0,0.0004096869923474,1448,2.134,5.734444444444445,8.122,527,cwpb-10m-2a,1,1.0,619.0,-92.0,5,0.0,4597845.0,468.0,-70.0,-67.0,22.0,7881739.0,27686.0,780.0,27686.0,4.0,3,2.0,-24.0,69,281.70611568024543,113.68746833303496,0.2218466089161208,126,3.047
2026-07-17T13:52:40.633000Z,40,-58,80.0,2.0,3,10.0,0.0021239872678111,4344,31.8,12.083333333333334,33.675,325,cwpb-10m-2a,1,1.0,330.359,-92.0,5,1.0,4959510.0,52.0,-72.0,-71.0,20.0,7175059.0,23124.0,390.0,23124.0,4.0,2,40.0,-37.0,43,178.55236374537824,42.10026950774391,0.0709603297965803,42,123.388
2026-07-17T13:54:13.295000Z,40,-70,80.0,3.0,3,10.0,0.0017463773765205,2896,40.605,31.48555555555556,42.807,130,cwpb-10m-2a,1,1.0,101.39,-92.0,5,2.0,5418897.0,117.0,-80.0,-80.0,12.0,8030514.0,24863.0,117.0,24863.0,4.0,2,2.0,-39.0,35,138.39819218078193,35.536117670443254,0.0767585942211744,42,275.654
2026-07-17T13:57:27.298000Z,40,-50,80.0,1.0,4,10.0,0.0004208846448782,1448,2.982,2.536666666666666,4.693,527,cwpb-10m-2a,1,1.0,619.0,-92.0,5,0.0,4394360.0,468.0,-70.0,-71.0,22.0,7681071.0,28430.0,780.0,28428.0,4.0,3,2.0,-23.0,66,274.2674840414667,111.55293215141494,0.1963571081273142,105,2.089
2026-07-17T13:58:16.418000Z,40,-61,80.0,2.0,4,10.0,0.0015534730529285,2896,19.26,11.011111111111113,31.06,292,cwpb-10m-2a,1,1.0,76.703,-92.0,5,1.0,6103013.0,263.3,-76.0,-77.0,18.0,7503413.0,21449.0,87.8,21449.0,4.0,3,40.0,-37.0,40,155.9189655241331,83.19384052495526,0.0,0,31.115
2026-07-17T13:59:48.979000Z,40,-69,80.0,3.0,3,10.0,0.0017710747003593,2896,25.636,16.268888888888892,45.958000000000006,195,cwpb-10m-2a,1,1.0,25.343,-92.0,5,1.0,4860950.0,117.0,-81.0,-81.0,12.0,7368741.0,23718.0,29.3,23712.0,4.0,2,2.0,-39.0,35,135.0295828834233,30.2882769809081,5.193285859613429,2042,405.788
2026-07-17T14:03:11.203000Z,40,-51,80.0,1.0,4,10.0,0.0011798977976547,4344,2.257,10.593333333333332,9.516,216,cwpb-10m-2a,1,1.0,619.0,-91.0,5,0.0,4735241.0,156.0,-72.0,-74.0,20.0,7762992.0,23726.0,780.0,23725.0,4.0,3,2.0,-26.0,67,295.5283009619866,102.1173400772044,0.1466992665036675,63,2.932
2026-07-17T14:03:52.100000Z,40,-59,80.0,2.0,4,10.0,0.0012657924656325,2896,74.945,14.551111111111112,27.255999999999997,292,cwpb-10m-2a,1,1.0,101.39,-90.0,5,3.0,5427262.0,234.0,-75.0,-75.0,16.0,7583643.0,23830.0,117.0,23829.0,4.0,3,40.0,-36.0,45,192.76449595364173,60.1854606630381,0.0,0,65.856
2026-07-17T14:05:24.707000Z,40,-68,80.0,3.0,4,10.0,0.0012667222528697,2168,55.694,16.33222222222222,30.306,130,cwpb-10m-2a,1,1.0,101.39,-91.0,5,2.0,5490236.0,117.0,-81.0,-82.0,10.0,7204251.0,23622.0,117.0,23621.0,4.0,3,2.0,-36.0,37,140.90043431313737,41.251350685475856,0.1127799359123538,63,240.887
2026-07-17T14:09:27.734000Z,40,-58,80.0,2.0,3,10.0,0.0034883989294469,5792,43.086,18.11555555555556,29.776000000000003,325,cwpb-10m-2a,1,1.0,202.796,-92.0,5,2.0,6230273.0,117.0,-72.0,-73.0,20.0,7229258.0,17059.0,234.0,17059.0,4.0,2,40.0,-36.0,45,139.13958113509193,40.1617717801151,0.0463975608139457,21,162.501
2026-07-17T14:11:00.222000Z,40,-69,80.0,3.0,4,10.0,0.0026023417625243,4344,39.682,9.27,27.987,195,cwpb-10m-2a,1,1.0,51.585,-91.0,5,1.0,5718011.0,121.5,-81.0,-80.0,11.0,7908374.0,25049.0,58.5,25046.0,4.0,3,2.0,-36.0,37,138.37052084374687,41.451759882869695,0.0384418247052793,21,198.956
2026-07-17T14:14:39.765000Z,40,-50,80.0,1.0,4,10.0,0.0020098444736264,7240,3.63,8.767777777777777,9.496,527,cwpb-10m-2a,1,1.0,478.125,-91.0,5,0.0,5083156.0,130.0,-70.0,-69.0,21.0,7868648.0,26832.0,585.0,26831.0,4.0,3,2.0,-24.0,76,287.3624996331887,87.03454810638475,0.1292891150878345,63,1.544
2026-07-17T14:15:03.845000Z,40,-58,80.0,2.0,3,10.0,0.0027238113936679,4344,33.396,36.32,48.32333333333332,325,cwpb-10m-2a,1,1.0,227.171,-91.0,5,2.0,5029149.0,234.0,-73.0,-74.0,19.0,6842575.0,13882.0,263.3,13882.0,4.0,2,40.0,-37.0,43,132.4472932946937,43.03279126070269,0.0340936764347755,21,135.518
2026-07-17T14:16:36.101000Z,40,-71,80.0,3.0,3,10.0,0.0,0,36.641,9.477777777777778,25.215000000000003,260,cwpb-10m-2a,1,1.0,227.171,-91.0,5,1.0,5497822.0,234.0,-77.0,-77.0,14.0,7787818.0,26798.0,263.3,26797.0,4.0,2,2.0,-37.0,35,184.4755857656937,51.33761585728444,0.0,0,168.697
2026-07-17T14:20:28.513000Z,40,-53,80.0,1.0,4,10.0,0.0,0,2.298,146.63333333333333,198.09,527,cwpb-10m-2a,1,1.0,619.0,-91.0,5,0.0,4010253.0,351.0,-67.0,-68.0,24.0,7918795.0,22083.0,780.0,22083.0,4.0,3,2.0,-29.0,72,370.0917824037653,128.06203651185916,0.1750194466051783,63,2.586
2026-07-17T14:22:11.830000Z,40,-66,80.0,3.0,3,10.0,0.0,0,22.832,8.46111111111111,19.258,292,cwpb-10m-2a,1,1.0,227.171,-90.0,5,0.0,5167325.0,175.5,-77.0,-78.0,13.0,7231837.0,20706.0,263.3,20706.0,4.0,2,2.0,-37.0,35,186.1340305847077,47.39680446037436,0.082063305978898,42,200.843
2026-07-17T14:26:15.076000Z,40,-59,80.0,2.0,3,10.0,0.1986258057170762,185344,29.178,26.64444444444444,41.6,325,cwpb-10m-2a,1,1.0,76.703,-91.0,5,2.0,4593619.0,234.0,-72.0,-73.0,20.0,4896565.0,24892.0,87.8,24890.0,4.0,2,40.0,-39.0,39,80.44215043452202,50.139808731808735,0.1231021748050882,63,100.18
2026-07-17T14:26:18.940000Z,40,-45,80.0,1.0,4,10.0,0.0044363202554732,10136,3.329,13.119999999999996,11.153333333333332,650,cwpb-10m-2a,1,1.0,478.125,-91.0,5,0.0,874398.0,780.0,-69.0,-65.0,23.0,5372278.0,19638.0,585.0,19638.0,4.0,3,40.0,-28.0,65,175.34665345334486,1.8595800954647888,6.079723232682964,2390,8.709
2026-07-17T14:27:47.432000Z,40,-63,80.0,3.0,3,10.0,0.0013692179382679,2896,23.507,9.982222222222228,25.24,260,cwpb-10m-2a,1,1.0,76.703,-91.0,5,2.0,4507674.0,117.0,-75.0,-73.0,16.0,7338394.0,28077.0,87.8,28076.0,4.0,2,2.0,-37.0,35,176.0727316341829,36.432608034744845,0.0462738530694989,21,260.049
2026-07-17T14:31:51.126000Z,40,-57,80.0,2.0,4,10.0,0.0022803147691074,4344,26.303,7.088888888888887,28.880000000000003,390,cwpb-10m-2a,1,1.0,153.406,-90.0,5,3.0,5176061.0,87.8,-70.0,-67.0,20.0,6261851.0,17870.0,175.5,17870.0,4.0,3,40.0,-39.0,45,169.33134965524133,30.29242688374864,0.1758536227939791,84,437.274
2026-07-17T14:33:23.191000Z,40,-68,80.0,3.0,3,10.0,0.0007942446836178,1448,60.932,6.779999999999998,21.596,260,cwpb-10m-2a,1,1.0,101.39,-91.0,5,1.0,5036788.0,175.5,-76.0,-73.0,15.0,7027829.0,21555.0,117.0,21553.0,4.0,2,2.0,-40.0,41,150.91948425787106,47.56812678288431,0.1692092823377739,63,162.604
2026-07-17T14:37:26.838000Z,40,-60,80.0,2.0,4,10.0,0.0014154804132702,2896,35.909,15.126666666666663,29.735000000000003,260,cwpb-10m-2a,1,1.0,330.359,-91.0,5,3.0,5257374.0,263.3,-74.0,-75.0,18.0,6813352.0,15418.0,390.0,15418.0,4.0,3,40.0,-40.0,43,168.49307564704708,82.34944559173948,0.0411675913038364,21,27.594
2026-07-17T14:37:47.055000Z,40,-49,80.0,1.0,4,10.0,0.224513329491435,624088,2.936,1.4455555555555557,3.731,650,cwpb-10m-2a,1,1.0,297.515,-91.0,5,0.0,4907569.0,130.0,-68.0,-64.0,23.0,5644799.0,15256.0,351.0,15256.0,4.0,3,2.0,-28.0,71,219.29629355641185,139.17025710993764,0.090907123222441,42,2.439
2026-07-17T14:38:58.942000Z,40,-70,80.0,3.0,3,10.0,0.0016568116125102,2896,29.147,6.743333333333332,25.122000000000003,195,cwpb-10m-2a,1,1.0,101.39,-91.0,5,2.0,5301743.0,175.5,-79.0,-79.0,12.0,6961799.0,22057.0,117.0,22054.0,4.0,2,2.0,-40.0,41,145.0648924430228,59.50476008745776,0.1392788450909734,63,127.514
2026-07-17T14:43:33.301000Z,40,-51,80.0,1.0,4,10.0,0.0021571828288723,7240,2.666,5.0777777777777775,5.817,650,cwpb-10m-2a,1,1.0,619.0,-92.0,5,1.0,5833524.0,650.0,-70.0,-67.0,22.0,7132765.0,24437.0,780.0,24436.0,4.0,3,2.0,-28.0,54,265.1507677026047,117.949874586969,0.1453815400058845,84,3.94
2026-07-17T14:44:34.825000Z,40,-70,80.0,3.0,4,10.0,0.0129717410740147,17376,23.448,7.373333333333331,30.908000000000005,260,cwpb-10m-2a,1,1.0,227.171,-92.0,5,0.0,3836731.0,175.5,-81.0,-82.0,11.0,6859411.0,25397.0,263.3,25395.0,4.0,3,2.0,-39.0,31,117.39355457816872,31.57294325747789,2.2583542266961043,1207,219.847
2026-07-17T14:48:38.395000Z,40,-57,80.0,2.0,4,10.0,0.0030034813833935,5792,23.032,17.97555555555556,26.908,390,cwpb-10m-2a,1,1.0,299.7,-91.0,5,2.0,5416714.0,263.3,-71.0,-72.0,20.0,6532838.0,21836.0,351.0,21836.0,4.0,3,40.0,-37.0,40,160.0943373301359,71.11104342653182,0.0,0,18.271
2026-07-17T14:49:18.754000Z,40,-58,80.0,1.0,4,10.0,0.0003098049761842,1448,1.599,24.162222222222223,14.926,527,cwpb-10m-2a,1,1.0,563.578,-91.0,5,1.0,4937040.0,526.6,-69.0,-71.0,22.0,8177161.0,26322.0,702.0,26322.0,4.0,3,40.0,-28.0,54,372.54711090796894,128.05887578287027,0.1210374639769452,63,2.291
2026-07-17T14:50:10.159000Z,40,-68,80.0,3.0,4,10.0,0.0016714332526289,2896,27.043,17.76777777777778,34.149,260,cwpb-10m-2a,1,1.0,202.796,-92.0,5,2.0,4890081.0,234.0,-79.0,-80.0,14.0,7174529.0,28158.0,234.0,28158.0,4.0,3,2.0,-39.0,31,144.19753907655408,41.784259812711696,0.1459583439519959,63,193.051
2026-07-17T14:54:13.939000Z,40,-58,80.0,2.0,4,10.0,0.0006166528919129,1448,39.234,12.5,28.96999999999999,325,cwpb-10m-2a,1,1.0,251.312,-91.0,5,2.0,4985820.0,234.0,-73.0,-73.0,19.0,6780067.0,19421.0,292.5,19421.0,4.0,3,40.0,-39.0,47,191.96474787648648,80.47573862171542,0.0369815972527956,21,59.756
2026-07-17T14:55:02.853000Z,40,-48,80.0,1.0,4,10.0,0.0003361436583652,1448,2.825,2.482222222222222,4.518,234,cwpb-10m-2a,1,1.0,563.578,-91.0,5,0.0,5178821.0,650.0,-65.0,-61.0,26.0,7535329.0,24924.0,702.0,24924.0,4.0,3,40.0,-28.0,76,343.2901862263588,176.74359573537313,0.047672016526299,21,2.574
2026-07-17T14:55:45.851000Z,40,-67,80.0,3.0,4,10.0,0.0057449197588421,10136,27.039,21.14,35.543,260,cwpb-10m-2a,1,1.0,299.7,-92.0,5,2.0,4219018.0,263.3,-76.0,-77.0,16.0,6662279.0,25227.0,351.0,25217.0,4.0,3,2.0,-39.0,31,153.4501463414634,56.064732366577886,0.1894067509977677,84,148.909
2026-07-17T14:59:49.697000Z,40,-60,80.0,2.0,3,10.0,0.0014718567969533,2896,42.461,13.12,26.689000000000004,260,cwpb-10m-2a,1,1.0,251.312,-91.0,5,0.0,4843275.0,234.0,-73.0,-75.0,17.0,6723157.0,24233.0,292.5,24233.0,4.0,2,40.0,-39.0,43,164.28528856914468,61.22159547214776,2.75348535108678,1187,48.202
2026-07-17T15:00:47.351000Z,40,-43,80.0,1.0,4,10.0,0.0006432216706213,2896,2.771,2.4266666666666667,4.949,650,cwpb-10m-2a,1,1.0,619.0,-91.0,5,0.0,5823533.0,526.6,-65.0,-61.0,26.0,8366613.0,22345.0,780.0,22344.0,4.0,3,40.0,-29.0,52,358.8937544047311,167.2537037322213,0.0503657512891234,21,3.106
2026-07-17T15:01:21.509000Z,40,-67,80.0,3.0,4,10.0,0.0013487014761798,2896,30.386,8.483333333333333,20.081,292,cwpb-10m-2a,1,1.0,251.312,-92.0,5,1.0,5557321.0,175.5,-77.0,-77.0,16.0,7645071.0,26765.0,292.5,26764.0,4.0,3,2.0,-42.0,34,183.61870584707648,58.84545910447761,0.2001858868949739,84,167.018
2026-07-17T15:05:25.685000Z,40,-61,80.0,2.0,3,10.0,0.0029818083333141,5792,38.176,9.855555555555554,27.065000000000005,260,cwpb-10m-2a,1,1.0,101.39,-92.0,5,3.0,6392404.0,234.0,-74.0,-75.0,18.0,7303177.0,23597.0,117.0,23597.0,4.0,2,40.0,-38.0,39,160.59554651510618,67.38044951781146,0.0383870142214747,21,77.378
2026-07-17T15:06:31.904000Z,40,-50,80.0,1.0,4,10.0,0.0008938415171335,2896,2.59,24.218888888888888,20.921,468,cwpb-10m-2a,1,1.0,478.125,-92.0,5,0.0,4093477.0,468.0,-69.0,-65.0,23.0,7133311.0,26570.0,585.0,26570.0,4.0,3,40.0,-29.0,60,259.063836043412,73.91785685428871,0.2440101322302526,105,1.775
2026-07-17T15:06:57.247000Z,40,-71,80.0,3.0,4,10.0,0.0409768095870525,56472,20.485,70.47555555555554,48.681,325,cwpb-10m-2a,1,1.0,153.406,-90.0,5,0.0,5423764.0,108.0,-77.0,-78.0,13.0,6379553.0,19027.0,175.5,19025.0,4.0,3,2.0,-42.0,34,119.05870424787608,27.747253914767096,2.1224854716137687,1187,251.003
2026-07-17T15:11:01.397000Z,40,-60,80.0,2.0,3,10.0,0.0025714259736185,4344,40.589,17.86333333333333,32.283,260,cwpb-10m-2a,1,1.0,153.406,-91.0,5,2.0,6227522.0,150.0,-75.0,-75.0,18.0,7418580.0,14558.0,175.5,14557.0,4.0,2,40.0,-38.0,45,139.15348536024783,58.44487870673411,0.0516313033216138,21,54.274
2026-07-17T15:12:15.838000Z,40,-50,80.0,1.0,4,10.0,0.0013507869938765,4344,2.382,230.9111111111111,231.37,351,cwpb-10m-2a,1,1.0,619.0,-91.0,5,0.0,4990196.0,121.5,-68.0,-69.0,23.0,7511092.0,28791.0,780.0,28791.0,4.0,3,40.0,-28.0,61,256.1221889764986,104.61169312389409,0.0740048984194668,42,5.341
2026-07-17T15:12:32.957000Z,40,-69,80.0,3.0,3,10.0,0.6117229535484665,700832,13.379,7.377777777777776,21.49,195,cwpb-10m-2a,1,1.0,22.617,-91.0,5,2.0,5617805.0,175.5,-80.0,-81.0,11.0,6310862.0,19413.0,26.0,19410.0,4.0,2,2.0,-40.0,33,95.582340029985,40.72543267611216,0.1947780921022121,84,257.6
2026-07-17T15:16:37.280000Z,40,-58,80.0,2.0,4,10.0,0.0013856001618013,2896,39.469,16.15222222222222,26.558,325,cwpb-10m-2a,1,1.0,227.171,-90.0,5,2.0,6631268.0,117.0,-74.0,-74.0,16.0,7426595.0,22948.0,263.3,22948.0,4.0,3,40.0,-37.0,39,180.2289117617668,43.36922012328495,0.1002649860345198,42,189.478
2026-07-17T15:18:10.636000Z,40,-69,80.0,3.0,3,10.0,0.0042873199157853,4344,38.364,18.68,34.518,130,cwpb-10m-2a,1,1.0,25.343,-91.0,5,0.0,6562732.0,40.5,-78.0,-77.0,13.0,5437475.0,20015.0,29.3,20009.0,4.0,2,2.0,-40.0,33,87.18920967419548,8.002017046580773,2.030265033751868,1182,1693.175
2026-07-17T15:21:09.541000Z,40,-60,80.0,1.0,4,10.0,0.0010490934586356,2896,2.078,5.434444444444445,6.319,468,cwpb-10m-2a,1,1.0,434.117,-91.0,5,0.0,0.0,162.0,-74.0,-74.0,17.0,0.0,0.0,526.6,0.0,4.0,3,40.0,-28.0,83,218.4736749310497,48.83963190210851,3.4464548764557104,1240,3.917
2026-07-17T15:22:31.600000Z,40,-60,80.0,2.0,3,10.0,0.533098063391931,739928,8.723,10.32888888888889,33.794000000000004,260,cwpb-10m-2a,1,1.0,330.359,-92.0,5,0.0,0.0,65.0,-72.0,-72.0,20.0,0.0,0.0,390.0,0.0,4.0,2,2.0,-31.0,38,114.82059106803877,53.06348084937488,0.1204289564735343,63,54.824
2026-07-17T15:24:07.298000Z,40,-66,80.0,3.0,3,10.0,0.0015590191908802,2896,41.152,13.76888888888889,24.561,195,cwpb-10m-2a,1,1.0,51.585,-91.0,5,1.0,6008884.0,58.5,-80.0,-76.0,11.0,7021007.0,17272.0,58.5,17272.0,4.0,2,2.0,-41.0,36,152.59636741629186,24.60763560748589,0.1850668664213796,84,705.228
2026-07-17T15:26:53.538000Z,40,-46,80.0,1.0,4,10.0,0.0006697281568786,2896,2.968,16.546666666666667,14.049,527,cwpb-10m-2a,1,1.0,619.0,-91.0,5,0.0,4795475.0,468.0,-65.0,-60.0,26.0,8146548.0,23903.0,780.0,23902.0,4.0,3,40.0,-28.0,65,344.754025713868,123.12031196111946,0.1643192488262911,63,4.215
2026-07-17T15:28:07.415000Z,40,-56,80.0,2.0,4,10.0,0.0019904883250711,4344,30.209,7.257777777777777,27.554,390,cwpb-10m-2a,1,1.0,299.7,-92.0,5,2.0,5733078.0,234.0,-69.0,-70.0,24.0,6737394.0,21114.0,351.0,21114.0,4.0,3,2.0,-29.0,43,184.4202818027381,61.17128282727725,0.0420681504036539,21,41.769
2026-07-17T15:29:42.966000Z,40,-67,80.0,3.0,3,10.0,0.0051980031397087,7240,22.768,11.488888888888887,26.59,260,cwpb-10m-2a,1,1.0,202.796,-91.0,5,2.0,6832980.0,117.0,-76.0,-76.0,15.0,5609316.0,24608.0,234.0,24608.0,4.0,2,2.0,-41.0,36,119.05870424787608,48.254715038266575,2.451160324646193,1202,211.579
2026-07-17T15:32:37.426000Z,40,-44,80.0,1.0,4,10.0,0.0006434318536369,2896,3.619,3.32,5.825,650,cwpb-10m-2a,1,1.0,619.0,-91.0,5,0.0,5295718.0,526.6,-65.0,-61.0,26.0,9188567.0,23722.0,780.0,23722.0,4.0,3,40.0,-28.0,78,358.9550379698919,141.94308484807917,0.1719760871345508,84,2.356
2026-07-17T15:33:43.226000Z,40,-54,80.0,2.0,3,10.0,0.0023347796210975,4344,19.69,8.666666666666666,26.610000000000003,433,cwpb-10m-2a,1,1.0,251.312,-91.0,5,2.0,6123034.0,234.0,-69.0,-69.0,23.0,6938924.0,11998.0,292.5,11997.0,4.0,2,2.0,-30.0,45,155.06519584332534,62.643278364767454,0.0,0,97.551
2026-07-17T15:35:18.869000Z,40,-67,80.0,3.0,4,10.0,0.0019741285903736,4344,48.383,10.105555555555558,24.635,260,cwpb-10m-2a,1,1.0,299.7,-91.0,5,2.0,7280005.0,108.0,-74.0,-72.0,16.0,6710694.0,21536.0,351.0,21535.0,4.0,3,2.0,-39.0,39,181.12148420631743,50.93202220459953,0.1000667111407605,42,173.153
2026-07-17T15:38:22.287000Z,40,-46,80.0,1.0,4,10.0,0.000713163993725,2896,3.49,7.566666666666666,10.812,650,cwpb-10m-2a,1,1.0,619.0,-91.0,5,0.0,4709174.0,468.0,-66.0,-60.0,25.0,8089375.0,26000.0,780.0,25999.0,4.0,3,2.0,-24.0,59,324.01831950216746,100.08286339132236,0.2153360267426837,105,2.637
2026-07-17T15:39:18.796000Z,40,-55,80.0,2.0,4,10.0,0.0015334273609528,2896,101.144,7.789999999999998,20.473,433,cwpb-10m-2a,1,1.0,202.796,-91.0,5,2.0,6972936.0,175.5,-69.0,-69.0,22.0,6417557.0,20960.0,234.0,20960.0,4.0,3,2.0,-30.0,40,159.27206155691016,65.29479518551676,0.1424598059833118,63,65.197
2026-07-17T15:40:54.660000Z,40,-62,80.0,3.0,4,10.0,0.0021022862537231,4344,22.058,7.504444444444445,23.31,260,cwpb-10m-2a,1,1.0,202.796,-92.0,5,3.0,6600651.0,108.0,-74.0,-74.0,19.0,6651466.0,23996.0,234.0,23990.0,4.0,3,2.0,-39.0,39,176.0727316341829,36.88720103348902,0.1717650907901194,84,303.115
2026-07-17T15:44:07.356000Z,40,-52,80.0,1.0,5,10.0,0.0003292666701427,1448,1.754,3.39,4.134,650,cwpb-10m-2a,1,1.0,619.0,-92.0,5,0.0,5219988.0,468.0,-65.0,-61.0,27.0,8189495.0,27675.0,780.0,27675.0,4.0,4,2.0,-25.0,61,350.1042270527081,139.79864374605907,0.0862529264385756,42,2.618
2026-07-17T15:44:54.619000Z,40,-58,80.0,2.0,3,10.0,0.0014256916888948,2896,44.498,15.16111111111111,27.29,325,cwpb-10m-2a,1,1.0,251.312,-91.0,5,3.0,6145027.0,234.0,-69.0,-70.0,23.0,7751815.0,27247.0,292.5,27247.0,4.0,2,2.0,-31.0,27,170.99081055155875,76.35666679912578,0.0976176641487507,42,38.562
2026-07-17T15:46:30.394000Z,40,-64,80.0,3.0,3,10.0,0.0012923337476893,2896,29.204,12.98222222222222,18.088,260,cwpb-10m-2a,1,1.0,251.312,-91.0,5,0.0,6346286.0,175.5,-75.0,-76.0,17.0,7430664.0,26593.0,292.5,26593.0,4.0,2,2.0,-38.0,39,183.61870584707648,58.87143202297257,0.0877944773093083,42,162.105
2026-07-17T15:49:51.351000Z,40,-47,80.0,1.0,4,10.0,0.0006766320312608,2896,2.641,7.728888888888888,8.128,650,cwpb-10m-2a,1,1.0,619.0,-91.0,5,0.0,5525549.0,526.6,-66.0,-67.0,26.0,8000349.0,23925.0,780.0,23925.0,4.0,3,40.0,-29.0,75,343.3181610695014,144.22198798707691,0.0431592576607682,21,2.544
2026-07-17T15:50:31.196000Z,40,-61,80.0,2.0,3,10.0,0.0013133374680486,2896,47.947,9.305555555555555,24.835,292,cwpb-10m-2a,1,1.0,330.359,-91.0,5,2.0,6246476.0,234.0,-69.0,-69.0,22.0,7958314.0,25411.0,390.0,25411.0,4.0,2,2.0,-30.0,37,180.24692384569255,63.4432537815126,0.0476341695776437,21,54.867
2026-07-17T15:52:05.933000Z,40,-61,80.0,3.0,3,10.0,0.0005971868277214,1448,25.041,17.736666666666665,24.757,260,cwpb-10m-2a,1,1.0,227.171,-91.0,5,0.0,6744603.0,121.5,-74.0,-74.0,18.0,7584271.0,25215.0,263.3,25215.0,4.0,2,2.0,-38.0,39,205.43872051179528,78.16184377171216,0.0801450243297395,42,76.144
2026-07-17T15:55:36.530000Z,40,-46,80.0,1.0,4,10.0,1.3633013705604056,679112,1.0,11.927333333333332,9.4042,351,cwpb-10m-2a,1,1.0,619.0,-91.0,5,0.0,2671576.0,526.6,-70.0,-71.0,21.0,3735110.0,4518.0,780.0,4518.0,4.0,3,2.0,-24.0,58,39.60075451729488,12.799159876532602,0.1212191179866081,42,1.111
2026-07-17T15:56:06.805000Z,40,-58,80.0,2.0,3,10.0,0.0026317224332527,4344,38.097,6.17,25.162,325,cwpb-10m-2a,1,1.0,299.7,-91.0,5,3.0,6339486.0,234.0,-70.0,-70.0,21.0,7187188.0,16078.0,351.0,16078.0,4.0,2,2.0,-30.0,45,145.03589686188286,80.42698925586947,0.040186003788966,21,35.723
2026-07-17T15:57:42.177000Z,40,-66,80.0,3.0,3,10.0,0.0496120236613905,85432,22.534,34.81666666666666,29.901,195,cwpb-10m-2a,1,1.0,107.7,-90.0,5,0.0,5899937.0,108.0,-79.0,-78.0,11.0,7228444.0,24554.0,121.5,24554.0,4.0,2,2.0,-38.0,39,145.0503932033983,42.16320253540656,3.1521823799755926,1214,188.558
2026-07-17T16:01:22.238000Z,40,-53,80.0,1.0,4,10.0,1.638026744816248,642912,1.0,23.041777777777774,19.8267,468,cwpb-10m-2a,1,1.0,563.578,-92.0,5,0.0,2764365.0,468.0,-71.0,-68.0,21.0,3711827.0,6158.0,702.0,6152.0,4.0,3,2.0,-22.0,73,30.943219167786012,6.853056914694309,0.2371496866236284,126,1.65
2026-07-17T16:01:42.760000Z,40,-57,80.0,2.0,4,10.0,1.063373238332863,422816,9.652,17.95,22.46666666666667,390,cwpb-10m-2a,1,1.0,251.312,-91.0,5,3.0,5936091.0,175.5,-69.0,-69.0,23.0,1973217.0,6019.0,292.5,6018.0,4.0,3,2.0,-30.0,38,36.876686182435805,73.67582165605096,0.2406049495875343,84,55.04
2026-07-17T16:03:17.472000Z,40,-69,80.0,3.0,4,10.0,0.0022137905206223,2896,20.258,9.499999999999998,27.130000000000003,195,cwpb-10m-2a,1,1.0,101.39,-91.0,5,2.0,5863930.0,175.5,-79.0,-80.0,12.0,7676537.0,18914.0,117.0,18913.0,4.0,3,40.0,-42.0,37,114.88946276117164,45.08012249705536,0.0463289798799858,21,177.102
2026-07-17T16:07:08.075000Z,40,-52,80.0,1.0,4,10.0,1.4867171773720884,534312,1.0,215.11111111111111,1041.9,527,cwpb-10m-2a,1,1.0,619.0,-92.0,5,0.0,2199030.0,526.6,-72.0,-72.0,20.0,3238177.0,5058.0,780.0,5058.0,4.0,3,2.0,-27.0,64,28.9244946762,6.472986965471555,6.270576913336372,1238,1.61
2026-07-17T16:08:52.834000Z,40,-71,80.0,3.0,4,10.0,0.0021950816346008,2896,48.833,8.448888888888892,24.892000000000003,195,cwpb-10m-2a,1,1.0,46.921,-92.0,5,0.0,5159226.0,117.0,-80.0,-80.0,13.0,7723173.0,8046.0,54.0,8044.0,4.0,3,40.0,-42.0,37,109.84682606957216,42.5844090954225,0.1292254676731211,63,258.035
2026-07-17T16:12:53.979000Z,40,-61,80.0,1.0,6,10.0,0.0,0,48.833,201.44444444444449,1947.1,527,cwpb-10m-2a,1,1.0,619.0,-92.0,5,0.0,1572602.0,468.0,-70.0,-67.0,22.0,2087390.0,3772.0,780.0,3772.0,3.0,5,2.0,-26.0,71,0.0,0.0,0.0,0,258.035
2026-07-17T16:12:57.887000Z,40,-59,80.0,2.0,4,10.0,0.0013977433549369,2896,32.13,7.611111111111111,26.578000000000003,325,cwpb-10m-2a,1,1.0,5.242,-92.0,5,3.0,6484998.0,234.0,-69.0,-67.0,23.0,7736622.0,24510.0,6.0,24510.0,3.0,3,2.0,-30.0,42,174.62341354581673,85.81722832140017,0.0386008124551954,21,49.74
2026-07-17T16:14:28.529000Z,40,-68,80.0,3.0,4,10.0,0.0038164644666775,4344,38.451,19.26888888888889,30.114,130,cwpb-10m-2a,1,1.0,35.468,-91.0,5,1.0,4885231.0,175.5,-78.0,-77.0,13.0,7168419.0,11221.0,40.5,11221.0,3.0,3,2.0,-40.0,33,94.7438984507746,42.06799443892751,0.0709915148237044,42,242.134
2026-07-17T16:18:32.989000Z,40,-58,80.0,2.0,4,10.0,0.0012749483116129,2984,21.276,10.76,26.466,325,cwpb-10m-2a,1,1.0,299.7,-91.0,5,2.0,6238364.0,234.0,-71.0,-72.0,20.0,7174294.0,22935.0,351.0,22935.0,3.0,3,2.0,-30.0,47,193.66064841095343,95.21157487347423,0.0462932345744329,21,35.605
2026-07-17T16:18:46.012000Z,40,-50,80.0,1.0,4,10.0,0.0,0,16.045,12.540666666666668,7.6702,650,cwpb-10m-2a,1,1.0,619.0,-92.0,5,0.0,2145343.0,216.0,-72.0,-68.0,20.0,1940858.0,3227.0,780.0,3227.0,4.0,3,2.0,-24.0,73,0.4701077602587785,7.412007218519945,11.617509562260944,6834,4.768
2026-07-17T16:20:04.146000Z,40,-70,80.0,3.0,4,10.0,0.0048835407073134,5792,13.291,18.44,36.524,195,cwpb-10m-2a,1,1.0,118.742,-91.0,5,1.0,5103910.0,87.8,-77.0,-80.0,14.0,7538876.0,10752.0,135.0,10752.0,4.0,3,2.0,-40.0,33,97.2592231884058,45.23309797699326,0.0723289935937177,42,198.621
2026-07-17T16:24:08.762000Z,40,-57,80.0,2.0,4,10.0,0.0021760609649728,4344,36.145,15.59222222222222,28.767,390,cwpb-10m-2a,1,1.0,330.359,-91.0,5,3.0,5426438.0,263.3,-71.0,-72.0,20.0,7154622.0,16377.0,390.0,16377.0,4.0,3,2.0,-31.0,47,165.12347881694643,70.05078896168354,0.1538039000274649,84,84.974
2026-07-17T16:26:04.840000Z,40,-50,80.0,1.0,4,10.0,0.1091892261041464,209960,2.771,185.95111111111112,193.527,468,cwpb-10m-2a,1,1.0,619.0,-85.0,5,0.0,0.0,468.0,-69.0,-69.0,16.0,0.0,0.0,780.0,0.0,4.0,3,2.0,-27.0,82,148.83214013218569,0.8061644355645374,4.497896667026211,1251,6.966
2026-07-17T16:27:31.773000Z,40,-59,80.0,2.0,3,10.0,0.001229084178821,2896,48.352,6.516666666666668,18.667,325,cwpb-10m-2a,1,1.0,330.359,-92.0,5,2.0,5430432.0,39.0,-69.0,-70.0,23.0,6506387.0,12590.0,390.0,12590.0,4.0,2,2.0,-32.0,44,194.47956990106923,83.99821606099614,0.0,0,36.967
2026-07-17T16:29:01.189000Z,40,-65,80.0,3.0,4,10.0,0.0020244803293214,2896,40.598,7.17,26.327000000000005,195,cwpb-10m-2a,1,1.0,157.281,-91.0,5,3.0,5318538.0,117.0,-73.0,-75.0,18.0,8046964.0,6816.0,180.0,6815.0,4.0,3,2.0,-41.0,38,123.21396642685852,43.14784454825564,0.088109423512629,42,213.569
2026-07-17T16:31:48.872000Z,40,-42,80.0,1.0,4,10.0,0.0005840283009627,2896,1.995,5.044444444444444,6.58,650,cwpb-10m-2a,1,1.0,478.125,-92.0,5,0.0,5279831.0,351.0,-65.0,-60.0,27.0,8753742.0,27839.0,585.0,27839.0,4.0,3,40.0,-29.0,76,395.4573546473561,164.09949795819264,0.1854673113863681,84,2.172
2026-07-17T16:33:07.393000Z,40,-57,80.0,2.0,3,10.0,0.0018481124526395,4344,44.904,6.567777777777779,21.237,390,cwpb-10m-2a,1,1.0,330.359,-92.0,5,3.0,5580859.0,234.0,-73.0,-73.0,20.0,7273517.0,24356.0,390.0,24356.0,4.0,2,2.0,-34.0,40,196.1365179856115,87.29483429023955,0.0402106270943034,21,47.826
2026-07-17T16:34:36.819000Z,40,-63,80.0,3.0,4,10.0,0.0013249088164446,2896,24.665,13.495555555555557,27.707,260,cwpb-10m-2a,1,1.0,227.171,-91.0,5,3.0,6360783.0,87.8,-73.0,-75.0,19.0,7311443.0,17972.0,263.3,17972.0,4.0,3,2.0,-41.0,38,181.10338110944528,56.09536879856545,0.1199885725169031,63,138.461
2026-07-17T16:37:33.598000Z,40,-43,80.0,1.0,4,10.0,0.0002776617551344,1448,1.691,34.418888888888894,30.639,650,cwpb-10m-2a,1,1.0,619.0,-91.0,5,0.0,5803581.0,351.0,-65.0,-60.0,26.0,8377946.0,20274.0,780.0,20274.0,4.0,3,40.0,-28.0,73,416.257046710506,189.3635256071084,0.0,0,3.092
2026-07-17T16:38:43.188000Z,40,-60,80.0,2.0,4,10.0,0.0014583979104139,2896,40.153,15.867777777777778,25.214,260,cwpb-10m-2a,1,1.0,101.39,-91.0,5,1.0,5977522.0,234.0,-72.0,-73.0,19.0,7097348.0,21471.0,117.0,21470.0,4.0,3,2.0,-34.0,44,170.1696236634356,64.20065758870888,0.042092603728202,21,50.106
2026-07-17T16:40:12.420000Z,40,-64,80.0,3.0,3,10.0,0.0011676733064269,2896,24.257,17.554444444444446,30.241,292,cwpb-10m-2a,1,1.0,153.406,-91.0,5,0.0,4726350.0,117.0,-72.0,-74.0,20.0,6965266.0,18975.0,175.5,18975.0,4.0,2,2.0,-39.0,40,204.60019512195123,45.06535066997519,0.2566170540362197,105,260.134
2026-07-17T16:43:17.693000Z,40,-51,80.0,1.0,4,10.0,0.0008319346559605,4344,1.722,3.01,5.817,468,cwpb-10m-2a,1,1.0,619.0,-92.0,5,0.0,5068301.0,468.0,-64.0,-60.0,28.0,8732033.0,24022.0,780.0,24022.0,4.0,3,40.0,-29.0,74,416.7253492308428,108.74566812978016,0.1922126421000604,105,2.203
2026-07-17T16:44:18.937000Z,40,-58,80.0,2.0,4,10.0,0.0435198930283506,95568,31.612,7.624444444444445,26.69,325,cwpb-10m-2a,1,1.0,299.7,-92.0,5,2.0,5675843.0,58.5,-73.0,-72.0,21.0,7173765.0,22877.0,351.0,22851.0,4.0,3,2.0,-34.0,46,181.85094265734267,80.92441332670313,0.0,0,42.445
2026-07-17T16:45:48.394000Z,40,-65,80.0,3.0,3,10.0,0.0,0,40.585,19.756666666666664,39.645,292,cwpb-10m-2a,1,1.0,227.171,-91.0,5,2.0,5199466.0,117.0,-75.0,-70.0,16.0,6752600.0,20402.0,263.3,20402.0,4.0,2,2.0,-39.0,40,176.92885725709715,45.21344433379805,2.326058954206881,1246,316.823
2026-07-17T16:49:02.786000Z,40,-44,80.0,1.0,4,10.0,0.0,0,3.623,3.6822222222222223,5.71,650,cwpb-10m-2a,1,1.0,478.125,-92.0,5,0.0,5939660.0,526.6,-64.0,-65.0,29.0,8236412.0,18315.0,585.0,18315.0,4.0,3,40.0,-28.0,71,415.57748799806654,215.20002424137448,0.0770416024653312,42,2.12
2026-07-17T16:49:54.900000Z,40,-58,80.0,2.0,4,10.0,0.0011781908540949,2896,50.675,13.433333333333334,28.059999999999995,325,cwpb-10m-2a,1,1.0,299.7,-91.0,5,2.0,5115352.0,325.0,-72.0,-72.0,20.0,7011576.0,20746.0,351.0,20746.0,4.0,3,2.0,-33.0,43,202.04422626424144,96.24158747150362,0.0384728125458009,21,28.485
2026-07-17T16:51:24.169000Z,40,-65,80.0,3.0,4,10.0,0.0029148828442557,5792,43.82,11.404444444444444,21.526000000000003,260,cwpb-10m-2a,1,1.0,227.171,-92.0,5,2.0,5116079.0,234.0,-76.0,-77.0,17.0,6283386.0,19442.0,263.3,19441.0,4.0,3,2.0,-41.0,36,165.1729911044478,56.12916732751784,0.0353648473417423,21,113.541
2026-07-17T16:54:46.718000Z,40,-49,80.0,1.0,4,10.0,0.001028072426396,4344,2.901,1.1633333333333336,4.179,58,cwpb-10m-2a,1,1.0,619.0,-92.0,5,0.0,4875827.0,526.6,-70.0,-65.0,22.0,8113222.0,25872.0,780.0,25870.0,4.0,3,2.0,-28.0,64,336.35940051303805,154.4144384705902,0.1321807729428055,63,3.916
2026-07-17T16:55:30.757000Z,40,-54,80.0,2.0,4,10.0,0.0010613413677852,2896,16.284,11.498888888888889,24.271,433,cwpb-10m-2a,1,1.0,330.359,-91.0,5,1.0,6213119.0,325.0,-71.0,-72.0,21.0,7335833.0,12219.0,390.0,12219.0,4.0,3,40.0,-37.0,38,236.36964988009592,118.9880871208354,0.0,0,19.408
2026-07-17T16:56:59.848000Z,40,-69,80.0,3.0,4,10.0,0.003356200825168,4344,27.014,19.164444444444445,39.582,195,cwpb-10m-2a,1,1.0,76.703,-92.0,5,2.0,4733828.0,117.0,-77.0,-75.0,15.0,5946372.0,20492.0,87.8,20491.0,4.0,3,2.0,-43.0,37,107.32052213893051,32.35321518987342,2.375340725104011,1159,279.239
2026-07-17T17:00:31.809000Z,40,-51,80.0,1.0,4,10.0,0.0015933914792658,5792,3.334,51.99555555555556,30.718,527,cwpb-10m-2a,1,1.0,619.0,-91.0,5,0.0,4087368.0,351.0,-70.0,-65.0,22.0,6936701.0,22674.0,780.0,22673.0,4.0,3,40.0,-30.0,72,289.0001332424308,98.33538671841212,0.185561544578952,84,2.85
2026-07-17T17:01:06.041000Z,40,-56,80.0,2.0,4,10.0,0.0017944860697648,4344,24.304,8.488888888888887,28.181,390,cwpb-10m-2a,1,1.0,330.359,-91.0,5,3.0,6137580.0,234.0,-70.0,-70.0,21.0,6807697.0,17299.0,390.0,17299.0,4.0,3,40.0,-36.0,43,199.5092139502348,64.93571007566706,1.960622377853391,1187,152.869
2026-07-17T17:02:35.696000Z,40,-68,80.0,3.0,4,10.0,0.0020240563005238,2896,20.72,15.032222222222224,39.071,195,cwpb-10m-2a,1,1.0,153.406,-92.0,5,1.0,4913692.0,58.5,-78.0,-77.0,14.0,7512934.0,24369.0,175.5,24368.0,4.0,3,2.0,-43.0,37,119.05870424787608,32.55349018051974,0.0,0,60.557
2026-07-17T17:06:15.169000Z,40,-50,80.0,1.0,4,10.0,0.0010683231249533,4344,2.859,3.1833333333333336,5.495,527,cwpb-10m-2a,1,1.0,563.578,-92.0,5,0.0,4859031.0,526.6,-70.0,-65.0,22.0,7217322.0,21521.0,702.0,21521.0,4.0,3,2.0,-30.0,74,324.88870893475644,104.1060062466381,0.1478899276395711,84,2.201
2026-07-17T17:06:41.685000Z,40,-55,80.0,2.0,4,10.0,0.0005948033770635,1448,58.217,11.305555555555555,25.285000000000004,433,cwpb-10m-2a,1,1.0,251.312,-91.0,5,4.0,5451772.0,117.0,-69.0,-70.0,22.0,7163112.0,17775.0,292.5,17775.0,4.0,3,40.0,-36.0,43,202.0240359748176,67.43521714966256,0.103425349060553,42,75.017
2026-07-17T17:08:11.005000Z,40,-68,80.0,3.0,3,10.0,0.0028729087089608,4344,40.925,16.167777777777776,32.358999999999995,130,cwpb-10m-2a,1,1.0,25.343,-92.0,5,2.0,5091118.0,87.8,-77.0,-75.0,15.0,7860028.0,26019.0,29.3,26013.0,4.0,2,40.0,-43.0,33,124.94028308676528,24.91645098429111,3.1461900184458704,1211,383.225
2026-07-17T17:11:59.264000Z,40,-54,80.0,1.0,4,10.0,0.000830697589545,2896,2.704,4.973333333333333,11.555,468,cwpb-10m-2a,1,1.0,619.0,-92.0,5,0.0,4919449.0,468.0,-72.0,-67.0,20.0,7379681.0,23905.0,780.0,23904.0,4.0,3,40.0,-30.0,73,279.1769051816239,98.89259195631143,2.26776907987607,1237,2.39
2026-07-17T17:12:17.503000Z,40,-58,80.0,2.0,3,10.0,0.4306116631355887,405440,24.088,13.85,15.781,325,cwpb-10m-2a,1,1.0,251.312,-91.0,5,4.0,5755168.0,234.0,-71.0,-71.0,21.0,3090257.0,5781.0,292.5,5780.0,4.0,2,40.0,-36.0,38,81.33696281487406,62.196585987261145,0.0927766732935719,42,93.509
2026-07-17T17:13:48.074000Z,40,-69,80.0,3.0,3,10.0,0.0053390451027033,7056,67.194,19.27777777777778,37.66,195,cwpb-10m-2a,1,1.0,153.406,-91.0,5,3.0,5661525.0,117.0,-75.0,-74.0,16.0,6490392.0,27489.0,175.5,27488.0,4.0,2,40.0,-43.0,33,109.84682606957216,28.585331365023126,2.323075080828643,1164,322.618
2026-07-17T17:17:44.493000Z,40,-51,80.0,1.0,4,10.0,0.0024673315981433,8688,2.995,194.88888888888889,194.08,527,cwpb-10m-2a,1,1.0,478.125,-92.0,5,0.0,1439792.0,216.0,-72.0,-71.0,20.0,6815503.0,23410.0,585.0,23410.0,4.0,3,40.0,-30.0,73,280.727667517305,10.752396511666628,2.4476791880496784,1283,1.385
2026-07-17T17:17:52.835000Z,40,-57,80.0,2.0,3,10.0,0.00126826471992,2896,53.318,14.577777777777776,40.53,390,cwpb-10m-2a,1,1.0,330.359,-92.0,4,3.0,3799042.0,325.0,-71.0,-72.0,21.0,6084422.0,12249.0,390.0,12249.0,4.0,2,40.0,-37.0,41,187.7546155075939,45.78524607121544,14.252829127714907,8111,34.557
2026-07-17T17:19:23.348000Z,40,-66,80.0,3.0,3,10.0,0.0027029506479748,4040,53.245,12.51,30.674,195,cwpb-10m-2a,1,1.0,101.39,-91.0,5,2.0,4974766.0,117.0,-78.0,-79.0,13.0,7257988.0,30072.0,117.0,30071.0,4.0,2,40.0,-44.0,38,127.44312003998002,25.51730428809734,0.0441399024718345,21,316.385
2026-07-17T17:23:28.896000Z,40,-59,80.0,2.0,3,10.0,1.1216624303926708,913688,11.678,24.155555555555555,49.85,292,cwpb-10m-2a,1,1.0,25.343,-91.0,5,1.0,5084492.0,150.0,-72.0,-73.0,19.0,3299399.0,10795.0,29.3,10795.0,4.0,2,2.0,-32.0,39,72.92983871290097,47.790606826549904,2.624262561876992,1161,169.82
2026-07-17T17:23:32.698000Z,40,-50,80.0,1.0,4,10.0,0.0011617314694533,2896,2.727,193.87125,323.05333333333334,468,cwpb-10m-2a,1,1.0,619.0,-88.0,5,0.0,1300218.0,162.0,-71.0,-68.0,17.0,5727885.0,19233.0,780.0,19233.0,4.0,3,40.0,-30.0,53,198.52746228222503,15.03741673058196,0.3803142119798977,84,8.056
2026-07-17T17:24:58.980000Z,40,-67,80.0,3.0,3,10.0,0.0009958079785125,1448,42.453,9.446666666666664,32.248000000000005,195,cwpb-10m-2a,1,1.0,251.312,-92.0,5,1.0,5293948.0,175.5,-78.0,-79.0,14.0,7328497.0,30569.0,292.5,30566.0,4.0,2,40.0,-44.0,38,124.0769522286628,43.6300693481276,2.7336343115124158,1211,202.503
2026-07-17T17:29:04.733000Z,40,-58,80.0,2.0,4,10.0,0.0017825228850661,4344,31.037,13.688888888888888,32.71,325,cwpb-10m-2a,1,1.0,330.359,-92.0,5,1.0,4690237.0,234.0,-71.0,-71.0,22.0,6997309.0,20334.0,390.0,20330.0,4.0,3,2.0,-33.0,38,200.36751069358385,59.72310649658855,0.0420614096581008,21,91.185
2026-07-17T17:30:35.054000Z,40,-68,80.0,3.0,4,10.0,0.0027080264257497,4344,44.027,19.77111111111111,37.456,195,cwpb-10m-2a,1,1.0,101.39,-91.0,5,0.0,5117963.0,40.5,-75.0,-72.0,16.0,7434446.0,34738.0,117.0,34736.0,4.0,3,2.0,-38.0,39,132.47376951524237,35.68779202222663,0.0347641829589286,21,273.789
2026-07-17T17:34:40.202000Z,40,-57,80.0,2.0,4,10.0,0.0005535848410976,1448,39.86,8.598888888888888,28.987,390,cwpb-10m-2a,1,1.0,330.359,-92.0,5,2.0,6248718.0,175.5,-70.0,-70.0,22.0,7620450.0,20670.0,390.0,20670.0,4.0,3,2.0,-33.0,39,217.92946442845724,96.02420455896927,0.0,0,17.268
2026-07-17T17:36:10.728000Z,40,-68,80.0,3.0,4,10.0,0.003360750163999,4344,56.588,25.55111111111111,38.563,195,cwpb-10m-2a,1,1.0,153.406,-91.0,5,1.0,4912034.0,87.8,-76.0,-74.0,15.0,6836492.0,25635.0,175.5,25634.0,4.0,3,2.0,-38.0,39,113.1896131934033,21.606268756778075,0.1003728133065672,42,294.271
2026-07-17T17:40:16.138000Z,40,-59,80.0,2.0,3,10.0,0.0006670322691416,1448,57.422,15.150000000000002,24.451,292,cwpb-10m-2a,1,1.0,330.359,-91.0,5,1.0,4264206.0,39.0,-71.0,-73.0,20.0,6168493.0,13615.0,390.0,13615.0,4.0,2,2.0,-33.0,36,190.30721726963824,40.07429069306931,0.07534713501489,42,108.34
2026-07-17T17:41:46.345000Z,40,-67,80.0,3.0,3,10.0,0.0023917080893586,3656,41.44,11.664444444444444,25.013,260,cwpb-10m-2a,1,1.0,153.406,-92.0,5,2.0,5460834.0,175.5,-78.0,-78.0,15.0,7428207.0,29023.0,175.5,29019.0,4.0,2,2.0,-38.0,37,129.97143542582967,31.024190627482128,8.426524237583157,3534,191.205
2026-07-17T17:45:33.287000Z,40,-49,80.0,1.0,4,10.0,0.0041432094628157,14480,2.659,2.3711111111111114,4.668,351,cwpb-10m-2a,1,1.0,619.0,-92.0,5,1.0,0.0,526.6,-70.0,-68.0,22.0,0.0,0.0,780.0,0.0,4.0,3,40.0,-38.0,88,278.58907473225355,91.6056533551623,0.1902647851593467,84,2.552
2026-07-17T17:47:14.477000Z,40,-58,80.0,2.0,3,10.0,0.0011594822328886,2896,59.837,6.23111111111111,23.586,390,cwpb-10m-2a,1,1.0,227.171,-91.0,5,3.0,5718121.0,117.0,-72.0,-72.0,20.0,7326358.0,20031.0,263.3,20031.0,4.0,2,2.0,-33.0,36,208.7302280403717,35.79434394904459,2.913097896777677,1187,243.432
2026-07-17T17:48:46.762000Z,40,-68,80.0,3.0,3,10.0,0.0024775209460023,4344,47.604,10.863333333333332,28.065000000000005,260,cwpb-10m-2a,1,1.0,202.796,-91.0,5,2.0,5177493.0,117.0,-77.0,-75.0,14.0,6995102.0,26308.0,234.0,26308.0,4.0,2,2.0,-38.0,37,154.2886717313075,40.08412578616352,0.0419949606047274,21,224.903
2026-07-17T17:51:18.326000Z,40,-51,80.0,1.0,4,10.0,0.0004871032714575,1448,3.86,5.8933333333333335,8.591,468,cwpb-10m-2a,1,1.0,619.0,-92.0,5,0.0,4639741.0,468.0,-70.0,-66.0,22.0,6918727.0,24879.0,780.0,24879.0,4.0,3,40.0,-31.0,65,235.86032212289192,116.5561168295188,0.151060118330426,84,2.467
2026-07-17T17:52:50.221000Z,40,-59,80.0,2.0,3,10.0,0.0013048545817066,2896,70.25,14.902222222222225,27.835,292,cwpb-10m-2a,1,1.0,202.796,-91.0,5,0.0,5059218.0,263.3,-71.0,-72.0,20.0,6640119.0,18744.0,234.0,18744.0,4.0,2,2.0,-33.0,43,183.4536800479329,61.11522840236687,0.0,0,51.043
2026-07-17T17:54:23.283000Z,40,-66,80.0,3.0,4,10.0,0.0039758354869566,5792,28.81,27.433333333333334,34.588,260,cwpb-10m-2a,1,1.0,101.39,-92.0,5,1.0,5120621.0,87.8,-75.0,-72.0,17.0,4960955.0,18988.0,117.0,18987.0,4.0,3,2.0,-39.0,39,126.60467846076962,27.297984101748806,2.1354974012947934,1171,387.287
2026-07-17T17:57:02.963000Z,40,-50,80.0,1.0,4,10.0,0.0051272504722759,8688,3.009,16.65888888888889,11.053,527,cwpb-10m-2a,1,1.0,304.687,-91.0,5,0.0,4734658.0,108.0,-67.0,-64.0,24.0,7158204.0,21376.0,360.0,21376.0,4.0,3,40.0,-31.0,64,135.4212883921257,67.60021565926336,0.09295737240494,42,2.413
2026-07-17T17:58:25.972000Z,40,-59,80.0,2.0,4,10.0,0.0012374492902168,2896,52.039,9.601111111111107,27.496,292,cwpb-10m-2a,1,1.0,330.359,-91.0,5,2.0,5696563.0,39.0,-72.0,-75.0,19.0,6973785.0,22464.0,390.0,22464.0,4.0,3,2.0,-33.0,38,192.7452387612388,59.62429770765109,0.050155242417005,21,120.593
2026-07-17T17:59:58.570000Z,40,-66,80.0,3.0,4,10.0,0.0029202668333316,5792,14.782,29.81555555555555,34.688,260,cwpb-10m-2a,1,1.0,153.406,-91.0,5,1.0,5396049.0,175.5,-76.0,-74.0,15.0,6282618.0,23461.0,175.5,23461.0,4.0,3,2.0,-39.0,39,165.15648370977414,26.77170991456388,0.0881075751536638,42,425.277
2026-07-17T18:02:47.445000Z,40,-52,80.0,1.0,4,10.0,0.001293632113195,4344,3.161,3.905555555555556,8.514,527,cwpb-10m-2a,1,1.0,563.578,-92.0,5,0.0,4853010.0,468.0,-71.0,-66.0,21.0,7585265.0,27632.0,702.0,27631.0,4.0,3,40.0,-30.0,63,267.95314638237267,74.563093296596,0.1295336787564766,63,2.531
2026-07-17T18:04:01.651000Z,40,-56,80.0,2.0,3,10.0,0.00122552185141,2896,33.994,15.971111111111108,28.101,390,cwpb-10m-2a,1,1.0,251.312,-92.0,5,2.0,5066150.0,234.0,-69.0,-69.0,23.0,7064019.0,19570.0,292.5,19570.0,4.0,2,2.0,-33.0,38,196.99439192565205,54.29754930693069,0.0951065419714227,42,121.232
2026-07-17T18:05:35.741000Z,40,-65,80.0,3.0,4,10.0,0.002277648641112,4344,28.402,23.42,32.07899999999999,260,cwpb-10m-2a,1,1.0,202.796,-91.0,5,1.0,6204741.0,26.0,-74.0,-73.0,17.0,6652603.0,27709.0,234.0,27708.0,4.0,3,2.0,-36.0,37,157.62701689155423,37.04406628957031,0.1030649554612156,42,268.278
2026-07-17T18:08:30.888000Z,40,-50,80.0,1.0,4,10.0,0.002766802161161,8016,2.61,7.514444444444445,10.114,468,cwpb-10m-2a,1,1.0,619.0,-91.0,5,0.0,5640702.0,650.0,-71.0,-66.0,20.0,7330636.0,27492.0,780.0,27491.0,4.0,3,40.0,-31.0,67,231.0470791621844,90.4080675326452,0.1955216237605325,84,2.719
2026-07-17T18:09:37.452000Z,40,-61,80.0,2.0,3,10.0,0.0015455498517745,2896,28.671,22.044444444444444,28.28,292,cwpb-10m-2a,1,1.0,101.39,-91.0,5,2.0,4553230.0,121.5,-71.0,-70.0,19.0,6583520.0,25243.0,117.0,25243.0,4.0,2,2.0,-34.0,39,162.6251575896872,46.899831030712654,2.4787303664921465,1212,201.552
2026-07-17T18:11:12.276000Z,40,-65,80.0,3.0,4,10.0,0.0418690459892881,31856,42.106,22.71,37.571000000000005,195,cwpb-10m-2a,1,1.0,5.242,-92.0,5,1.0,4044095.0,58.5,-78.0,-79.0,15.0,5407341.0,28797.0,6.0,28795.0,4.0,3,2.0,-36.0,37,65.40498040783686,8.459545878693623,0.0723426976936459,42,229.241
2026-07-17T18:14:15.749000Z,40,-49,80.0,1.0,4,10.0,0.0009576394367771,4344,1.771,2.747777777777777,3.68,58,cwpb-10m-2a,1,1.0,619.0,-91.0,5,0.0,4914947.0,526.6,-69.0,-64.0,22.0,7655220.0,20385.0,780.0,20385.0,4.0,3,40.0,-31.0,64,361.7215443499963,92.02667210441284,2.3424657534246576,1197,2.794
2026-07-17T18:15:12.957000Z,40,-58,80.0,2.0,3,10.0,0.0013822293794381,2896,44.982,18.22111111111111,30.493999999999996,325,cwpb-10m-2a,1,1.0,202.796,-92.0,5,3.0,5255464.0,234.0,-71.0,-71.0,21.0,6617960.0,20160.0,234.0,20160.0,4.0,2,2.0,-34.0,39,176.03754172079545,51.945704944020605,0.0419815281276238,21,69.585
2026-07-17T18:16:47.682000Z,40,-65,80.0,3.0,3,10.0,0.0027165503352763,2896,11.169,22.62777777777778,44.965,260,cwpb-10m-2a,1,1.0,11.726,-90.0,5,3.0,4992958.0,117.0,-78.0,-75.0,12.0,6128005.0,22522.0,13.5,22522.0,4.0,2,2.0,-37.0,33,94.7344297421547,26.096963663514185,4.561862207566682,2338,258.919
2026-07-17T18:19:59.767000Z,40,-51,80.0,1.0,4,10.0,0.0007733273211762,2896,2.939,2.301111111111111,5.878,468,cwpb-10m-2a,1,1.0,619.0,-92.0,5,0.0,4555952.0,468.0,-69.0,-67.0,23.0,7190517.0,23127.0,780.0,23127.0,4.0,3,2.0,-30.0,58,299.7330246762233,79.74922762136983,0.0503319512019749,21,2.345
2026-07-17T18:20:48.903000Z,40,-59,80.0,2.0,3,10.0,0.0012034940957643,2896,43.663,7.814444444444443,25.910000000000004,292,cwpb-10m-2a,1,1.0,202.796,-91.0,5,2.0,5339084.0,234.0,-71.0,-71.0,20.0,6654735.0,12574.0,234.0,12572.0,4.0,2,40.0,-36.0,35,201.9634893106893,62.410276629570745,0.0420841683366733,21,57.681
2026-07-17T18:22:23.243000Z,40,-68,80.0,3.0,3,10.0,0.0020389745287396,4344,40.539,14.588888888888889,31.97,260,cwpb-10m-2a,1,1.0,227.171,-91.0,5,2.0,5129506.0,121.5,-77.0,-78.0,15.0,6734578.0,19900.0,263.3,19899.0,4.0,2,2.0,-37.0,33,175.25180647740905,45.49114181243206,0.0515046722095504,21,210.513
2026-07-17T18:25:43.842000Z,40,-61,80.0,1.0,4,10.0,0.0003390699043702,1448,2.943,1.8522222222222224,5.171,527,cwpb-10m-2a,1,1.0,619.0,-92.0,5,0.0,5265318.0,780.0,-70.0,-66.0,22.0,7236595.0,18799.0,780.0,18799.0,3.0,3,40.0,-30.0,59,342.449277028133,92.29336802663448,0.0385830822370838,21,2.931
2026-07-17T18:26:24.729000Z,40,-60,80.0,2.0,4,10.0,0.0018963003773323,4344,27.885,8.155555555555557,22.633,260,cwpb-10m-2a,1,1.0,202.796,-91.0,5,1.0,5766594.0,234.0,-70.0,-70.0,21.0,7286206.0,24565.0,234.0,24565.0,3.0,3,40.0,-35.0,35,189.44992585190369,79.41704721200676,0.0487963565387117,21,62.06
2026-07-17T18:28:01.040000Z,40,-66,80.0,3.0,4,10.0,0.0026424859441577,4600,13.8,14.47,27.517000000000003,260,cwpb-10m-2a,1,1.0,51.585,-90.0,5,4.0,6167059.0,13.0,-74.0,-73.0,16.0,6560800.0,26375.0,58.5,26375.0,3.0,3,40.0,-42.0,28,143.3735100449775,13.60438308408438,5.425128072826448,2944,768.686
2026-07-17T18:31:27.762000Z,40,-49,80.0,1.0,4,10.0,0.001443937910261,5792,2.066,3.882222222222222,6.163,650,cwpb-10m-2a,1,1.0,619.0,-91.0,5,0.0,5009157.0,351.0,-70.0,-66.0,21.0,7871646.0,23088.0,780.0,23088.0,4.0,3,40.0,-29.0,68,320.2819728196094,82.32535799612178,0.1906794088938324,84,2.271
2026-07-17T18:32:00.332000Z,40,-62,80.0,2.0,4,10.0,0.0012738627572639,2896,51.274,9.32777777777778,25.265,260,cwpb-10m-2a,1,1.0,227.171,-91.0,5,2.0,5176956.0,117.0,-71.0,-70.0,20.0,6379373.0,11960.0,263.3,11960.0,4.0,3,40.0,-36.0,30,186.89775042461784,36.79395868340417,0.0,0,112.007
2026-07-17T18:33:37.160000Z,40,-66,80.0,3.0,4,10.0,0.0007686644141543,1448,39.919,15.956666666666669,30.999,195,cwpb-10m-2a,1,1.0,202.796,-91.0,5,2.0,5666884.0,40.5,-75.0,-73.0,16.0,6452012.0,21321.0,234.0,21321.0,4.0,3,40.0,-42.0,28,160.1423416291854,15.508420429895484,0.0752593760639346,42,429.245
2026-07-17T18:37:11.596000Z,40,-49,80.0,1.0,4,10.0,0.0016834352434418,7240,3.073,4.915555555555556,6.937,527,cwpb-10m-2a,1,1.0,563.578,-91.0,5,0.0,4473194.0,526.6,-69.0,-64.0,22.0,7526911.0,21995.0,702.0,21992.0,4.0,3,2.0,-29.0,74,343.8477628612874,104.52832467034705,0.1396152823331265,63,3.027
2026-07-17T18:37:35.956000Z,40,-60,80.0,2.0,4,10.0,0.1932182390217292,183896,15.778,13.053333333333333,29.472,260,cwpb-10m-2a,1,1.0,251.312,-91.0,5,1.0,5308568.0,117.0,-71.0,-70.0,20.0,3314255.0,5894.0,292.5,5894.0,4.0,3,40.0,-36.0,33,79.61216383616383,65.62729393034826,0.0,0,40.052
2026-07-17T18:39:13.765000Z,40,-67,80.0,3.0,3,10.0,0.0007182010151791,1448,29.474,10.655555555555557,28.0,195,cwpb-10m-2a,1,1.0,251.312,-91.0,5,1.0,5978014.0,29.3,-78.0,-77.0,13.0,6947163.0,22326.0,292.5,22326.0,4.0,2,40.0,-44.0,37,166.86655257896842,14.160168753080336,0.1094833428914029,42,602.206
2026-07-17T18:42:56.826000Z,40,-58,80.0,1.0,4,10.0,0.0015228843265076,5792,4.804,126.82,139.171,468,cwpb-10m-2a,1,1.0,478.125,-92.0,5,0.0,3915630.0,468.0,-71.0,-71.0,21.0,7132448.0,20630.0,585.0,20630.0,4.0,3,2.0,-28.0,59,304.4964803184696,72.75554413738574,3.446301212973085,1324,2.756
2026-07-17T18:43:11.810000Z,40,-58,80.0,2.0,3,10.0,0.0052814494631669,5792,42.777,10.27888888888889,31.859,325,cwpb-10m-2a,1,1.0,202.796,-92.0,5,2.0,4429124.0,263.3,-72.0,-73.0,20.0,3790194.0,7373.0,234.0,7359.0,4.0,2,40.0,-36.0,39,91.37186689317478,59.98057064093729,5.817873782295638,3434,64.112
2026-07-17T18:44:49.941000Z,40,-66,80.0,3.0,3,10.0,0.0054163270240604,5792,18.523,49.73111111111111,56.373000000000005,195,cwpb-10m-2a,1,1.0,101.39,-91.0,5,1.0,4943189.0,108.0,-83.0,-84.0,9.0,5299070.0,25206.0,117.0,25203.0,4.0,2,40.0,-44.0,37,92.23779288284686,18.44543351222421,0.1465593449029917,63,419.343
2026-07-17T18:48:43.912000Z,40,-50,80.0,1.0,4,10.0,0.0008024242455611,2896,1.784,225.66444444444443,260.056,585,cwpb-10m-2a,1,1.0,153.406,-91.0,5,0.0,920874.0,526.6,-71.0,-71.0,21.0,7028325.0,16258.0,175.5,16257.0,4.0,3,2.0,-30.0,68,286.97287172486875,0.7156111851003095,5.550885006021222,2443,6.652
2026-07-17T18:48:48.143000Z,40,-59,80.0,2.0,3,10.0,0.0018295244237096,2984,48.15,25.27555555555556,30.241000000000003,325,cwpb-10m-2a,1,1.0,227.171,-91.0,5,4.0,3672470.0,135.0,-72.0,-68.0,19.0,5895221.0,18603.0,263.3,18603.0,4.0,2,40.0,-36.0,37,138.31521135205355,44.726463677044656,0.0694697145125541,21,54.487
2026-07-17T18:50:25.861000Z,40,-68,80.0,3.0,3,10.0,0.0012654136389969,2416,32.058,14.476666666666668,22.337,260,cwpb-10m-2a,1,1.0,227.171,-91.0,5,2.0,6178696.0,87.8,-77.0,-75.0,14.0,6717833.0,26384.0,263.3,26384.0,4.0,2,40.0,-44.0,37,158.4496214271437,45.04870164323896,0.2004294917680744,84,175.678
2026-07-17T18:54:24.060000Z,40,-60,80.0,2.0,3,10.0,0.0057384676389149,10136,44.923,12.94222222222222,28.201,292,cwpb-10m-2a,1,1.0,101.39,-90.0,5,1.0,4638949.0,175.5,-70.0,-71.0,20.0,6065010.0,14639.0,117.0,14639.0,4.0,2,40.0,-36.0,38,147.50674472974322,46.01021870047544,0.1503185321276037,63,165.033
2026-07-17T18:54:30.384000Z,40,-51,80.0,1.0,4,10.0,0.0087524894587439,7456,4.359,2.0744444444444445,4.458,468,cwpb-10m-2a,1,1.0,619.0,-91.0,5,0.0,823681.0,468.0,-71.0,-66.0,20.0,2619364.0,6758.0,780.0,6758.0,4.0,3,2.0,-30.0,58,60.609035773012,1.6151485755402588,3.033934171277057,1190,7.664
2026-07-17T18:56:01.582000Z,40,-68,80.0,3.0,3,10.0,0.0027047566604245,4192,79.14,32.45666666666667,41.50899999999999,195,cwpb-10m-2a,1,1.0,51.585,-91.0,5,0.0,5177210.0,121.5,-81.0,-81.0,10.0,6313053.0,29971.0,58.5,29971.0,4.0,2,40.0,-44.0,37,127.44312003998002,29.23943755562148,2.2592832881731097,1184,234.195
2026-07-17T19:00:00.035000Z,40,-57,80.0,2.0,3,10.0,0.0006356439188789,1448,38.145,13.599999999999998,23.519,390,cwpb-10m-2a,1,1.0,299.7,-90.0,5,3.0,4773747.0,263.3,-72.0,-73.0,19.0,7110127.0,17217.0,351.0,17217.0,4.0,2,40.0,-36.0,32,193.62194724220623,53.3790298108349,2.131327953044754,1162,141.414
2026-07-17T19:00:15.507000Z,40,-48,80.0,1.0,4,10.0,0.1278506415684895,78192,8.099,9.428888888888888,8.963000000000001,468,cwpb-10m-2a,1,1.0,619.0,-91.0,5,0.0,4089061.0,526.6,-70.0,-66.0,21.0,2781335.0,4761.0,780.0,4746.0,4.0,3,40.0,-31.0,61,41.869353034870215,103.13593231695428,0.1812876603532519,105,3.304
2026-07-17T19:01:37.591000Z,40,-66,80.0,3.0,3,10.0,0.0023206036612373,4344,33.877,9.142222222222223,32.956,292,cwpb-10m-2a,1,1.0,202.796,-91.0,5,3.0,5045638.0,117.0,-79.0,-79.0,12.0,6655037.0,22261.0,234.0,22261.0,4.0,2,40.0,-44.0,37,160.1583494602159,23.760528794775382,2.274057026953232,1166,267.428
2026-07-17T19:05:35.784000Z,40,-62,80.0,2.0,4,10.0,0.0012403194267942,2896,63.368,11.968888888888888,29.829,292,cwpb-10m-2a,1,1.0,202.796,-90.0,5,3.0,5009407.0,234.0,-71.0,-71.0,19.0,7208903.0,17526.0,234.0,17524.0,4.0,3,40.0,-35.0,38,201.16565947242205,62.00528782617323,0.0440695039032989,21,86.604
2026-07-17T19:06:01.355000Z,40,-50,80.0,1.0,4,10.0,0.000369005345073,1448,3.304,5.767777777777778,7.54,468,cwpb-10m-2a,1,1.0,619.0,-92.0,5,0.0,4678064.0,468.0,-71.0,-66.0,21.0,6757769.0,16651.0,780.0,16651.0,4.0,3,40.0,-31.0,53,312.35224096522893,64.40745031572948,0.1767081790642881,84,2.658
2026-07-17T19:07:13.596000Z,40,-65,80.0,3.0,3,10.0,0.0017561237620297,4344,17.47,22.79111111111111,28.907,260,cwpb-10m-2a,1,1.0,153.406,-91.0,5,3.0,6030817.0,234.0,-79.0,-80.0,12.0,7528175.0,21994.0,175.5,21994.0,4.0,2,40.0,-44.0,36,203.76166973210715,26.48443740095087,2.420062440059584,1186,300.568
2026-07-17T19:11:45.781000Z,40,-51,80.0,1.0,4,10.0,0.0,0,2.673,34.668888888888894,20.981,527,cwpb-10m-2a,1,1.0,619.0,-91.0,5,0.0,4836185.0,468.0,-70.0,-66.0,21.0,8635829.0,17824.0,780.0,17823.0,4.0,3,2.0,-30.0,57,406.67592028151046,87.74136617489847,0.1479576559279939,84,3.703
2026-07-17T19:12:48.981000Z,40,-64,80.0,3.0,3,10.0,0.0013025176370602,2896,37.562,13.0,29.65,260,cwpb-10m-2a,1,1.0,202.796,-92.0,5,1.0,5187108.0,175.5,-79.0,-80.0,13.0,7232906.0,24315.0,234.0,24315.0,4.0,2,40.0,-44.0,36,186.97247216391804,44.69306329113924,0.1228525184766287,63,194.39
2026-07-17T19:16:47.208000Z,40,-60,80.0,2.0,4,10.0,0.0012038563042529,2896,47.928,15.62,20.792,325,cwpb-10m-2a,1,1.0,330.359,-91.0,5,1.0,5457047.0,234.0,-70.0,-71.0,21.0,7259872.0,18559.0,390.0,18559.0,4.0,3,40.0,-36.0,40,202.90286216891556,71.33805822935234,0.0547588005215123,21,43.22
2026-07-17T19:17:29.744000Z,40,-54,80.0,1.0,4,10.0,0.0002984506445944,1448,2.325,7.3677777777777775,7.833,104,cwpb-10m-2a,1,1.0,619.0,-92.0,5,0.0,4656132.0,526.6,-69.0,-66.0,23.0,8146279.0,22610.0,780.0,22610.0,4.0,3,40.0,-30.0,65,387.0132095436118,118.46904547691356,0.0788525082607389,42,3.298
2026-07-17T19:18:24.574000Z,40,-63,80.0,3.0,4,10.0,0.0038180394470397,7120,35.151,13.532222222222222,25.361,292,cwpb-10m-2a,1,1.0,202.796,-92.0,5,2.0,6274810.0,117.0,-80.0,-80.0,12.0,7503010.0,32369.0,234.0,32366.0,4.0,3,40.0,-43.0,33,156.78857531234382,22.095031507802407,0.1151736745886654,63,414.818
2026-07-17T19:22:22.899000Z,40,-62,80.0,2.0,3,10.0,0.0012952798713364,2896,33.469,11.597777777777775,24.126,292,cwpb-10m-2a,1,1.0,330.359,-91.0,5,3.0,5081135.0,263.3,-71.0,-72.0,20.0,7185422.0,18727.0,390.0,18727.0,4.0,2,40.0,-35.0,37,195.33736398161105,64.39172063492063,0.0,0,41.585
2026-07-17T19:23:14.777000Z,40,-49,80.0,1.0,4,10.0,0.0010241911521696,4344,2.685,4.902222222222222,5.901,234,cwpb-10m-2a,1,1.0,619.0,-91.0,5,0.0,5637163.0,780.0,-70.0,-66.0,21.0,7142568.0,15854.0,780.0,15853.0,4.0,3,2.0,-29.0,68,336.8323876833728,93.38508043810842,0.082534192736991,42,4.094
2026-07-17T19:24:00.505000Z,40,-67,80.0,3.0,4,10.0,0.0019957544423734,3992,18.273,9.264444444444443,22.369,292,cwpb-10m-2a,1,1.0,251.312,-91.0,5,0.0,4828698.0,175.5,-79.0,-81.0,13.0,7196589.0,31836.0,292.5,31836.0,4.0,3,40.0,-43.0,33,167.68831584207896,45.531504709031424,0.1258439534976629,63,184.589
2026-07-17T19:27:58.836000Z,40,-61,80.0,2.0,3,10.0,0.0012501266961965,2896,35.379,10.372222222222222,25.735000000000003,260,cwpb-10m-2a,1,1.0,299.7,-92.0,5,2.0,5087886.0,175.5,-71.0,-71.0,21.0,7254191.0,22970.0,351.0,22970.0,4.0,2,40.0,-36.0,38,192.51445220514867,56.22558290463,0.03844112101631,21,68.804
2026-07-17T19:28:59.608000Z,40,-50,80.0,1.0,4,10.0,0.0002980294911625,1448,2.809,2.3844444444444446,4.31,325,cwpb-10m-2a,1,1.0,619.0,-92.0,5,0.0,4317448.0,468.0,-69.0,-70.0,23.0,7744609.0,16361.0,780.0,16361.0,4.0,3,2.0,-29.0,66,388.0041452388046,104.9613084666166,0.080635871443382,42,3.099
2026-07-17T19:29:39.033000Z,40,-66,80.0,3.0,4,10.0,0.0007667868161683,1672,17.71,13.304444444444446,24.138,260,cwpb-10m-2a,1,1.0,251.312,-92.0,5,0.0,5567335.0,108.0,-79.0,-79.0,14.0,7460225.0,29342.0,292.5,29342.0,4.0,3,40.0,-43.0,33,179.4264979510245,46.994710921196464,0.0768021065720659,42,194.804
2026-07-17T19:33:34.533000Z,40,-62,80.0,2.0,4,10.0,2.297896793667284,1947560,10.546,26.160000000000004,30.72600000000001,325,cwpb-10m-2a,1,1.0,299.7,-92.0,5,2.0,6309150.0,234.0,-71.0,-71.0,21.0,3308240.0,6124.0,351.0,6123.0,4.0,3,40.0,-36.0,42,72.11318352658937,84.76825518341307,0.1031941031941032,42,38.155
2026-07-17T19:34:43.985000Z,40,-50,80.0,1.0,4,10.0,0.0003104827752636,1448,2.239,16.386666666666667,20.711,585,cwpb-10m-2a,1,1.0,619.0,-92.0,5,0.0,5250602.0,234.0,-69.0,-70.0,23.0,8134888.0,19706.0,780.0,19706.0,4.0,3,2.0,-29.0,70,372.1076150011664,115.73030977995543,0.1539053482108503,84,2.771
2026-07-17T19:35:14.764000Z,40,-66,80.0,3.0,4,10.0,0.0001042279703947,224,35.112,7.818888888888889,25.697000000000003,292,cwpb-10m-2a,1,1.0,330.359,-90.0,5,2.0,5448408.0,234.0,-79.0,-79.0,11.0,6883306.0,21659.0,390.0,21659.0,4.0,3,40.0,-44.0,34,176.0903318672531,42.65464430995139,0.1001717229536348,42,175.709
2026-07-17T19:39:10.272000Z,40,-60,80.0,2.0,4,10.0,0.0013008402134125,2896,39.988,15.51,31.341999999999995,260,cwpb-10m-2a,1,1.0,251.312,-92.0,5,3.0,4991892.0,52.0,-70.0,-74.0,22.0,7509383.0,25322.0,292.5,25321.0,4.0,3,40.0,-36.0,41,187.7358569287641,68.85115175560405,0.0355041590586325,21,35.74
2026-07-17T19:40:27.565000Z,40,-49,80.0,1.0,4,10.0,0.0,0,3.053,6.282444444444445,6.5899,527,cwpb-10m-2a,1,1.0,619.0,-92.0,5,0.0,4069780.0,585.0,-69.0,-64.0,22.0,8013866.0,23583.0,780.0,23583.0,4.0,3,40.0,-29.0,65,381.3409944085818,91.72932957564404,0.2873507046933948,147,2.095
2026-07-17T19:40:50.445000Z,40,-66,80.0,3.0,4,10.0,0.115260267850612,160728,17.08,564.25,594.1,260,cwpb-10m-2a,1,1.0,202.796,-91.0,5,2.0,5634208.0,108.0,-79.0,-80.0,12.0,4790047.0,13918.0,234.0,13917.0,4.0,3,40.0,-44.0,34,116.56668119564132,35.10531611364991,0.0972492358988608,42,133.006
2026-07-17T19:44:45.901000Z,40,-61,80.0,2.0,4,10.0,0.0013283053916466,2896,54.9,12.766666666666673,36.49,260,cwpb-10m-2a,1,1.0,227.171,-91.0,5,0.0,4532012.0,263.3,-71.0,-72.0,20.0,7223772.0,23402.0,263.3,23402.0,4.0,3,40.0,-35.0,37,191.1264738682922,57.61633935089277,0.0384544955136421,21,63.831
2026-07-17T19:46:14.369000Z,40,-49,80.0,1.0,4,10.0,0.0003355344905704,1448,2.729,34.166666666666664,35.6,468,cwpb-10m-2a,1,1.0,619.0,-92.0,5,0.0,3003618.0,468.0,-70.0,-67.0,22.0,7150614.0,17737.0,780.0,17737.0,4.0,3,40.0,-30.0,80,343.2603369553193,78.03389689497375,3.284730442268374,1221,3.274
2026-07-17T19:50:21.656000Z,40,-63,80.0,2.0,4,10.0,0.0108131636087178,24616,64.092,13.78111111111111,29.329,260,cwpb-10m-2a,1,1.0,251.312,-91.0,5,6.0,4880557.0,234.0,-70.0,-72.0,21.0,7178167.0,21930.0,292.5,21922.0,4.0,3,40.0,-36.0,40,190.30721726963824,56.90348297977307,4.757523716061498,2327,69.801
2026-07-17T19:52:00.945000Z,40,-51,80.0,1.0,4,10.0,0.0011900751880739,4128,2.588,80.9088888888889,77.476,468,cwpb-10m-2a,1,1.0,202.78,-92.0,6,0.0,927773.0,468.0,-70.0,-65.0,22.0,5652564.0,12915.0,234.0,12914.0,4.0,3,40.0,-30.0,65,276.8698364965329,2.9497695428359734,10.358446018458896,2413,4.765
2026-07-17T19:52:06.907000Z,40,-66,80.0,3.0,4,10.0,0.0017073764321681,2896,13.004,44.86666666666667,38.830000000000005,292,cwpb-10m-2a,1,1.0,51.585,-91.0,6,4.0,4934137.0,58.5,-78.0,-75.0,13.0,5582770.0,20094.0,58.5,20092.0,4.0,3,40.0,-44.0,35,149.2575193922431,19.3626255473063,0.0515476570362551,21,554.171
2026-07-17T19:55:57.284000Z,40,-60,80.0,2.0,4,10.0,0.0020714400376475,4344,36.557,17.425555555555555,33.81699999999999,292,cwpb-10m-2a,1,1.0,227.171,-91.0,6,1.0,5384128.0,234.0,-67.0,-67.0,24.0,6461906.0,18182.0,263.3,18182.0,4.0,3,40.0,-35.0,41,175.1117730723132,73.98407621315867,0.0393804148070359,21,41.132
2026-07-17T19:57:43.046000Z,40,-65,80.0,3.0,4,10.0,0.0044391126042225,7240,22.062,62.14444444444444,81.03999999999999,292,cwpb-10m-2a,1,1.0,51.585,-92.0,6,1.0,6535055.0,58.5,-77.0,-75.0,15.0,5151718.0,14641.0,58.5,14638.0,4.0,3,40.0,-44.0,35,136.66597741129436,34.08393161033797,1.6762209857809252,1193,252.955
2026-07-17T19:57:47.014000Z,40,-49,80.0,1.0,5,10.0,0.0030183894648563,8688,2.888,188.0811111111111,218.646,527,cwpb-10m-2a,1,1.0,330.359,-92.0,6,0.0,840845.0,175.6,-69.0,-66.0,23.0,5275815.0,10909.0,390.0,10908.0,4.0,4,2.0,-28.0,74,230.1846678859668,1.0846332686751043,10.4516321359368,3506,8.81
2026-07-17T20:01:32.829000Z,40,-63,80.0,2.0,5,10.0,0.001155796886513,2896,41.704,8.986666666666666,21.856,325,cwpb-10m-2a,1,1.0,251.312,-91.0,6,3.0,5421888.0,292.5,-71.0,-72.0,20.0,7498751.0,23161.0,292.5,23161.0,4.0,4,40.0,-36.0,39,206.21540601578891,74.36414580031696,0.0531295855892324,21,66.374
2026-07-17T20:03:18.670000Z,40,-66,80.0,3.0,5,10.0,0.007953046110531,15928,31.377,12.03888888888889,26.120000000000005,260,cwpb-10m-2a,1,1.0,101.39,-91.0,6,3.0,4676602.0,117.0,-78.0,-78.0,14.0,6934434.0,24160.0,117.0,24158.0,4.0,4,40.0,-44.0,39,166.01143268365817,26.521214044832373,0.0722443924590615,42,398.944
2026-07-17T20:08:55.246000Z,40,-65,80.0,3.0,5,10.0,0.001984037957898,4344,62.835,13.13,22.717,260,cwpb-10m-2a,1,1.0,227.171,-91.0,6,4.0,6642822.0,87.8,-77.0,-74.0,14.0,7615748.0,26138.0,263.3,26138.0,4.0,4,40.0,-44.0,39,185.3326370088973,46.53382049751244,2.0388989615955166,1237,146.168
2026-07-17T20:09:15.502000Z,40,-49,80.0,1.0,5,10.0,0.0077697881425546,16108,3.255,18.77555555555556,13.707,650,cwpb-10m-2a,1,1.0,619.0,-92.0,6,0.0,4722253.0,351.0,-69.0,-65.0,23.0,4335258.0,7646.0,780.0,7646.0,4.0,4,40.0,-30.0,74,166.21478672513953,111.09194624275358,1.8811431079619385,1200,2.843
2026-07-17T20:15:01.133000Z,40,-51,80.0,1.0,5,10.0,0.0006111591098696,2896,3.078,4.861111111111112,9.173,200,cwpb-10m-2a,1,1.0,619.0,-92.0,6,0.0,4158660.0,526.6,-71.0,-66.0,22.0,7537303.0,16909.0,780.0,16908.0,4.0,4,2.0,-30.0,66,379.1581468204655,112.15231161054264,0.2438401337637305,105,2.636
2026-07-17T20:20:06.892000Z,40,-67,80.0,3.0,5,10.0,0.00196814511819,4344,41.874,16.332222222222224,25.031,292,cwpb-10m-2a,1,1.0,153.406,-91.0,6,1.0,5351423.0,117.0,-79.0,-80.0,12.0,6820792.0,19930.0,175.5,19929.0,4.0,4,40.0,-44.0,41,182.76199720167895,51.21339092530216,0.1175987456133801,63,191.842
2026-07-17T20:20:47.465000Z,40,-55,80.0,1.0,4,10.0,0.0012644770699079,5792,2.633,5.443333333333333,5.143,96,cwpb-10m-2a,1,1.0,619.0,-92.0,6,0.0,5014735.0,650.0,-70.0,-65.0,22.0,8147452.0,15853.0,780.0,15853.0,4.0,3,2.0,-29.0,54,364.456866309662,150.84872325264334,0.0926109677846133,42,2.714
2026-07-17T20:25:42.497000Z,40,-65,80.0,3.0,4,10.0,0.0008161347587284,1448,26.495,12.535555555555556,24.698,292,cwpb-10m-2a,1,1.0,153.406,-92.0,6,1.0,5999224.0,117.0,-80.0,-81.0,13.0,6779681.0,14635.0,175.5,14634.0,4.0,3,40.0,-44.0,32,152.59636741629186,52.33999960147455,0.1320782406339755,63,143.599
2026-07-17T20:26:32.218000Z,40,-56,80.0,1.0,5,10.0,0.0003112106271568,1448,3.037,4.448888888888889,6.032,468,cwpb-10m-2a,1,1.0,619.0,-91.0,6,0.0,4343176.0,117.0,-70.0,-69.0,21.0,7679033.0,17020.0,780.0,17020.0,4.0,4,2.0,-26.0,57,370.5688933753592,108.79856819051732,0.0928813109533603,42,2.026
2026-07-17T20:31:18.785000Z,40,-65,80.0,3.0,4,10.0,0.0014627390856127,2896,53.451,4.866666666666666,16.961000000000002,260,cwpb-10m-2a,1,1.0,227.171,-91.0,6,1.0,6058086.0,87.8,-78.0,-78.0,13.0,7401707.0,29383.0,263.3,29381.0,4.0,3,40.0,-44.0,32,168.54360335865653,37.37519115323855,2.2738324483087275,1169,467.276
2026-07-17T20:32:16.050000Z,40,-49,80.0,1.0,5,10.0,0.0002839133735514,1448,1.836,3.148888888888889,5.488,650,cwpb-10m-2a,1,1.0,478.125,-92.0,7,0.0,6005675.0,173.3,-70.0,-66.0,22.0,8103181.0,16301.0,585.0,16301.0,4.0,4,40.0,-30.0,67,406.8772706217759,200.4017030060637,0.0,0,1.942
2026-07-17T20:36:54.588000Z,40,-68,80.0,3.0,4,10.0,0.0023028994592175,4064,25.958,24.01555555555556,34.706,260,cwpb-10m-2a,1,1.0,101.39,-92.0,7,2.0,5469030.0,175.5,-80.0,-81.0,12.0,5968634.0,18792.0,117.0,18787.0,4.0,3,40.0,-44.0,38,150.91948425787106,72.71222409402546,2.3812927601347904,1166,130.511
2026-07-17T20:38:00.191000Z,40,-50,80.0,1.0,4,10.0,0.0007648081515196,2896,2.882,2.747777777777778,7.0120000000000005,650,cwpb-10m-2a,1,1.0,619.0,-91.0,7,0.0,5723251.0,650.0,-71.0,-71.0,20.0,7398265.0,22957.0,780.0,22956.0,4.0,3,40.0,-30.0,68,303.27996851111834,192.7420086771705,0.0861768266409504,42,2.27
2026-07-17T20:42:30.244000Z,40,-66,80.0,3.0,4,10.0,0.0017726747379844,4344,45.093,14.951111111111109,24.402,292,cwpb-10m-2a,1,1.0,227.171,-92.0,7,1.0,6398332.0,234.0,-79.0,-80.0,13.0,7674759.0,20845.0,263.3,20843.0,4.0,3,40.0,-44.0,38,201.24609356257497,102.17852881758763,0.0375482763553139,21,73.884
2026-07-17T20:43:43.825000Z,40,-51,80.0,1.0,5,10.0,0.0001610247980118,968,3.648,3.47,6.568,527,cwpb-10m-2a,1,1.0,619.0,-92.0,7,0.0,6443251.0,650.0,-71.0,-72.0,20.0,8653571.0,13307.0,780.0,13305.0,4.0,4,40.0,-30.0,75,479.6661004390508,208.8307607346735,0.0452469189002844,21,2.616
2026-07-17T20:48:05.965000Z,40,-69,80.0,3.0,3,10.0,0.0011486411448334,2896,49.46,11.365555555555558,22.630000000000003,292,cwpb-10m-2a,1,1.0,251.312,-91.0,7,0.0,5894994.0,263.3,-79.0,-80.0,12.0,7402000.0,15399.0,292.5,15399.0,4.0,2,40.0,-43.0,35,212.10451968818708,70.63807063013157,0.0783377476032379,42,122.686
2026-07-17T20:49:28.781000Z,40,-52,80.0,1.0,5,10.0,0.0002789152590317,1448,3.596,3.4055555555555554,6.072,468,cwpb-10m-2a,1,1.0,563.578,-91.0,7,0.0,5292362.0,526.6,-71.0,-68.0,20.0,8514181.0,19716.0,702.0,19716.0,4.0,4,40.0,-30.0,69,415.212453642199,149.45217965309112,0.0369815972527956,21,3.576
2026-07-17T20:53:41.584000Z,40,-68,80.0,3.0,3,10.0,0.000648429439413,1448,50.905,7.446666666666664,26.482000000000006,260,cwpb-10m-2a,1,1.0,227.171,-90.0,6,0.0,5970597.0,175.5,-81.0,-83.0,9.0,7394649.0,22948.0,263.3,22947.0,4.0,2,40.0,-43.0,35,186.9911619352259,83.78174407960199,0.1318239835952376,63,82.249
2026-07-17T20:55:13.639000Z,40,-51,80.0,1.0,5,10.0,0.0009530711642112,4344,2.367,3.668888888888889,4.759,527,cwpb-10m-2a,1,1.0,389.406,-91.0,7,0.0,4802549.0,468.0,-71.0,-72.0,20.0,8086572.0,23715.0,468.0,23715.0,4.0,4,40.0,-30.0,74,364.0568272362948,109.37573235279002,0.208592003973181,126,2.972
2026-07-17T20:59:17.300000Z,40,-69,80.0,3.0,4,10.0,0.002523997146907,5792,29.824,11.125555555555556,26.777000000000005,260,cwpb-10m-2a,1,1.0,299.7,-91.0,7,1.0,6054355.0,234.0,-80.0,-80.0,12.0,7450834.0,23781.0,351.0,23780.0,4.0,3,40.0,-44.0,34,188.66821271491403,89.69447016989332,0.0384108867427568,21,107.433
2026-07-17T21:00:57.538000Z,40,-62,80.0,1.0,5,10.0,0.0,0,2.443,5.3966666666666665,6.931,325,cwpb-10m-2a,1,1.0,619.0,-91.0,7,0.0,6006137.0,468.0,-70.0,-68.0,20.0,8634365.0,16551.0,780.0,16551.0,3.0,4,2.0,-30.0,72,453.8009955220044,185.27414947273544,0.0385292822545134,21,3.665
2026-07-17T21:04:52.995000Z,40,-66,80.0,3.0,4,10.0,0.0014772071791491,3648,13.694,8.895555555555555,23.124,292,cwpb-10m-2a,1,1.0,299.7,-92.0,5,1.0,6349678.0,234.0,-80.0,-81.0,12.0,7260445.0,16839.0,351.0,16838.0,3.0,3,40.0,-44.0,34,202.06442058970515,86.75866349960411,0.1148985063194178,63,95.125
2026-07-20T12:09:43.173000Z,40,-50,80.0,1.0,1,10.0,0.0,0,1.693,6.710000000000001,6.7170000000000005,351,cwpb-10m,1,1.0,619.0,-92.0,7,0.0,6326090.0,351.0,-72.0,-66.0,20.0,10268627.0,29313.0,780.0,29313.0,4.0,0,7.0,-34.0,103,404.0043921081888,118.15850281002608,0.0,0,2.325
2026-07-20T12:11:41.203000Z,161,-57,80.0,1.0,6,10.0,0.0058548132468222,8688,2.273,6.644444444444444,7.087,234,cwpb-10m,1,1.0,202.78,-91.0,15,0.0,0.0,351.0,-70.0,-72.0,22.0,0.0,1038.0,234.0,1036.0,4.0,5,7.0,-36.0,97,117.99183166069209,141.34316977715503,0.0377602761894487,21,2.119
2026-07-20T12:13:13.899000Z,161,-64,80.0,2.0,3,10.0,0.0013644911752098,2896,73.381,8.284444444444443,23.221,195,cwpb-10m-2a,1,1.0,227.171,-91.0,14,0.0,7163577.0,175.5,-78.0,-79.0,13.0,8717375.0,27789.0,263.3,27788.0,4.0,2,7.0,-44.0,45,172.50564832108086,74.70478855325914,0.0,0,89.623
2026-07-20T12:14:44.690000Z,161,-64,80.0,3.0,6,10.0,0.0027386309619126,4344,23.93,26.3,34.87,195,cwpb-10m,1,1.0,251.312,-91.0,13,1.0,6407350.0,175.5,-78.0,-79.0,13.0,8511087.0,24291.0,292.5,24291.0,4.0,5,4.0,-44.0,45,135.82753583208395,74.14278481012659,2.4375431910037064,1164,95.061
2026-07-20T12:17:25.274000Z,161,-55,80.0,1.0,4,10.0,0.0019777987536953,4344,2.967,6.5633333333333335,6.872,216,cwpb-10m,1,1.0,434.117,-92.0,13,0.0,5516687.0,351.0,-71.0,-65.0,21.0,10144303.0,26691.0,526.6,26690.0,4.0,3,7.0,-34.0,90,175.38017304666965,117.14552551750758,0.0,0,2.99
2026-07-20T12:18:49.708000Z,161,-66,80.0,2.0,4,10.0,0.0018637803128164,2896,34.368,22.177777777777774,43.459,195,cwpb-10m-2a,1,1.0,227.171,-92.0,13,2.0,6667201.0,175.5,-80.0,-81.0,13.0,8438115.0,30623.0,263.3,30621.0,4.0,3,7.0,-41.0,47,132.4208276551104,68.49837272006344,0.0926232219649355,42,141.405
2026-07-20T12:20:20.335000Z,161,-67,80.0,3.0,6,10.0,0.0015303532029827,2896,49.378,17.633333333333333,32.62,195,cwpb-10m,1,1.0,51.585,-91.0,13,3.0,6334891.0,175.5,-79.0,-79.0,12.0,8580821.0,25946.0,58.5,25946.0,4.0,5,4.0,-44.0,45,159.33575127461762,82.9500193284846,0.0,0,86.572
2026-07-20T12:23:09.161000Z,161,-54,80.0,1.0,4,10.0,0.0042449991486548,8688,3.173,3.097777777777778,6.664,351,cwpb-10m,1,1.0,251.312,-92.0,14,0.0,5965256.0,351.0,-70.0,-65.0,22.0,9968026.0,43724.0,292.5,43722.0,4.0,3,7.0,-30.0,95,163.43676052611502,136.43285918954666,0.0976880494952784,42,2.715
2026-07-20T12:24:25.288000Z,161,-67,80.0,2.0,4,10.0,0.002804084647621,4344,64.252,17.69,28.553999999999995,195,cwpb-10m-2a,1,1.0,76.703,-92.0,13,1.0,6673092.0,175.5,-79.0,-80.0,13.0,8697964.0,32040.0,87.8,32039.0,4.0,3,7.0,-42.0,46,132.46053008195082,65.63351413550242,0.0738046286045653,42,141.48
2026-07-20T12:25:56.020000Z,161,-69,80.0,3.0,4,10.0,0.0031518700732983,5792,13.18,8.321111111111112,22.405,195,cwpb-10m,1,1.0,153.406,-92.0,13,0.0,6415162.0,117.0,-79.0,-81.0,13.0,8383992.0,28756.0,175.5,28754.0,4.0,3,4.0,-44.0,39,159.31982407037185,61.52173294946888,0.0475166874080778,21,128.315
2026-07-20T12:28:53.218000Z,161,-56,80.0,1.0,4,10.0,0.002958741220058,7240,2.944,4.352222222222222,6.897,351,cwpb-10m,1,1.0,202.78,-92.0,13,0.0,5653000.0,351.0,-73.0,-74.0,20.0,9722861.0,40354.0,234.0,40353.0,4.0,3,7.0,-35.0,96,194.8684650147528,95.83052286999911,0.1155942092805636,63,1.876
2026-07-20T12:30:01.031000Z,161,-68,80.0,2.0,3,10.0,0.0089757759428129,11584,37.424,18.12444444444445,26.799,195,cwpb-10m-2a,1,1.0,202.796,-92.0,13,1.0,6225377.0,175.5,-80.0,-81.0,12.0,8425347.0,29098.0,234.0,29097.0,4.0,2,7.0,-42.0,42,113.9824845638925,69.78736971377637,0.0516351118760757,21,79.532
2026-07-20T12:31:31.591000Z,161,-66,80.0,3.0,4,10.0,0.002087293617402,4344,37.501,6.923333333333334,31.639,195,cwpb-10m,1,1.0,51.585,-92.0,12,2.0,6571078.0,175.5,-78.0,-79.0,14.0,8440045.0,24841.0,58.5,24839.0,4.0,3,4.0,-44.0,39,178.570208275035,68.66670063694268,0.0983806237019223,63,115.959
2026-07-20T12:34:38.058000Z,161,-57,80.0,1.0,4,10.0,0.0411577649681819,76744,2.807,7.022222222222222,7.619,351,cwpb-10m,1,1.0,299.7,-92.0,13,0.0,5094190.0,351.0,-74.0,-74.0,19.0,9226383.0,33692.0,351.0,33670.0,4.0,3,7.0,-33.0,91,148.44919018538943,80.90226892759016,0.1359223300970873,63,1.979
2026-07-20T12:35:36.920000Z,161,-67,80.0,2.0,4,10.0,0.0392347506171386,37648,95.375,16.112222222222222,34.959,195,cwpb-10m-2a,1,1.0,51.585,-92.0,13,0.0,6168558.0,175.5,-79.0,-80.0,13.0,8833546.0,34541.0,58.5,34533.0,4.0,3,7.0,-40.0,44,80.31378956816596,43.59574323523603,0.0441269174196259,21,159.206
2026-07-20T12:37:07.206000Z,161,-65,80.0,3.0,4,10.0,0.0062200153449955,8688,14.278,20.89444444444445,33.355,260,cwpb-10m,1,1.0,153.406,-92.0,13,1.0,6937021.0,108.0,-77.0,-77.0,15.0,8378902.0,32059.0,175.5,32053.0,4.0,3,4.0,-43.0,47,118.2320799680128,58.80253799663133,0.1713166911404796,84,152.876
2026-07-20T12:40:23.077000Z,161,-57,80.0,1.0,4,10.0,0.0017370643171576,2896,3.256,10.773333333333332,7.851999999999999,216,cwpb-10m,1,1.0,478.125,-92.0,12,0.0,4705715.0,351.0,-71.0,-65.0,21.0,9420184.0,15862.0,585.0,15861.0,4.0,3,7.0,-33.0,85,133.29810330072684,80.62912391922652,0.1507826336700014,63,2.016
2026-07-20T12:41:12.630000Z,161,-68,80.0,2.0,4,10.0,0.0023900920779671,2896,20.031,8.57,26.087,195,cwpb-10m-2a,1,1.0,76.703,-92.0,13,2.0,4480886.0,58.5,-77.0,-76.0,15.0,8061116.0,19490.0,87.8,19489.0,4.0,3,7.0,-40.0,49,100.5727804975522,35.18084560570071,0.1805248114160452,84,227.044
2026-07-20T12:42:43.390000Z,161,-66,80.0,3.0,3,10.0,0.0033987367965647,5792,50.371,16.73111111111111,22.97,260,cwpb-10m,1,1.0,153.406,-92.0,13,1.0,5349241.0,81.0,-82.0,-85.0,10.0,8189530.0,29740.0,175.5,29735.0,4.0,2,4.0,-44.0,46,140.03374010395842,25.069688994269907,0.1463584620745731,63,552.084
2026-07-20T12:46:06.970000Z,161,-56,80.0,1.0,4,10.0,0.0034030665327082,4344,4.305,3.051111111111111,7.147,468,cwpb-10m,1,1.0,68.226,-92.0,12,0.0,5427183.0,351.0,-72.0,-66.0,20.0,8627571.0,29439.0,78.0,29436.0,4.0,3,7.0,-33.0,89,101.82777250706022,69.69314082274288,0.1007484168105929,42,6.389
2026-07-20T12:46:48.463000Z,161,-67,80.0,2.0,4,10.0,0.0058556930762737,10136,16.109,14.612222222222222,28.539,195,cwpb-10m-2a,1,1.0,153.406,-92.0,12,3.0,5281512.0,175.5,-79.0,-79.0,13.0,9024432.0,25214.0,175.5,25214.0,4.0,3,7.0,-40.0,45,143.3018949050949,49.14386575315262,0.1231816048803378,63,117.728
2026-07-20T12:48:19.484000Z,161,-65,80.0,3.0,3,10.0,0.0266775931799691,8688,50.643,46.96777777777778,67.01899999999999,195,cwpb-10m,1,1.0,51.585,-92.0,12,1.0,6026504.0,108.0,-79.0,-80.0,13.0,8703937.0,25260.0,58.5,25260.0,4.0,2,4.0,-44.0,46,28.507013693153425,35.28561286480048,0.1128809732848363,63,246.822
2026-07-20T12:51:51.547000Z,161,-56,80.0,1.0,4,10.0,0.0023992209557237,5792,1.615,3.7666666666666666,7.181,351,cwpb-10m,1,1.0,202.78,-92.0,12,0.0,5463213.0,351.0,-72.0,-66.0,20.0,9538512.0,41150.0,234.0,41149.0,4.0,3,7.0,-30.0,101,192.02221096197985,120.65906478656473,0.0517687661777394,21,2.521
2026-07-20T12:52:24.174000Z,161,-66,80.0,2.0,3,10.0,0.0140447503768707,11584,29.538,23.50555555555556,33.545,195,cwpb-10m-2a,1,1.0,11.726,-91.0,12,3.0,5255552.0,175.5,-78.0,-79.0,13.0,8462466.0,16489.0,13.5,16487.0,4.0,2,7.0,-40.0,43,69.56979056754597,43.34072658953822,2.2841575859178542,1199,79.276
2026-07-20T12:53:55.373000Z,161,-67,80.0,3.0,3,10.0,0.0061694393922454,4344,8.75,41.24111111111111,47.603,195,cwpb-10m,1,1.0,11.726,-92.0,12,2.0,4431154.0,175.5,-78.0,-78.0,14.0,8097563.0,24651.0,13.5,24645.0,4.0,2,4.0,-44.0,46,60.37382806877249,40.333844354119165,2.1727222932262187,1190,691.306
2026-07-20T12:57:35.869000Z,161,-55,80.0,1.0,4,10.0,0.0644215837022093,104256,2.819,3.138888888888889,4.981,351,cwpb-10m,1,1.0,563.578,-92.0,12,0.0,4099635.0,351.0,-73.0,-67.0,19.0,8692184.0,32134.0,702.0,32113.0,4.0,3,7.0,-30.0,88,129.16709720501046,77.61358394639063,2.560060533451037,1218,2.247
2026-07-20T12:57:59.960000Z,161,-67,80.0,2.0,4,10.0,0.0040047638251379,4344,14.943,18.466666666666665,44.01,292,cwpb-10m-2a,1,1.0,101.39,-91.0,12,2.0,6731017.0,175.5,-78.0,-79.0,13.0,8705620.0,16930.0,117.0,16929.0,4.0,3,7.0,-40.0,46,91.18052173913044,45.95930345508391,0.0,0,127.158
2026-07-20T12:59:30.900000Z,161,-65,80.0,3.0,4,10.0,0.0138347854507587,7240,19.106,29.96111111111112,42.865,195,cwpb-10m,1,1.0,76.703,-92.0,12,3.0,6021839.0,175.5,-78.0,-78.0,15.0,8620256.0,30054.0,87.8,30050.0,4.0,3,11.0,-43.0,45,46.10967819308415,44.13530046438099,0.0419513364497183,21,193.436
2026-07-20T13:03:22.364000Z,161,-57,80.0,1.0,4,10.0,0.013875825467874,14480,3.03,118.64666666666668,83.68900000000001,468,cwpb-10m,1,1.0,209.57,-92.0,11,0.0,4956965.0,351.0,-74.0,-74.0,18.0,10360051.0,40050.0,243.0,40049.0,4.0,3,7.0,-32.0,89,81.43793711433887,81.5365825731995,3.0432136335970785,1200,3.035
2026-07-20T13:03:36.126000Z,161,-66,80.0,2.0,4,10.0,0.0029548396028173,1448,34.517,7.773333333333334,15.033,260,cwpb-10m-2a,1,1.0,153.406,-92.0,11,2.0,6343834.0,175.5,-78.0,-78.0,14.0,6086875.0,6289.0,175.5,6289.0,4.0,3,7.0,-40.0,42,40.233131894484416,54.11103418071027,0.1031890324799764,42,145.062
2026-07-20T13:05:11.503000Z,161,-67,80.0,3.0,4,10.0,0.0081317131872377,13032,24.173,12.865555555555554,21.782,195,cwpb-10m,1,1.0,101.39,-92.0,13,0.0,6431081.0,117.0,-77.0,-78.0,14.0,8326900.0,34544.0,117.0,34542.0,4.0,3,11.0,-43.0,45,132.47376951524237,56.17371428571428,0.0461924244423914,21,172.153
2026-07-20T13:06:39.873000Z,161,-67,80.0,2.0,4,10.0,0.0039022976771842,4344,210.231,6.242222222222222,28.696,195,cwpb-10m-2a,1,1.0,227.171,-92.0,13,4.0,6689794.0,175.5,-80.0,-81.0,12.0,9333142.0,30251.0,263.3,30248.0,4.0,3,7.0,-40.0,42,95.5632369341461,47.12001425319213,0.0452274293590627,21,181.002
2026-07-20T13:08:11.356000Z,161,-55,80.0,1.0,4,10.0,0.0036699503733495,7240,3.909,3.0677777777777777,7.174,351,cwpb-10m,1,1.0,389.406,-92.0,13,0.0,5956760.0,468.0,-73.0,-66.0,19.0,9566153.0,40335.0,468.0,40332.0,4.0,3,7.0,-28.0,98,158.14033792649266,91.90721737318287,0.0979980400391992,42,3.823
2026-07-20T13:10:47.082000Z,161,-70,80.0,3.0,3,10.0,0.0040797266492985,5792,65.508,17.65888888888889,38.433,130,cwpb-10m,1,1.0,51.585,-92.0,11,0.0,6468318.0,117.0,-78.0,-79.0,13.0,8109029.0,32181.0,58.5,32178.0,4.0,2,4.0,-42.0,40,119.90913074770091,52.26189574214087,0.0840571588680302,42,172.092
2026-07-20T13:12:15.331000Z,161,-67,80.0,2.0,4,10.0,0.0111719809187503,8688,17.328,8.411111111111113,36.385,195,cwpb-10m-2a,1,1.0,51.585,-92.0,12,3.0,5950527.0,81.0,-78.0,-78.0,14.0,9289429.0,41016.0,58.5,41015.0,4.0,3,7.0,-39.0,45,69.56283984414027,41.2923723150358,0.1203553347979749,63,90.719
2026-07-20T13:13:56.515000Z,161,-54,80.0,1.0,4,10.0,0.1571322380048309,127424,3.017,2.571111111111111,4.943,351,cwpb-10m,1,1.0,202.78,-91.0,12,0.0,6416926.0,526.6,-73.0,-66.0,18.0,9654858.0,40074.0,234.0,40062.0,4.0,3,7.0,-30.0,81,64.8831914235791,99.3226506646961,0.1097350681925066,42,2.515
2026-07-20T13:16:22.711000Z,161,-68,80.0,3.0,3,10.0,0.028128826943918,42328,12.52,28.08333333333333,37.385,195,cwpb-10m,1,1.0,101.39,-92.0,11,1.0,5818084.0,87.8,-78.0,-78.0,14.0,8227611.0,33798.0,117.0,33791.0,4.0,2,4.0,-42.0,40,127.44312003998002,33.344362516148266,0.1423567958422777,63,166.273
2026-07-20T13:17:51.079000Z,161,-67,80.0,2.0,3,10.0,0.0078221978416784,8688,104.892,11.755555555555556,40.25,195,cwpb-10m-2a,1,1.0,93.851,-92.0,12,3.0,6456820.0,117.0,-79.0,-79.0,13.0,8505163.0,37728.0,108.0,37725.0,4.0,2,7.0,-40.0,41,92.18250549450548,37.7095680508643,2.3049921996879874,1182,163.718
2026-07-20T13:19:41.483000Z,161,-57,80.0,1.0,4,10.0,0.0120227725260716,23168,2.429,4.383333333333334,9.049,351,cwpb-10m,1,1.0,136.437,-92.0,12,0.0,5960904.0,526.6,-73.0,-66.0,17.0,9270220.0,42840.0,156.0,42836.0,4.0,3,7.0,-34.0,94,154.13344062731034,82.92111417329409,0.0355877916927926,21,3.772
2026-07-20T13:21:58.438000Z,161,-66,80.0,3.0,4,10.0,0.0088657036919642,13032,56.925,10.937777777777775,27.633,195,cwpb-10m,1,1.0,51.585,-91.0,12,1.0,6434951.0,175.5,-78.0,-78.0,12.0,8428554.0,32491.0,58.5,32488.0,4.0,3,11.0,-42.0,53,122.4002366580052,57.38631068732618,0.0975609756097561,42,142.618
2026-07-20T13:23:26.870000Z,161,-68,80.0,2.0,4,10.0,0.0186547031959423,14480,24.96,44.87777777777778,45.95,195,cwpb-10m-2a,1,1.0,227.171,-92.0,12,2.0,5841105.0,175.5,-80.0,-81.0,13.0,8570535.0,28156.0,263.3,28155.0,4.0,3,7.0,-41.0,51,65.28750987826781,41.99305654377422,0.0821548031218825,42,200.384
2026-07-20T13:25:25.570000Z,161,-54,80.0,1.0,4,10.0,0.0024821319923055,5792,3.093,5.115555555555555,9.056,351,cwpb-10m,1,1.0,478.125,-92.0,12,0.0,5459848.0,351.0,-73.0,-66.0,19.0,8755942.0,39122.0,585.0,39117.0,4.0,3,7.0,-34.0,96,186.17808797686644,79.88599152092135,0.0370703807657681,21,3.779
2026-07-20T13:27:34.197000Z,161,-66,80.0,3.0,4,10.0,0.0072165879453875,8688,20.02,58.1888888888889,45.92,195,cwpb-10m,1,1.0,101.39,-92.0,12,0.0,6203589.0,175.5,-78.0,-79.0,14.0,8642921.0,35147.0,117.0,35144.0,4.0,3,11.0,-42.0,53,101.47171528541438,51.1196385255648,0.084063888555302,42,150.136
2026-07-20T13:29:02.679000Z,161,-67,80.0,2.0,3,10.0,0.006138148770956,7240,29.068,21.356666666666666,33.559000000000005,195,cwpb-10m-2a,1,1.0,101.39,-92.0,11,2.0,6587614.0,87.8,-78.0,-79.0,14.0,8183951.0,42628.0,117.0,42623.0,4.0,2,7.0,-40.0,45,98.88668771228772,44.333747703250026,0.1177702172206228,63,186.869
2026-07-20T13:31:10.650000Z,161,-53,80.0,1.0,4,10.0,0.0014131700499922,2896,3.595,6.415555555555556,9.499,351,cwpb-10m,1,1.0,389.406,-92.0,12,0.0,5593153.0,526.6,-73.0,-65.0,19.0,9552584.0,46036.0,468.0,46031.0,4.0,3,7.0,-37.0,99,163.5987414828733,99.96189551226256,0.0442468553127831,21,2.347
2026-07-20T13:33:10.273000Z,161,-69,80.0,3.0,4,10.0,0.011467742516506,10136,33.031,17.103333333333335,40.597,130,cwpb-10m,1,1.0,5.742,-92.0,13,6.0,4919736.0,87.8,-80.0,-84.0,12.0,8211842.0,34690.0,6.5,34683.0,4.0,3,11.0,-42.0,46,74.62875969612155,26.651098714897667,0.1177570093457943,63,425.886
2026-07-20T13:34:38.432000Z,161,-67,80.0,2.0,3,10.0,0.0057916767781023,7240,20.528,15.49777777777778,27.456,195,cwpb-10m-2a,1,1.0,251.312,-91.0,13,3.0,7072217.0,117.0,-78.0,-77.0,13.0,8058529.0,33562.0,292.5,33561.0,4.0,2,7.0,-40.0,34,104.74238337828388,43.716688505062535,0.0516795865633074,21,197.759
2026-07-20T13:36:55.212000Z,161,-53,80.0,1.0,4,10.0,0.0026329164597427,5792,2.532,2.997777777777777,6.958,351,cwpb-10m,1,1.0,297.515,-91.0,12,0.0,4887895.0,351.0,-73.0,-66.0,18.0,8741542.0,36997.0,351.0,36994.0,4.0,3,7.0,-30.0,103,175.1155811654918,76.81151777204698,0.2058137483583903,105,4.346
2026-07-20T13:38:46.031000Z,161,-68,80.0,3.0,4,10.0,0.0054623329141017,5792,19.058,18.684444444444445,31.507000000000005,195,cwpb-10m,1,1.0,227.171,-92.0,12,3.0,5305942.0,175.5,-78.0,-79.0,13.0,7019412.0,26827.0,263.3,26822.0,4.0,3,11.0,-42.0,46,88.03636581709145,36.41537310774711,0.1536435469710272,84,206.105
2026-07-20T13:40:20.159000Z,161,-66,80.0,2.0,4,10.0,0.0048201455453155,4344,23.831,28.577777777777783,37.34,195,cwpb-10m-2a,1,1.0,101.39,-91.0,12,13.0,5053127.0,58.5,-77.0,-76.0,14.0,7895879.0,30991.0,117.0,30990.0,4.0,3,4.0,-43.0,47,78.78201138974923,20.815152512830444,2.4899582342479167,1246,360.471
2026-07-20T13:42:38.741000Z,161,-55,80.0,1.0,4,10.0,0.0016822293014231,4344,3.525,67.78888888888889,39.248,351,cwpb-10m,1,1.0,202.78,-91.0,12,0.0,4685928.0,351.0,-73.0,-66.0,18.0,8863395.0,37898.0,234.0,37897.0,4.0,3,7.0,-34.0,97,203.79146575094848,49.62916213617589,2.611312179109502,1241,3.612
2026-07-20T13:44:21.711000Z,161,-68,80.0,3.0,4,10.0,3.6166121318678086,2594960,3.909,16.221111111111114,31.171000000000003,260,cwpb-10m,1,1.0,202.796,-92.0,13,2.0,6541111.0,175.5,-78.0,-78.0,14.0,4618880.0,17602.0,234.0,17599.0,4.0,3,11.0,-42.0,46,60.36779370314843,46.44334826316313,0.1424147207089088,63,189.822
2026-07-20T13:45:55.983000Z,161,-67,80.0,2.0,4,10.0,0.0076756828092354,7240,40.353,18.56666666666667,32.975,195,cwpb-10m-2a,1,1.0,153.406,-92.0,12,2.0,6437553.0,175.5,-79.0,-80.0,13.0,8940405.0,26343.0,175.5,26338.0,4.0,3,7.0,-42.0,43,78.5622349307562,51.79050024745125,0.0488065633207056,21,158.189
2026-07-20T13:48:23.871000Z,161,-54,80.0,1.0,4,10.0,0.001636109731198,4344,2.473,4.576666666666666,6.364,351,cwpb-10m,1,1.0,389.406,-91.0,12,0.0,5092173.0,351.0,-72.0,-66.0,19.0,8854369.0,38004.0,468.0,38003.0,4.0,3,7.0,-30.0,112,210.38127559948973,87.89678310132263,0.1133929696358825,63,2.468
2026-07-20T13:49:57.410000Z,161,-67,80.0,3.0,3,10.0,0.0053074733682129,7240,88.52,8.313333333333333,29.919,195,cwpb-10m,1,1.0,51.585,-92.0,12,0.0,5573652.0,117.0,-79.0,-83.0,13.0,7809315.0,35874.0,58.5,35868.0,4.0,2,4.0,-41.0,40,115.68181313080844,32.55604657179819,0.1354343573317282,63,252.778
2026-07-20T13:51:31.950000Z,161,-67,80.0,2.0,4,10.0,0.0046393064211268,5792,38.599,14.226666666666668,27.726,195,cwpb-10m-2a,1,1.0,76.703,-92.0,12,4.0,6776360.0,6.0,-77.0,-76.0,15.0,8597201.0,40838.0,87.8,40836.0,4.0,3,7.0,-41.0,46,104.76331301828354,48.36221384645904,0.0401107821602521,21,122.656
2026-07-20T13:54:11.562000Z,161,-55,80.0,1.0,4,10.0,0.027625945311007,21720,2.679,3.33,7.928,351,cwpb-10m,1,1.0,478.125,-91.0,12,0.0,6075052.0,351.0,-74.0,-75.0,17.0,11684356.0,26897.0,585.0,26817.0,4.0,3,7.0,-33.0,92,53.055245125339496,87.53394570163711,0.0,0,2.837
2026-07-20T13:55:33.200000Z,161,-68,80.0,3.0,3,10.0,0.0192586258959783,14480,59.541,34.99666666666666,41.223,130,cwpb-10m,1,1.0,76.703,-92.0,13,1.0,6216009.0,175.5,-78.0,-79.0,13.0,8232768.0,35273.0,87.8,35265.0,4.0,2,4.0,-41.0,40,64.56645501799281,48.52022622107969,0.0839731285988483,42,169.376
2026-07-20T13:57:07.481000Z,161,-67,80.0,2.0,4,10.0,0.049511678651785,27512,28.629,18.982222222222223,24.754,195,cwpb-10m-2a,1,1.0,34.187,-92.0,13,2.0,6619997.0,117.0,-78.0,-78.0,14.0,8747950.0,23729.0,39.0,23727.0,4.0,3,7.0,-41.0,46,48.615034372502,46.84682825870647,0.1463822668339607,63,198.805
2026-07-20T13:59:55.404000Z,161,-62,80.0,1.0,4,10.0,0.0022751785271416,4344,4.615,5.713333333333334,8.388,351,cwpb-10m,1,1.0,434.117,-92.0,12,0.0,5638812.0,351.0,-72.0,-65.0,20.0,9121060.0,39930.0,526.6,39923.0,3.0,3,7.0,-34.0,102,150.78967036757516,68.41220086858772,0.1089117469098452,63,2.858
2026-07-20T14:01:08.699000Z,161,-65,80.0,3.0,4,10.0,0.0085748761183067,13032,26.408,24.702222222222225,43.118,195,cwpb-10m,1,1.0,25.343,-92.0,12,1.0,6907952.0,108.0,-77.0,-80.0,15.0,8018371.0,33394.0,29.3,33393.0,3.0,3,4.0,-43.0,43,127.44312003998002,57.524741800834825,0.1899077590884427,84,121.631
2026-07-20T14:02:43.355000Z,161,-66,80.0,2.0,4,10.0,0.0282791158104786,14480,14.412,27.732222222222223,43.251,195,cwpb-10m-2a,1,1.0,5.742,-92.0,12,1.0,6636585.0,175.5,-79.0,-80.0,13.0,8695755.0,13645.0,6.5,13643.0,3.0,3,7.0,-41.0,47,43.58153821560595,47.06018270474674,0.1230709122875561,63,132.526
2026-07-20T14:05:39.507000Z,161,-58,80.0,1.0,4,10.0,0.0032662450804439,5792,3.272,7.544444444444444,8.311,351,cwpb-10m,1,1.0,434.117,-92.0,13,0.0,5329513.0,351.0,-75.0,-75.0,18.0,9943091.0,21341.0,526.6,21338.0,4.0,3,7.0,-32.0,88,142.04824381941705,89.75472943860488,0.1357612326257946,63,2.537
2026-07-20T14:06:44.403000Z,161,-64,80.0,3.0,4,10.0,0.0197778672334719,7240,12.863,23.688888888888883,35.05,195,cwpb-10m,1,1.0,51.585,-92.0,12,1.0,6164297.0,81.0,-78.0,-79.0,14.0,7527577.0,24480.0,58.5,24476.0,4.0,3,4.0,-43.0,43,31.025439424230303,37.415642977835205,2.0859992637649656,1190,272.693
2026-07-20T14:08:19.002000Z,161,-67,80.0,2.0,4,10.0,0.0022195201029661,1448,28.401,6.626666666666667,21.606,195,cwpb-10m-2a,1,1.0,51.585,-91.0,12,2.0,6642772.0,175.5,-78.0,-79.0,13.0,8468044.0,14772.0,58.5,14769.0,4.0,3,7.0,-39.0,46,57.00832940235858,42.70973177031591,0.0840285697137026,42,138.949
2026-07-20T14:11:23.320000Z,161,-55,80.0,1.0,4,10.0,0.003304282423043,7240,5.0,2.772222222222222,4.783,351,cwpb-10m,1,1.0,389.406,-90.0,13,0.0,5799689.0,292.5,-73.0,-74.0,18.0,9711661.0,43699.0,468.0,43699.0,4.0,3,7.0,-30.0,99,174.60329275174195,88.40576464813738,0.0754974744297244,42,2.556
2026-07-20T14:12:20.077000Z,161,-64,80.0,3.0,4,10.0,0.010176591267824,11584,57.195,8.025555555555554,21.081,195,cwpb-10m,1,1.0,101.39,-92.0,13,1.0,6487033.0,58.5,-77.0,-73.0,15.0,8061723.0,37816.0,117.0,37813.0,4.0,3,4.0,-43.0,34,94.75336905237904,41.267749552772806,0.1847615695935245,84,279.588
2026-07-20T14:13:54.761000Z,161,-67,80.0,2.0,4,10.0,0.005335696368808,5792,41.133,35.84888888888889,34.815999999999995,195,cwpb-10m-2a,1,1.0,227.171,-92.0,13,2.0,6628285.0,175.5,-79.0,-79.0,13.0,8267486.0,34963.0,263.3,34961.0,4.0,3,7.0,-40.0,42,96.39187849720224,50.04095366336634,0.2058066887173833,84,141.804
2026-07-20T14:17:08.321000Z,161,-54,80.0,1.0,4,10.0,0.001576816305082,4344,2.955,2.7777777777777777,6.4190000000000005,351,cwpb-10m,1,1.0,434.117,-92.0,13,0.0,5146296.0,351.0,-74.0,-75.0,19.0,9728520.0,34263.0,526.6,34261.0,4.0,3,7.0,-30.0,90,219.767875935816,105.4306676635351,0.0395428097990848,21,2.685
2026-07-20T14:17:55.744000Z,161,-66,80.0,3.0,4,10.0,0.0026073175254664,4344,40.018,17.09777777777778,39.632,260,cwpb-10m,1,1.0,202.796,-92.0,12,1.0,6500351.0,175.5,-78.0,-79.0,14.0,8479800.0,37137.0,234.0,37136.0,4.0,3,4.0,-43.0,34,139.15348536024783,44.33835439259775,2.213891375708744,1187,155.373
2026-07-20T14:19:30.498000Z,161,-68,80.0,2.0,4,10.0,0.0036730593005615,4344,8.6,22.646666666666665,33.429,195,cwpb-10m-2a,1,1.0,202.796,-92.0,13,2.0,7220614.0,175.5,-79.0,-80.0,13.0,8174890.0,34326.0,234.0,34323.0,4.0,3,7.0,-40.0,44,99.73467399340592,54.01375974542562,0.0487408610885458,21,112.769
2026-07-20T14:22:53.637000Z,161,-54,80.0,1.0,4,10.0,0.0063494491238988,10136,1.798,2.775555555555556,5.206,351,cwpb-10m,1,1.0,297.515,-92.0,13,0.0,5459336.0,351.0,-73.0,-66.0,19.0,10007751.0,39319.0,351.0,39314.0,4.0,3,7.0,-37.0,96,126.464773641558,99.88849522796966,0.0394581086413257,21,4.041
2026-07-20T14:23:32.793000Z,161,-64,80.0,3.0,4,10.0,0.0024698923308887,4344,40.89,6.686666666666667,20.779000000000003,260,cwpb-10m,1,1.0,202.796,-92.0,13,2.0,6685229.0,117.0,-77.0,-78.0,15.0,8450114.0,33733.0,234.0,33731.0,4.0,3,4.0,-44.0,39,148.37449945038472,58.341039244908096,0.042996662639995,21,103.78
2026-07-20T14:25:06.357000Z,161,-68,80.0,2.0,4,10.0,1.2321462851540794,1753528,3.765,18.29222222222222,29.157,260,cwpb-10m-2a,1,1.0,101.39,-92.0,12,4.0,6963578.0,175.5,-78.0,-79.0,13.0,8743114.0,26429.0,117.0,26427.0,4.0,3,7.0,-42.0,46,117.35836114719696,35.768301615798926,2.8909394326101894,1178,230.799
2026-07-20T14:29:08.646000Z,161,-66,80.0,3.0,4,10.0,0.0390543898908347,13032,25.376,30.862222222222226,30.897,195,cwpb-10m,1,1.0,227.171,-92.0,13,0.0,5728537.0,117.0,-79.0,-79.0,14.0,9081225.0,33327.0,263.3,33326.0,4.0,3,4.0,-44.0,39,30.180880271836894,46.62821003681457,0.0,0,160.981
2026-07-20T14:30:42.084000Z,161,-66,80.0,2.0,3,10.0,0.0381944935357402,14480,24.144,45.088888888888896,47.055,260,cwpb-10m-2a,1,1.0,101.39,-92.0,12,4.0,6334016.0,117.0,-78.0,-79.0,15.0,9451033.0,25852.0,117.0,25848.0,4.0,2,4.0,-47.0,39,34.369234335964826,38.91280852743782,0.0,0,213.71
2026-07-20T14:34:24.014000Z,161,-55,80.0,1.0,4,10.0,0.0014358760940473,2896,1.935,3.306666666666666,5.594,351,cwpb-10m,1,1.0,434.117,-92.0,13,0.0,5922691.0,650.0,-75.0,-76.0,17.0,8751451.0,39030.0,526.6,39028.0,4.0,3,7.0,-30.0,93,162.26957153550612,76.29312058365169,0.0807335217115506,42,3.943
2026-07-20T14:34:44.418000Z,161,-68,80.0,3.0,4,10.0,0.102216337206946,49232,11.389,7.84,12.326666666666666,195,cwpb-10m,1,1.0,202.796,-91.0,12,6.0,5971578.0,117.0,-80.0,-79.0,11.0,3135792.0,12719.0,234.0,12711.0,4.0,3,4.0,-42.0,43,41.08774410235905,44.05167466401195,0.1335474331865371,84,181.561
2026-07-20T14:36:17.943000Z,161,-65,80.0,2.0,2,10.0,0.0032344042447773,4344,23.968,33.71888888888889,37.364,195,cwpb-10m-2a,1,1.0,25.343,-92.0,11,1.0,6764629.0,175.5,-79.0,-79.0,13.0,8882512.0,34000.0,29.3,33999.0,4.0,1,4.0,-44.0,35,113.99387370103916,55.91155913017575,0.0974681488013738,42,67.923
2026-07-20T14:40:08.614000Z,161,-64,80.0,1.0,4,10.0,0.0046131910319857,10136,3.651,29.25,50.73333333333333,351,cwpb-10m,1,1.0,11.726,-92.0,12,0.0,3458374.0,216.0,-68.0,-68.0,24.0,7942608.0,32469.0,13.5,32465.0,3.0,3,7.0,-33.0,91,175.08668207012445,36.64220382153764,0.251364550416547,105,3.792
2026-07-20T14:41:53.733000Z,161,-67,80.0,2.0,4,10.0,0.0055268903675034,7240,15.075,11.588888888888889,29.880000000000003,260,cwpb-10m-2a,1,1.0,51.585,-91.0,12,2.0,6714697.0,175.5,-79.0,-79.0,12.0,7916607.0,36874.0,58.5,36871.0,3.0,3,4.0,-43.0,43,109.80292246203038,51.79176133557246,0.0451389635234185,21,126.911
2026-07-20T14:45:55.041000Z,161,-54,80.0,1.0,4,10.0,0.0048232852221735,7240,2.869,108.67777777777778,105.35,351,cwpb-10m,1,1.0,101.39,-91.0,12,0.0,962072.0,468.0,-72.0,-65.0,19.0,6519886.0,29452.0,117.0,29450.0,4.0,3,7.0,-28.0,82,111.41892103177186,2.322938682499085,0.1602278796510592,63,2.747
2026-07-20T14:45:59.921000Z,161,-66,80.0,3.0,3,10.0,0.0076074409178188,7240,28.932,34.03111111111111,47.061,195,cwpb-10m,1,1.0,153.406,-92.0,12,1.0,5110812.0,108.0,-79.0,-82.0,13.0,7545801.0,36738.0,175.5,36732.0,4.0,2,4.0,-43.0,42,82.1754882047181,35.22528816140084,0.0,0,187.299
2026-07-20T14:47:29.320000Z,161,-64,80.0,2.0,3,10.0,0.0030316263955391,4344,55.886,14.61111111111111,36.56,195,cwpb-10m-2a,1,1.0,202.796,-91.0,13,3.0,6112923.0,175.5,-78.0,-79.0,13.0,7898832.0,27542.0,234.0,27540.0,4.0,2,4.0,-43.0,43,126.60467846076962,45.26002778329033,0.0376168810231791,21,131.352
2026-07-20T14:51:35.978000Z,161,-66,80.0,3.0,3,10.0,0.0042860948584621,4344,35.619,49.47333333333333,44.824,195,cwpb-10m,1,1.0,153.406,-92.0,13,5.0,5509322.0,87.8,-79.0,-81.0,13.0,5622451.0,22116.0,175.5,22104.0,4.0,2,4.0,-43.0,42,88.05396780965711,40.74965718251215,2.0443678807481365,1163,85.213
2026-07-20T14:51:42.004000Z,161,-54,80.0,1.0,4,10.0,0.0131592866212586,5792,4.87,3.267777777777778,4.555,325,cwpb-10m,1,1.0,150.921,-92.0,12,0.0,1594317.0,351.0,-72.0,-66.0,20.0,4793219.0,6530.0,173.4,6527.0,4.0,3,7.0,-31.0,89,27.503776110693494,9.266409186100208,13.077603568672476,6948,6.0
2026-07-20T14:53:05.185000Z,161,-64,80.0,2.0,4,10.0,0.0397803039713393,39096,63.812,20.10111111111111,27.083,260,cwpb-10m-2a,1,1.0,51.585,-91.0,13,5.0,6655627.0,117.0,-79.0,-79.0,12.0,8335250.0,35381.0,58.5,35368.0,4.0,3,4.0,-44.0,40,83.80227772227772,46.66085604341392,0.0549450549450549,21,212.909
2026-07-20T14:55:56.218000Z,161,-56,80.0,2.0,4,10.0,0.0907246688418309,152040,21.122,14.07888888888889,28.89,390,cwpb-10m-2a,1,1.0,299.7,-92.0,13,1.0,5950519.0,234.0,-64.0,-65.0,28.0,5711924.0,12678.0,351.0,12678.0,4.0,3,4.0,-44.0,47,138.37052084374687,91.07619619938316,0.0,0,13.874
2026-07-20T16:10:05.887000Z,161,-67,80.0,2.0,3,10.0,2.450673776253462,1584112,5.261,6.811111111111111,18.52,195,cwpb-10m,1,1.0,76.703,-92.0,12,0.0,0.0,175.5,-79.0,-79.0,13.0,0.0,0.0,87.8,0.0,4.0,2,2.0,-48.0,45,60.83532525332804,66.97699651775943,2.722677749073346,1212,135.397
2026-07-20T16:11:16.237000Z,161,-67,80.0,3.0,3,10.0,1.6226612228116764,2035888,22.085,18.633333333333336,24.774,195,cwpb-10m,1,1.0,51.585,-92.0,13,3.0,7244794.0,87.8,-85.0,-84.0,7.0,7325337.0,27949.0,58.5,27947.0,4.0,2,4.0,-44.0,52,103.97714834066372,47.10359292387199,0.1178164681241,63,157.636
2026-07-20T16:12:55.864000Z,161,-56,80.0,1.0,4,10.0,0.0101010415074676,10136,2.653,2.39,4.626,300,cwpb-10m,1,1.0,231.812,-92.0,13,0.0,15906439.0,351.0,-73.0,-66.0,19.0,27800863.0,46717.0,270.0,46717.0,4.0,3,7.0,-30.0,86,78.82931295918569,107.9197164448734,0.0412354939423095,21,4.74
2026-07-20T16:15:41.954000Z,161,-69,80.0,2.0,3,10.0,0.0043791355915382,7240,86.283,20.456666666666663,33.352,195,cwpb-10m,1,1.0,153.406,-91.0,13,2.0,6721239.0,117.0,-81.0,-82.0,10.0,8262552.0,28614.0,175.5,28611.0,4.0,2,11.0,-38.0,42,135.77325367169547,43.07652346070085,0.1354926124266081,63,253.724
2026-07-20T16:16:51.925000Z,161,-64,80.0,3.0,3,10.0,0.011041619177198,13032,23.052,15.550000000000002,28.943,195,cwpb-10m,1,1.0,25.343,-92.0,13,1.0,6117883.0,87.8,-80.0,-80.0,12.0,8522912.0,32575.0,29.3,32574.0,4.0,2,4.0,-44.0,52,99.78452139144342,41.47732963219986,0.0927664273881833,42,173.449
2026-07-20T16:18:39.958000Z,161,-55,80.0,1.0,4,10.0,0.0113929952412289,30408,3.837,2.621111111111111,4.633,351,cwpb-10m,1,1.0,202.796,-92.0,13,0.0,5416777.0,351.0,-72.0,-67.0,21.0,9477825.0,41932.0,234.0,41929.0,4.0,3,7.0,-32.0,104,213.4187913521868,135.6533181919909,0.0370396500634965,21,3.72
2026-07-20T16:21:17.322000Z,161,-68,80.0,2.0,3,10.0,0.001562551460064,2896,17.491,11.198888888888892,23.331000000000003,130,cwpb-10m,1,1.0,51.585,-92.0,12,3.0,6575499.0,87.8,-81.0,-82.0,11.0,8737356.0,30729.0,58.5,30725.0,4.0,2,11.0,-37.0,42,152.50491019878135,45.305632345654544,0.0362206354134326,21,197.806
2026-07-20T16:22:27.592000Z,161,-65,80.0,3.0,3,10.0,0.0084159804310321,7240,15.546,65.02666666666667,77.24600000000001,195,cwpb-10m,1,1.0,51.585,-92.0,12,0.0,6019291.0,87.8,-80.0,-81.0,12.0,8789281.0,24299.0,58.5,24292.0,4.0,2,4.0,-44.0,52,75.45974212893553,41.388414396500295,0.0724075510731833,42,142.966
2026-07-20T16:24:24.910000Z,161,-54,80.0,1.0,4,10.0,0.0036866077674045,7240,2.881,4.86,6.251,468,cwpb-10m,1,1.0,227.171,-92.0,13,0.0,6000351.0,351.0,-71.0,-67.0,21.0,9713757.0,41754.0,263.3,41754.0,4.0,3,7.0,-30.0,99,155.51256162147592,132.29466892471973,0.0393959290873276,21,2.541
2026-07-20T16:26:53.504000Z,161,-69,80.0,2.0,4,10.0,0.0510850732990834,21720,5.294,11.42222222222222,42.78,130,cwpb-10m,1,1.0,101.39,-92.0,12,4.0,6743491.0,117.0,-83.0,-84.0,9.0,8343495.0,22677.0,117.0,22675.0,4.0,3,11.0,-38.0,48,41.07542640151894,41.10835263681592,0.1233963372833219,63,218.133
2026-07-20T16:28:03.233000Z,161,-63,80.0,3.0,3,10.0,0.0109061592283179,8688,13.045,45.193333333333335,55.00600000000001,260,cwpb-10m,1,1.0,101.39,-92.0,13,1.0,6074254.0,175.5,-80.0,-81.0,12.0,8038525.0,20773.0,117.0,20771.0,4.0,2,4.0,-44.0,52,66.24350579768092,40.93884045301013,0.0948509485094851,42,228.465
2026-07-20T16:30:10.224000Z,161,-55,80.0,1.0,4,10.0,0.0013777091330748,4344,1.862,3.3944444444444444,5.315,468,cwpb-10m,1,1.0,297.515,-91.0,13,0.0,5515641.0,468.0,-72.0,-67.0,19.0,9796877.0,41299.0,351.0,41299.0,4.0,3,7.0,-28.0,93,252.03810823381968,132.85260829025617,0.0,0,1.979
2026-07-20T16:32:28.761000Z,161,-68,80.0,2.0,4,10.0,0.0019032613276646,2896,22.673,20.96666666666667,30.76,130,cwpb-10m,1,1.0,11.726,-92.0,12,0.0,6561157.0,117.0,-82.0,-83.0,10.0,8308214.0,28925.0,13.5,28919.0,4.0,3,11.0,-36.0,40,129.94545672596442,47.65306603023071,2.949197050802949,1168,177.105
2026-07-20T16:33:39.091000Z,161,-63,80.0,3.0,4,10.0,0.003688884336145,6096,56.962,23.34,36.434000000000005,260,cwpb-10m,1,1.0,153.406,-92.0,13,0.0,6678002.0,58.5,-80.0,-82.0,12.0,8485585.0,32089.0,175.5,32083.0,4.0,3,7.0,-43.0,45,138.34286056971513,41.826796793031775,2.4189202674383794,1212,259.593
2026-07-20T16:35:53.779000Z,161,-57,80.0,1.0,4,10.0,0.0012735550440604,4344,2.852,12.008888888888889,13.416,351,cwpb-10m,1,1.0,563.578,-92.0,13,0.0,6123655.0,468.0,-70.0,-66.0,22.0,9564187.0,41334.0,702.0,41333.0,4.0,3,7.0,-31.0,82,270.7396142511039,135.3258453707493,0.0,0,2.431
2026-07-20T16:38:04.562000Z,161,-68,80.0,2.0,4,10.0,0.0035322465159397,4344,15.502,13.384444444444442,26.042,130,cwpb-10m,1,1.0,101.39,-90.0,14,2.0,6780160.0,117.0,-82.0,-83.0,8.0,8214200.0,32254.0,117.0,32249.0,4.0,3,11.0,-36.0,43,104.79472316610034,51.00786657400973,0.0440547117563145,21,189.087
2026-07-20T16:39:15.188000Z,161,-66,80.0,3.0,4,10.0,0.0029206070710952,5200,40.506,11.694444444444445,23.145000000000003,195,cwpb-10m,1,1.0,153.406,-92.0,15,1.0,6302596.0,117.0,-81.0,-81.0,11.0,8398969.0,25411.0,175.5,25410.0,4.0,3,7.0,-43.0,45,148.38932800319807,50.90073490500348,0.236849228548227,105,145.967
2026-07-20T16:41:38.656000Z,161,-57,80.0,1.0,4,10.0,0.0241496672482727,50680,2.402,18.43777777777778,13.181,351,cwpb-10m,1,1.0,478.125,-92.0,14,0.0,6143117.0,351.0,-73.0,-69.0,19.0,9687253.0,38068.0,585.0,38065.0,4.0,3,7.0,-36.0,85,167.8135460411047,77.15841475345262,0.0842612097502257,42,3.124
2026-07-20T16:43:40.210000Z,161,-66,80.0,2.0,4,10.0,0.0027659256702556,4344,37.253,14.11111111111111,30.1,195,cwpb-10m,1,1.0,25.343,-92.0,15,0.0,6419975.0,117.0,-82.0,-83.0,10.0,8616047.0,21667.0,29.3,21660.0,4.0,3,11.0,-36.0,44,129.0812981614708,23.11449005584403,0.0376593798755447,21,354.676
2026-07-20T16:44:50.672000Z,161,-64,80.0,3.0,4,10.0,0.0029589363392203,4344,66.706,9.707777777777778,22.403,195,cwpb-10m,1,1.0,25.343,-92.0,13,2.0,6177024.0,175.5,-80.0,-81.0,13.0,8668496.0,23897.0,29.3,23895.0,4.0,3,7.0,-40.0,51,122.4002366580052,50.6331501393867,0.0950505804874736,42,165.381
2026-07-20T16:47:23.054000Z,161,-56,80.0,1.0,4,10.0,0.0038990716331983,8688,2.147,3.7455555555555553,5.267,468,cwpb-10m,1,1.0,202.78,-92.0,14,0.0,5798215.0,351.0,-73.0,-69.0,19.0,10048220.0,45048.0,234.0,45040.0,4.0,3,7.0,-35.0,84,177.30776755861137,115.5590697791625,0.0,0,2.26
2026-07-20T16:49:15.874000Z,161,-67,80.0,2.0,4,10.0,0.01071471785484,7240,39.74,25.44222222222222,44.168,195,cwpb-10m,1,1.0,51.585,-91.0,14,1.0,6112080.0,117.0,-82.0,-83.0,8.0,9150795.0,30607.0,58.5,30602.0,4.0,3,11.0,-37.0,39,57.00832940235858,32.98449304802288,0.0392611426862099,21,159.094
2026-07-20T16:50:26.115000Z,161,-67,80.0,3.0,4,10.0,0.0023764037029358,2896,16.634,8.257777777777777,28.928,195,cwpb-10m,1,1.0,25.343,-92.0,14,1.0,6123732.0,87.8,-80.0,-83.0,12.0,8443287.0,31501.0,29.3,31499.0,4.0,3,7.0,-40.0,51,105.65419912035186,51.33252839163611,2.497169455277393,1191,125.371
2026-07-20T16:53:06.866000Z,161,-66,80.0,1.0,4,10.0,0.0014512546998903,2896,2.686,5.204444444444444,6.142,351,cwpb-10m,1,1.0,434.117,-92.0,14,0.0,5545319.0,351.0,-74.0,-74.0,19.0,10192636.0,47138.0,526.6,47135.0,3.0,3,7.0,-30.0,90,158.62290652237087,122.56456099519268,0.0,0,2.665
2026-07-20T16:54:51.515000Z,161,-67,80.0,2.0,3,10.0,0.0030729586598776,4344,35.554,22.18555555555556,42.455,195,cwpb-10m,1,1.0,101.39,-92.0,14,3.0,6754594.0,117.0,-81.0,-81.0,10.0,8529188.0,32220.0,117.0,32217.0,3.0,2,11.0,-36.0,32,119.86120543565148,44.3748218037661,1.8790297820079829,1224,201.149
2026-07-20T16:56:01.811000Z,161,-64,80.0,3.0,4,10.0,0.0027849778601953,4344,47.002,8.123333333333333,35.57899999999999,195,cwpb-10m,1,1.0,227.171,-92.0,15,3.0,6099113.0,175.5,-80.0,-80.0,12.0,8559254.0,25102.0,263.3,25100.0,3.0,3,7.0,-40.0,51,128.2815616191904,55.89645014807503,0.039278767020799,21,166.039
2026-07-20T16:58:51.994000Z,161,-63,80.0,1.0,4,10.0,0.0042106572432726,4344,4.504,5.695333333333334,6.8666,468,cwpb-10m,1,1.0,434.117,-91.0,14,0.0,6500371.0,351.0,-73.0,-68.0,18.0,10945911.0,45398.0,526.6,45396.0,3.0,3,7.0,-28.0,101,82.21013496647707,123.45597389596884,0.0421509002227976,21,6.237
2026-07-20T17:01:41.576000Z,161,-53,80.0,1.0,4,10.0,0.0233000203116593,20272,3.214,13.40777777777778,12.909,351,cwpb-10m,1,1.0,389.406,-92.0,15,0.0,5308529.0,468.0,-74.0,-75.0,19.0,8871584.0,29433.0,468.0,29432.0,4.0,3,7.0,-29.0,87,69.01891375101987,105.1457510894764,0.1064854723391308,42,2.453
2026-07-20T17:02:50.592000Z,161,-66,80.0,3.0,4,10.0,0.0090451214491383,10136,21.33,16.493333333333332,25.742,195,cwpb-10m,1,1.0,76.703,-92.0,15,4.0,6080261.0,117.0,-76.0,-75.0,16.0,8563402.0,30739.0,87.8,30736.0,4.0,3,7.0,-44.0,47,93.9054568715642,51.7840779144122,0.0430857611817808,21,135.146
2026-07-20T17:04:03.732000Z,161,-68,80.0,2.0,3,10.0,0.0123916209951811,10136,10.126,17.13888888888889,36.565,130,cwpb-10m,1,1.0,70.953,-92.0,16,0.0,0.0,87.8,-80.0,-81.0,13.0,0.0,0.0,81.0,0.0,4.0,2,7.0,-43.0,50,71.97648288935449,44.837677008750994,0.1177702172206228,63,113.446
2026-07-20T17:07:26.665000Z,161,-56,80.0,1.0,4,10.0,0.0225011421003867,44888,3.291,3.821111111111111,4.365,468,cwpb-10m,1,1.0,101.39,-92.0,15,0.0,4930030.0,351.0,-72.0,-68.0,20.0,8115950.0,31477.0,117.0,31470.0,4.0,3,7.0,-31.0,90,159.54503837701745,79.7039608821096,0.2381924595072818,105,2.277
2026-07-20T17:08:26.444000Z,161,-61,80.0,3.0,4,10.0,0.0038591272160931,4344,25.555,40.72555555555555,41.917,260,cwpb-10m,1,1.0,227.171,-91.0,15,1.0,6569736.0,81.0,-81.0,-83.0,10.0,7786392.0,30780.0,263.3,30768.0,4.0,3,7.0,-44.0,47,92.22857371314343,35.47774305901085,0.1548025652996535,63,204.791
2026-07-20T17:09:39.553000Z,161,-64,80.0,2.0,4,10.0,0.0033838718963316,5792,23.856,14.773333333333332,28.893,195,cwpb-10m,1,1.0,251.312,-91.0,13,2.0,6353310.0,117.0,-79.0,-80.0,12.0,8085724.0,28408.0,292.5,28406.0,4.0,3,4.0,-43.0,49,142.50658139302487,52.06579149357072,0.0502128066567835,21,67.12
2026-07-20T17:13:10.573000Z,161,-63,80.0,1.0,4,10.0,0.0366440662559754,70952,1.853,2.151111111111111,4.058,468,cwpb-10m,1,1.0,297.515,-92.0,13,0.0,5424546.0,351.0,-73.0,-74.0,19.0,8528828.0,37682.0,351.0,37664.0,3.0,3,7.0,-31.0,97,155.12570989101476,115.40264946672488,0.0412898151789225,21,2.614
2026-07-20T17:14:03.072000Z,161,-63,80.0,3.0,4,10.0,0.0369631204225417,31856,27.952,32.95666666666667,30.335,260,cwpb-10m,1,1.0,25.343,-92.0,12,2.0,6147012.0,58.5,-85.0,-87.0,7.0,8039800.0,33524.0,29.3,33492.0,3.0,3,7.0,-45.0,55,75.45974212893553,22.704565752880413,1.9982814105912283,1186,324.244
2026-07-20T17:15:15.334000Z,161,-66,80.0,2.0,4,10.0,0.0038834557062911,4344,40.999,18.23,25.653,195,cwpb-10m,1,1.0,51.585,-92.0,13,3.0,6007692.0,117.0,-79.0,-79.0,13.0,6976977.0,21209.0,58.5,21206.0,3.0,3,4.0,-43.0,50,97.23978495053464,36.31881246907472,0.0709315679254205,42,124.824
2026-07-20T17:18:55.529000Z,161,-57,80.0,1.0,3,10.0,0.0010321207083986,2896,1.757,1.882222222222222,4.577,351,cwpb-10m,1,1.0,478.125,-92.0,11,0.0,5284999.0,468.0,-72.0,-68.0,20.0,9316725.0,40339.0,585.0,40337.0,4.0,2,7.0,-32.0,86,223.2667032091599,106.83889229932474,0.0739111306643202,42,2.516
2026-07-20T17:19:39.017000Z,161,-64,80.0,3.0,4,10.0,0.0064034446050743,4344,75.037,21.32888888888889,38.114,195,cwpb-10m,1,1.0,5.242,-92.0,12,0.0,5959288.0,54.0,-86.0,-86.0,6.0,8871619.0,31571.0,6.0,31553.0,4.0,3,7.0,-45.0,55,58.69091054472764,24.01795299950421,0.1288238180925895,63,423.063
2026-07-20T17:20:51.073000Z,161,-67,80.0,2.0,4,10.0,0.004372307127271,5880,44.619,24.51888888888889,32.813,195,cwpb-10m,1,1.0,76.703,-92.0,12,13.0,4871391.0,117.0,-79.0,-79.0,13.0,7026983.0,23427.0,87.8,23421.0,4.0,3,11.0,-45.0,40,117.3231888111888,23.250942783607208,8.306130501847402,4631,263.417
2026-07-20T17:24:39.271000Z,161,-63,80.0,1.0,4,10.0,0.018669473667737,41992,2.065,5.423333333333333,8.673,468,cwpb-10m,1,1.0,51.492,-91.0,11,0.0,5804773.0,216.0,-71.0,-70.0,21.0,9213960.0,33358.0,58.6,33351.0,3.0,3,7.0,-30.0,94,179.1118262806214,80.18079969264053,0.2891864908596412,168,2.944
2026-07-20T17:25:14.838000Z,161,-65,80.0,3.0,4,10.0,0.0379593261974926,17376,23.749,53.86222222222222,44.884,195,cwpb-10m,1,1.0,5.242,-92.0,13,3.0,5629724.0,58.5,-86.0,-87.0,6.0,7716165.0,24390.0,6.0,24364.0,3.0,3,11.0,-45.0,42,38.57216793282687,20.21301112877584,0.1202978804659156,63,463.169
2026-07-20T17:26:26.838000Z,161,-68,80.0,2.0,4,10.0,0.0058499163558921,4344,67.112,11.122222222222222,32.16,195,cwpb-10m,1,1.0,101.39,-92.0,13,2.0,5390702.0,175.5,-79.0,-80.0,12.0,8624188.0,8422.0,117.0,8419.0,3.0,3,11.0,-44.0,46,62.85798781097013,35.33256381624057,0.0532346380044615,21,56.344
2026-07-20T17:30:56.471000Z,161,-64,80.0,3.0,4,10.0,0.0373434181193978,11584,11.969,65.78555555555555,98.913,195,cwpb-10m,1,1.0,25.343,-92.0,12,13.0,6053285.0,13.0,-85.0,-85.0,7.0,8389386.0,14002.0,29.3,13993.0,3.0,3,11.0,-45.0,42,31.0192380571657,11.56977495029821,1.99739172214977,1164,851.498
2026-07-20T17:32:02.640000Z,161,-67,80.0,2.0,3,10.0,0.0319460397853508,14480,13.544,20.04,43.334,195,cwpb-10m,1,1.0,5.242,-92.0,12,16.0,4077438.0,117.0,-79.0,-80.0,13.0,7634584.0,23373.0,6.0,23366.0,3.0,2,11.0,-45.0,39,40.233131894484416,15.104661235843434,2.1844526976344243,1194,359.18
2026-07-20T17:36:09.747000Z,161,-56,80.0,1.0,4,10.0,0.0006240803219647,1448,2.915,2.4422222222222225,4.912,527,cwpb-10m,1,1.0,389.406,-92.0,12,0.0,5816002.0,468.0,-72.0,-73.0,19.0,9517036.0,39882.0,468.0,39877.0,4.0,3,7.0,-33.0,94,184.92218445222792,116.5704429656135,0.0403838387723313,21,3.124
2026-07-20T17:36:32.955000Z,161,-67,80.0,3.0,4,10.0,0.0075572871593758,4344,48.017,53.333333333333336,48.462500000000006,195,cwpb-10m,1,1.0,76.703,-92.0,12,2.0,6184504.0,40.5,-87.0,-86.0,5.0,6691032.0,22916.0,87.8,22902.0,4.0,3,7.0,-45.0,51,51.155162251324604,20.501436555742075,0.0902604659159288,42,574.207
2026-07-20T17:37:39.031000Z,161,-67,80.0,2.0,3,10.0,0.0065393854177196,7240,52.581,33.74333333333333,48.051,195,cwpb-10m,1,1.0,153.406,-92.0,10,5.0,3809925.0,58.5,-79.0,-80.0,13.0,7886513.0,28238.0,175.5,28235.0,4.0,2,11.0,-46.0,42,93.0484149095633,14.329495909922048,0.167537596234393,84,1135.365
2026-07-20T17:42:01.790000Z,161,-55,80.0,1.0,4,10.0,0.0019859160879135,4344,2.047,86.48666666666666,82.461,468,cwpb-10m,1,1.0,25.343,-91.0,12,0.0,3463097.0,351.0,-73.0,-69.0,18.0,9431880.0,41726.0,29.3,41724.0,4.0,3,7.0,-36.0,97,174.074415191933,73.5123489363506,0.2741729117163224,105,4.831
2026-07-20T17:42:10.564000Z,161,-68,80.0,3.0,4,10.0,0.0032421329688292,2896,22.72,14.817777777777776,24.602,130,cwpb-10m,1,1.0,5.242,-92.0,12,10.0,4247250.0,27.0,-87.0,-89.0,5.0,7861934.0,33386.0,6.0,33377.0,4.0,3,7.0,-45.0,51,74.62130054972513,5.893199763360284,19.92636599447745,11907,892.052
2026-07-20T17:43:14.506000Z,161,-68,80.0,2.0,4,10.0,0.0043652374037979,4344,63.0,22.924444444444443,32.098,195,cwpb-10m,1,1.0,101.39,-91.0,12,22.0,2213750.0,175.5,-79.0,-80.0,12.0,5684359.0,22573.0,117.0,22572.0,4.0,3,11.0,-45.0,42,84.66567482762066,9.794906489118553,4.456460936043259,2390,692.996
2026-07-20T17:47:48.905000Z,161,-57,80.0,1.0,4,10.0,0.0222553114575507,13032,3.873,28.14444444444445,31.945,468,cwpb-10m,1,1.0,209.57,-90.0,10,0.0,1206176.0,292.5,-73.0,-68.0,17.0,4778543.0,12592.0,243.0,12590.0,4.0,3,7.0,-38.0,81,42.90210641703213,7.329267740235781,2.298617511520737,1247,4.129
2026-07-20T17:47:53.330000Z,161,-65,80.0,3.0,4,10.0,0.5552887536917971,18824,227.24,78.35555555555555,88.28999999999999,195,cwpb-10m,1,1.0,5.242,-92.0,11,8.0,3710960.0,13.5,-85.0,-84.0,7.0,2870679.0,5196.0,6.0,5190.0,4.0,3,11.0,-46.0,54,3.3541015593762493,3.9967224394057856,4.429801173154567,2326,1297.629
2026-07-20T17:48:50.465000Z,161,-68,80.0,2.0,4,10.0,0.004027800502151,5792,32.247,14.48,33.404,130,cwpb-10m,1,1.0,51.585,-91.0,12,5.0,6577968.0,87.8,-80.0,-81.0,11.0,7922514.0,34138.0,58.5,34131.0,4.0,3,11.0,-45.0,39,124.90282722094534,43.44323815201192,0.1263892789792561,63,176.282
2026-07-20T17:53:33.315000Z,161,-56,80.0,1.0,3,10.0,0.0146158396133666,2896,3.332,48.63666666666666,33.093,468,cwpb-10m,1,1.0,202.78,-91.0,12,0.0,1159026.0,351.0,-74.0,-75.0,17.0,2408095.0,5362.0,234.0,5362.0,4.0,2,7.0,-35.0,91,17.182621208598622,10.746235797949996,0.2338530066815144,84,3.169
2026-07-20T17:53:38.499000Z,161,-66,80.0,3.0,4,10.0,0.0672243190102203,7240,67.842,44.35777777777778,64.00399999999999,195,cwpb-10m,1,1.0,5.242,-92.0,11,5.0,4671779.0,13.5,-88.0,-88.0,4.0,3893010.0,10207.0,6.0,10206.0,4.0,3,11.0,-46.0,54,10.901919824052785,4.058742016644088,6.949760525841166,3468,1043.774
2026-07-20T17:54:27.360000Z,161,-67,80.0,2.0,4,10.0,0.0036017525610583,4344,26.834,9.977777777777778,36.62,195,cwpb-10m,1,1.0,153.406,-91.0,13,19.0,3554813.0,87.8,-80.0,-81.0,11.0,6904583.0,28331.0,175.5,28330.0,4.0,3,11.0,-45.0,41,101.43115499150596,8.487979466929911,4.6037204939815535,2356,1598.526
2026-07-20T17:59:14.345000Z,161,-65,80.0,3.0,4,10.0,0.1266422089386543,43440,29.587,56.31444444444445,49.057,195,cwpb-10m,1,1.0,153.406,-92.0,12,24.0,3348921.0,87.8,-85.0,-86.0,7.0,5104754.0,22736.0,175.5,22736.0,4.0,3,11.0,-46.0,54,30.186914034386245,8.805469274846867,8.273673157693777,3467,681.324
2026-07-20T18:00:07.842000Z,161,-66,80.0,2.0,4,10.0,0.0036424967886661,5792,35.559,15.077777777777776,37.91,195,cwpb-10m,1,1.0,51.585,-91.0,13,24.0,4399753.0,13.5,-77.0,-77.0,14.0,7843815.0,28385.0,58.5,28383.0,4.0,3,11.0,-45.0,42,130.77074527830518,12.276303826384924,2.6768264564439272,1219,343.659
2026-07-20T18:04:50.890000Z,161,-64,80.0,3.0,4,10.0,0.0132092298216243,8688,14.26,99.12,64.172,195,cwpb-10m,1,1.0,5.242,-92.0,12,0.0,5773379.0,40.5,-87.0,-86.0,5.0,9029926.0,35569.0,6.0,35563.0,4.0,3,7.0,-44.0,49,55.34267572970812,9.684930777634325,2.381587314611582,1161,233.079
2026-07-20T18:05:43.482000Z,161,-69,80.0,2.0,4,10.0,0.0354721619120811,10136,29.624,14.399999999999997,42.35,195,cwpb-10m,1,1.0,76.703,-92.0,12,3.0,7065603.0,121.5,-78.0,-80.0,14.0,8703805.0,20968.0,87.8,20967.0,4.0,3,11.0,-45.0,43,24.31237577453528,39.09415726326227,0.0420757363253856,21,221.576
2026-07-20T18:10:26.730000Z,161,-67,80.0,3.0,4,10.0,0.0088543011296449,5792,26.868,22.306666666666665,28.844000000000005,195,cwpb-10m,1,1.0,11.726,-91.0,12,2.0,6170223.0,40.5,-87.0,-88.0,4.0,7398492.0,26205.0,13.5,26193.0,4.0,3,7.0,-44.0,49,57.01972650939624,26.98005006954103,0.1389593488761938,63,292.183
2026-07-20T18:11:19.144000Z,161,-69,80.0,2.0,4,10.0,0.0056226217436102,8688,61.236,10.966666666666663,33.54,195,cwpb-10m,1,1.0,153.406,-92.0,13,3.0,6183586.0,108.0,-78.0,-81.0,14.0,8697999.0,26535.0,175.5,26533.0,4.0,3,11.0,-45.0,41,129.94545672596442,39.64941008336641,2.1780586299730778,1165,195.376
2026-07-20T18:16:02.402000Z,161,-66,80.0,3.0,4,10.0,0.0324437796926521,10136,61.961,23.57888888888889,38.249,195,cwpb-10m,1,1.0,101.39,-92.0,13,3.0,4947567.0,87.8,-86.0,-86.0,7.0,8902637.0,26744.0,117.0,26724.0,4.0,3,11.0,-45.0,42,26.830130534732632,11.830726840855109,2.849920106842193,1195,688.853
2026-07-20T18:16:54.787000Z,161,-69,80.0,2.0,3,10.0,0.0042276690898295,5792,28.288,9.07,33.301,195,cwpb-10m,1,1.0,25.343,-91.0,11,3.0,5381877.0,175.5,-80.0,-80.0,12.0,8157004.0,35809.0,29.3,35806.0,4.0,2,11.0,-43.0,33,113.99387370103916,41.31758088090065,4.519385180087176,2364,280.716
2026-07-20T18:21:38.418000Z,161,-65,80.0,3.0,4,10.0,0.1296656552374099,39096,276.052,28.50555555555555,55.94499999999999,195,cwpb-10m,1,1.0,68.398,-92.0,13,2.0,7309720.0,87.8,-86.0,-87.0,6.0,7950706.0,20478.0,78.0,20475.0,4.0,3,11.0,-45.0,42,27.66580691585049,20.742209145129223,0.1230781253052532,63,380.254
2026-07-20T18:22:30.617000Z,161,-68,80.0,2.0,3,10.0,0.0021494101294218,2896,46.546,36.77333333333333,34.422,195,cwpb-10m,1,1.0,51.585,-92.0,10,2.0,6161002.0,117.0,-79.0,-80.0,13.0,8461242.0,36013.0,58.5,36007.0,4.0,2,11.0,-47.0,47,112.33994323405956,47.90764556962025,0.0,0,93.255
2026-07-20T18:27:14.144000Z,161,-64,80.0,3.0,4,10.0,0.0037659262529689,2896,45.694,14.893333333333333,24.426,195,cwpb-10m,1,1.0,22.617,-91.0,10,1.0,5515625.0,87.8,-84.0,-83.0,7.0,9304978.0,5421.0,26.0,5416.0,4.0,3,7.0,-46.0,44,65.39190725564661,29.511008225151127,0.1424211597151576,63,268.601
2026-07-20T18:28:06.251000Z,161,-66,80.0,2.0,4,10.0,0.0263930345719589,14480,40.479,19.467777777777776,35.248,260,cwpb-10m,1,1.0,202.796,-92.0,11,1.0,5600222.0,117.0,-78.0,-78.0,14.0,8948238.0,32526.0,234.0,32524.0,4.0,3,11.0,-45.0,38,46.93865387689848,41.84311614055986,0.1761264755834189,84,260.647
2026-07-20T18:32:50.772000Z,161,-66,80.0,3.0,4,10.0,0.0079516993572303,4344,29.422,19.200000000000003,31.110000000000003,195,cwpb-10m,1,1.0,16.703,-92.0,10,1.0,6257211.0,58.5,-85.0,-85.0,7.0,8732422.0,5127.0,19.5,5125.0,4.0,3,7.0,-46.0,44,47.7911700149925,17.507530113297555,2.217199641362821,1187,573.95
2026-07-20T18:33:42.166000Z,161,-68,80.0,2.0,4,10.0,0.0060908176582831,7240,59.243,15.166666666666666,37.841,195,cwpb-10m,1,1.0,25.343,-92.0,13,2.0,5782007.0,175.5,-80.0,-81.0,12.0,7840611.0,30060.0,29.3,30057.0,4.0,3,11.0,-44.0,45,100.58282973621102,37.54571870660583,0.1290798451041858,63,228.241
2026-07-20T18:38:26.565000Z,161,-65,80.0,3.0,4,10.0,0.0057682563187901,4344,40.267,11.637777777777778,27.686,195,cwpb-10m,1,1.0,5.742,-92.0,12,2.0,6348905.0,58.5,-85.0,-84.0,7.0,9234444.0,4573.0,6.5,4561.0,4.0,3,7.0,-44.0,53,65.40498040783686,35.77054184847283,0.0475435816164817,21,242.475
2026-07-20T18:39:17.868000Z,161,-66,80.0,2.0,4,10.0,0.0119705313295589,11584,37.319,27.227777777777774,47.525,195,cwpb-10m,1,1.0,76.703,-92.0,13,3.0,5836652.0,175.5,-79.0,-80.0,13.0,9039954.0,38737.0,87.8,38735.0,4.0,3,11.0,-45.0,48,79.63603077845508,39.625221829603454,0.0393449994379285,21,172.776
2026-07-20T18:44:02.210000Z,161,-63,80.0,3.0,4,10.0,0.0056711006039669,4344,21.601,6.222222222222222,19.61,260,cwpb-10m,1,1.0,51.585,-92.0,13,2.0,5731002.0,87.8,-84.0,-85.0,8.0,9014421.0,9240.0,58.5,9233.0,4.0,3,7.0,-44.0,53,65.40498040783686,29.732193364182336,2.762803234501348,1189,256.259
2026-07-20T18:44:53.439000Z,161,-68,80.0,2.0,3,10.0,0.0026465345482177,4344,45.998,14.066666666666666,29.11,260,cwpb-10m,1,1.0,101.39,-92.0,13,1.0,5897975.0,117.0,-78.0,-79.0,13.0,8393847.0,27449.0,117.0,27448.0,4.0,2,11.0,-45.0,38,140.00575014991006,49.14874597815293,0.0420361510899373,21,107.163
2026-07-20T18:49:37.966000Z,161,-63,80.0,3.0,4,10.0,0.0011888375119877,1448,30.685,16.26888888888889,14.817000000000002,260,cwpb-10m,1,1.0,25.343,-92.0,12,1.0,5881590.0,87.8,-83.0,-83.0,9.0,7905522.0,34442.0,29.3,34437.0,4.0,3,7.0,-45.0,51,100.62304678128748,25.74023772609819,0.1804394990655811,84,318.453
2026-07-20T18:50:29.187000Z,161,-66,80.0,2.0,4,10.0,0.0037070749268966,5792,17.939,8.802222222222222,25.941000000000003,195,cwpb-10m,1,1.0,101.39,-92.0,12,2.0,5765544.0,234.0,-79.0,-80.0,13.0,7399564.0,26202.0,117.0,26200.0,4.0,3,11.0,-43.0,40,128.23029513437905,40.143299281566776,0.0463893613731251,21,196.03
2026-07-20T18:55:13.445000Z,161,-64,80.0,3.0,4,10.0,0.0068094628584714,5792,26.076,19.906666666666663,36.84400000000001,195,cwpb-10m,1,1.0,51.585,-92.0,12,8.0,5079656.0,87.8,-84.0,-84.0,8.0,7812738.0,37810.0,58.5,37803.0,4.0,3,7.0,-45.0,51,72.94441739130434,21.085777909856365,2.613703809544745,1189,152.368
2026-07-20T18:56:05.370000Z,161,-66,80.0,2.0,4,10.0,0.002321780572238,2896,54.925,16.252222222222223,21.261000000000003,195,cwpb-10m,1,1.0,25.343,-92.0,12,7.0,5644330.0,58.5,-79.0,-81.0,13.0,7693188.0,25529.0,29.3,25523.0,4.0,3,11.0,-43.0,45,107.27763253072234,30.64256056866423,3.089595676125143,1189,204.175
2026-07-20T19:00:49.170000Z,161,-61,80.0,3.0,4,10.0,0.026147356097809,14480,10.538,60.34222222222221,80.042,260,cwpb-10m,1,1.0,153.406,-92.0,12,1.0,5436154.0,87.8,-83.0,-83.0,10.0,8230885.0,24775.0,175.5,24763.0,4.0,3,4.0,-45.0,49,47.78161846707305,28.91408420636489,2.072387121225172,1203,231.426
2026-07-20T19:01:41.372000Z,161,-68,80.0,2.0,4,10.0,0.0073676779290827,8688,11.92,21.17333333333333,46.407,260,cwpb-10m,1,1.0,25.343,-92.0,9,2.0,6619506.0,87.8,-79.0,-80.0,14.0,7987804.0,29105.0,29.3,29096.0,4.0,3,4.0,-49.0,41,98.90644924060751,41.216304158415845,0.185238273755706,84,235.891
2026-07-20T19:06:24.804000Z,161,-66,80.0,3.0,4,10.0,0.0085424416752489,10136,12.363,8.921111111111113,29.051,195,cwpb-10m,1,1.0,101.39,-92.0,13,0.0,6304405.0,87.8,-85.0,-86.0,7.0,7108581.0,32964.0,117.0,32964.0,4.0,3,4.0,-45.0,49,98.94599600159935,32.6871871362336,0.1203369434416365,63,254.891
2026-07-20T19:07:16.983000Z,161,-68,80.0,2.0,3,10.0,0.0018667376233232,2896,43.764,12.395555555555552,25.422,195,cwpb-10m,1,1.0,25.343,-91.0,10,2.0,6273371.0,87.8,-79.0,-80.0,12.0,8365674.0,30047.0,29.3,30046.0,4.0,2,11.0,-36.0,40,129.94545672596442,43.77711436485952,0.1129963769415647,63,134.618
2026-07-20T19:12:00.704000Z,161,-64,80.0,3.0,4,10.0,0.9360300876947564,490872,57.941,15.908749999999998,27.48333333333333,195,cwpb-10m,1,1.0,5.742,-92.0,12,1.0,5437740.0,117.0,-83.0,-84.0,9.0,5976883.0,24987.0,6.5,24978.0,4.0,3,4.0,-45.0,49,48.6296115942029,27.01979781962339,2.5375290496828087,1212,363.922
2026-07-20T19:12:52.671000Z,161,-65,80.0,2.0,3,10.0,0.005218237954995,7240,17.001,10.57888888888889,25.899,260,cwpb-10m,1,1.0,202.796,-92.0,13,1.0,6262046.0,175.5,-79.0,-78.0,13.0,8349768.0,25170.0,234.0,25165.0,4.0,2,11.0,-37.0,36,116.5200871390027,60.15135703615178,2.5031186731835007,1224,143.085
2026-07-20T19:17:36.213000Z,161,-62,80.0,3.0,3,10.0,0.0058165261970234,2896,44.751,24.47555555555555,33.672,260,cwpb-10m,1,1.0,46.921,-92.0,13,1.0,5679938.0,117.0,-83.0,-85.0,9.0,8724526.0,16957.0,54.0,16950.0,4.0,2,11.0,-45.0,48,43.59896211894053,29.27653985793212,0.0430460182433124,21,381.25
2026-07-20T19:18:28.335000Z,161,-67,80.0,2.0,3,10.0,0.0038690038656371,5792,68.189,24.288888888888884,41.53,260,cwpb-10m,1,1.0,153.406,-92.0,12,1.0,6145832.0,117.0,-78.0,-78.0,14.0,8192828.0,25691.0,175.5,25690.0,4.0,2,7.0,-46.0,24,127.4049176658673,59.51433538400476,0.1806024381329148,84,97.513
2026-07-20T19:19:59.358000Z,161,-58,80.0,1.0,4,10.0,0.0019077078352828,4344,2.633,2.1733333333333333,3.723,351,cwpb-10m,1,1.0,563.578,-92.0,13,1.0,0.0,526.6,-72.0,-68.0,19.0,0.0,0.0,702.0,0.0,4.0,3,7.0,-34.0,110,181.7831826392008,99.3239230928693,0.1577346302625155,84,2.847
2026-07-20T19:21:24.244000Z,161,-61,80.0,3.0,3,10.0,0.0051254203576221,4344,16.273,17.637777777777778,42.906,260,cwpb-10m,1,1.0,11.726,-92.0,13,3.0,5957344.0,117.0,-82.0,-82.0,10.0,8518353.0,17778.0,13.5,17775.0,4.0,2,11.0,-45.0,48,76.30581047580968,42.387695234320816,0.1287816843826655,63,201.373
2026-07-20T19:22:55.370000Z,161,-66,80.0,2.0,4,10.0,0.0033870237413054,5792,25.076,10.068888888888887,25.158,195,cwpb-10m,1,1.0,251.312,-92.0,13,0.0,6070559.0,87.8,-80.0,-81.0,12.0,8010749.0,24280.0,292.5,24279.0,4.0,3,11.0,-41.0,44,141.63999920071936,58.63027986890456,0.0329174242899241,21,21.655
2026-07-20T19:25:43.735000Z,161,-54,80.0,1.0,4,10.0,0.0344367358160127,72400,2.779,3.4711111111111106,4.496,468,cwpb-10m,1,1.0,389.406,-92.0,13,0.0,6367976.0,351.0,-73.0,-66.0,19.0,10014558.0,42068.0,468.0,42062.0,4.0,3,7.0,-32.0,94,167.8488509999998,121.98119304337216,0.0465714539164375,21,2.474
2026-07-20T19:26:59.395000Z,161,-66,80.0,3.0,4,10.0,0.003825614000479,4344,40.73,23.50555555555556,29.585,195,cwpb-10m,1,1.0,101.39,-91.0,13,0.0,6224006.0,117.0,-83.0,-83.0,9.0,7912261.0,23218.0,117.0,23208.0,4.0,3,7.0,-45.0,47,99.78452139144342,30.57133518445061,1.6969297743155,1185,209.663
2026-07-20T19:28:31.182000Z,161,-67,80.0,2.0,1,10.0,1.0283071124749017,631328,11.632,4.875555555555554,24.782000000000004,260,cwpb-10m,1,1.0,251.312,-92.0,11,2.0,6248429.0,175.5,-79.0,-80.0,13.0,3851591.0,13740.0,292.5,13740.0,4.0,0,11.0,-37.0,33,51.10917778665601,60.31216320031844,0.0926089257364614,42,21.023
2026-07-20T19:31:28.524000Z,161,-54,80.0,1.0,4,10.0,0.0030877771450583,7240,1.496,3.178888888888889,6.075,468,cwpb-10m,1,1.0,299.7,-91.0,13,0.0,5910074.0,468.0,-72.0,-66.0,19.0,10779870.0,34459.0,351.0,34459.0,4.0,3,7.0,-29.0,99,187.13896007973068,115.17704568059484,0.0477413781344488,21,6.32
2026-07-20T19:32:35.145000Z,161,-65,80.0,3.0,4,10.0,0.0058631663311722,8688,16.694,10.804444444444444,30.776,195,cwpb-10m,1,1.0,202.796,-92.0,13,1.0,6461275.0,87.8,-83.0,-84.0,9.0,8235858.0,28836.0,234.0,28828.0,4.0,3,7.0,-45.0,47,124.03976261364772,38.470314328210215,0.0974704107681596,42,187.318
2026-07-20T19:34:06.945000Z,161,-66,80.0,2.0,4,10.0,0.0049751845491108,7240,14.993,13.16111111111111,31.715,260,cwpb-10m,1,1.0,153.406,-92.0,13,2.0,6161243.0,175.5,-80.0,-79.0,12.0,8258997.0,30867.0,175.5,30862.0,4.0,3,11.0,-37.0,43,124.0769522286628,54.20427729083665,0.1289873469554891,63,31.125
2026-07-20T19:37:13.346000Z,161,-55,80.0,1.0,4,10.0,0.0043250511776876,11584,2.163,3.3855555555555554,4.957,122,cwpb-10m,1,1.0,202.78,-92.0,13,0.0,5224619.0,468.0,-71.0,-67.0,21.0,9337032.0,33857.0,234.0,33853.0,4.0,3,7.0,-35.0,93,214.18173053670975,104.43929583223388,0.0805863617176407,42,1.558
2026-07-20T19:38:11.188000Z,161,-64,80.0,3.0,4,10.0,0.0039548894385529,7240,31.394,23.444444444444443,30.589999999999996,195,cwpb-10m,1,1.0,25.343,-92.0,12,4.0,6132512.0,117.0,-82.0,-83.0,10.0,7975288.0,24725.0,29.3,24713.0,4.0,3,7.0,-45.0,47,154.27325057471265,39.20300049716615,2.69776250880902,1225,746.304
2026-07-20T19:39:42.603000Z,161,-66,80.0,2.0,4,10.0,0.0026698518704229,4344,35.456,12.196666666666667,36.963,195,cwpb-10m,1,1.0,153.406,-92.0,13,2.0,5507806.0,175.5,-80.0,-80.0,12.0,8083307.0,25471.0,175.5,25470.0,4.0,3,11.0,-36.0,41,135.77325367169547,45.57668830008931,0.2253178591226909,126,134.918
2026-07-20T19:42:57.959000Z,161,-64,80.0,1.0,4,10.0,0.0044953521535799,13032,2.578,12.6,15.771,468,cwpb-10m,1,1.0,434.117,-91.0,12,0.0,5188685.0,300.0,-71.0,-71.0,18.0,9038864.0,35409.0,526.6,35407.0,3.0,3,7.0,-33.0,90,231.1732036736466,88.57515718713991,0.1327181950325475,63,1.358
2026-07-20T19:43:46.917000Z,161,-66,80.0,3.0,4,10.0,0.0016817917977062,2896,23.141,16.166666666666668,30.93,195,cwpb-10m,1,1.0,5.742,-92.0,13,2.0,5947445.0,87.8,-84.0,-86.0,8.0,8233079.0,30424.0,6.5,30418.0,3.0,3,7.0,-45.0,47,147.56571794102948,36.95697968936678,0.1204911448571319,63,301.166
2026-07-20T19:45:18.427000Z,161,-65,80.0,2.0,4,10.0,0.0032242519323578,5792,34.624,25.462222222222223,39.86,195,cwpb-10m,1,1.0,153.406,-92.0,13,0.0,6382169.0,175.5,-78.0,-79.0,14.0,8141863.0,23718.0,175.5,23716.0,3.0,3,11.0,-36.0,49,150.0360543565148,57.6060528511822,0.1415475869506605,84,66.794
2026-07-20T19:48:41.760000Z,161,-54,80.0,1.0,4,10.0,0.002164457838439,5792,2.732,3.0055555555555555,4.896,351,cwpb-10m,1,1.0,434.117,-92.0,13,0.0,5460752.0,468.0,-71.0,-66.0,21.0,9274916.0,33124.0,526.6,33124.0,4.0,3,7.0,-33.0,94,213.91300125040271,112.03175687300796,0.1110386520260147,63,2.604
2026-07-20T19:49:22.586000Z,161,-65,80.0,3.0,4,10.0,0.0034509023346974,4344,36.282,25.06111111111111,37.715,195,cwpb-10m,1,1.0,51.585,-92.0,13,1.0,6103479.0,87.8,-85.0,-85.0,7.0,8287496.0,30235.0,58.5,30228.0,4.0,3,7.0,-44.0,52,103.96675582208896,39.87849697930079,2.932641994101417,1233,288.308
2026-07-20T19:50:54.134000Z,161,-66,80.0,2.0,4,10.0,0.0042055404207733,7240,20.693,3.897777777777778,20.262,325,cwpb-10m,1,1.0,202.796,-92.0,13,2.0,5985156.0,175.5,-78.0,-79.0,14.0,7818787.0,23700.0,234.0,23699.0,4.0,3,11.0,-36.0,41,145.02140341760767,50.38828276409849,0.0430627896485256,21,113.925
2026-07-20T19:54:58.151000Z,161,-66,80.0,3.0,4,10.0,0.0040761928268915,5792,54.664,40.38555555555556,42.813,195,cwpb-10m,1,1.0,153.406,-92.0,11,1.0,6385716.0,87.8,-82.0,-81.0,10.0,8065313.0,29709.0,175.5,29705.0,4.0,3,7.0,-44.0,52,120.7235210873476,41.88469316375199,0.1761449421238047,84,224.547
2026-07-20T19:56:29.904000Z,161,-67,80.0,2.0,3,10.0,0.0018819847889879,2896,35.935,6.592222222222222,20.077,195,cwpb-10m,1,1.0,25.343,-90.0,11,0.0,5745364.0,175.5,-80.0,-81.0,10.0,7902918.0,26933.0,29.3,26932.0,4.0,2,11.0,-36.0,27,130.73155324675324,50.09551313311528,0.1321779997062711,63,97.291
2026-07-20T20:00:11.047000Z,161,-55,80.0,1.0,4,10.0,0.001020476969808,2896,1.916,3.64,7.497,351,cwpb-10m,1,1.0,389.406,-92.0,13,0.0,5927670.0,468.0,-72.0,-73.0,20.0,8985189.0,35194.0,468.0,35194.0,4.0,3,7.0,-35.0,91,227.05265785611445,105.32386994098364,0.2063152103432692,105,2.59
2026-07-20T20:00:34.264000Z,161,-65,80.0,3.0,4,10.0,0.0022538567411298,2896,79.215,45.2375,52.55555555555557,195,cwpb-10m,1,1.0,5.742,-92.0,11,2.0,4921109.0,117.0,-83.0,-83.0,9.0,6137072.0,20580.0,6.5,20576.0,4.0,3,4.0,-46.0,46,108.15896371814092,21.713304666600614,2.2737056314327084,1162,350.519
2026-07-20T20:02:05.670000Z,161,-67,80.0,2.0,3,10.0,0.0021753841581194,2896,42.338,8.788888888888888,27.08,195,cwpb-10m,1,1.0,202.796,-91.0,13,4.0,6760259.0,117.0,-78.0,-79.0,13.0,8542705.0,25326.0,234.0,25322.0,4.0,2,11.0,-44.0,40,113.17830101938836,44.7480817939346,0.0770218228498074,42,163.727
2026-07-20T20:05:55.563000Z,161,-54,80.0,1.0,3,10.0,0.0015813053710784,2896,2.091,29.04222222222222,40.186,468,cwpb-10m,1,1.0,434.117,-92.0,13,0.0,3875477.0,351.0,-73.0,-74.0,19.0,9333445.0,17537.0,526.6,17535.0,4.0,2,11.0,-36.0,90,146.88125046853605,95.59571294776568,6.081458534355797,2395,2.391
2026-07-20T20:07:41.468000Z,161,-66,80.0,2.0,3,10.0,0.0024845176345616,4344,27.147,8.399999999999999,25.495,260,cwpb-10m,1,1.0,202.796,-91.0,11,4.0,6661387.0,175.5,-78.0,-78.0,13.0,8216061.0,28494.0,234.0,28494.0,4.0,2,11.0,-36.0,34,150.05104746677327,50.80471485305798,0.0,0,160.048
2026-07-20T20:11:39.871000Z,161,-52,80.0,1.0,4,10.0,0.0013580702706825,2896,2.921,256.74444444444447,354.15,468,cwpb-10m,1,1.0,389.406,-90.0,11,0.0,1245530.0,351.0,-73.0,-74.0,17.0,7430831.0,27387.0,468.0,27384.0,4.0,3,7.0,-31.0,91,170.24456021632434,1.0705953252863325,2.9554753309265944,1228,7.503
2026-07-20T20:11:45.241000Z,161,-65,80.0,3.0,4,10.0,0.0028733878171055,1448,70.168,20.034444444444443,30.529000000000003,195,cwpb-10m,1,1.0,22.617,-92.0,11,2.0,4725736.0,87.8,-84.0,-85.0,8.0,7970861.0,4147.0,26.0,4146.0,4.0,3,4.0,-45.0,35,42.75624705176894,28.7366672624367,17.778936392075078,10571,200.019
2026-07-20T20:13:16.969000Z,161,-65,80.0,2.0,4,10.0,0.002102357011414,3936,53.0,11.300000000000002,29.665000000000003,195,cwpb-10m,1,1.0,251.312,-92.0,11,3.0,6462269.0,175.5,-79.0,-79.0,13.0,8475088.0,20921.0,292.5,20920.0,4.0,3,11.0,-36.0,42,159.25614708233414,58.56299018453082,0.0411280846063454,21,85.953
2026-07-20T20:17:21.554000Z,161,-64,80.0,3.0,4,10.0,0.0271547418968037,11584,117.567,29.11777777777778,38.814,195,cwpb-10m,1,1.0,5.742,-91.0,12,3.0,5593979.0,81.0,-83.0,-84.0,8.0,7017787.0,16727.0,6.5,16724.0,4.0,3,4.0,-45.0,35,36.05659176329468,17.601245927691696,2.373760012472959,1218,296.736
2026-07-20T20:17:28.019000Z,161,-53,80.0,1.0,4,10.0,0.051129570382137,17376,3.516,2.161111111111111,5.164,468,cwpb-10m,1,1.0,330.359,-92.0,9,0.0,1669975.0,468.0,-72.0,-65.0,21.0,3970322.0,14249.0,390.0,14241.0,4.0,3,7.0,-34.0,89,21.75878189026122,15.280844167208537,12.373060648801127,7018,2.836
2026-07-20T20:18:52.847000Z,161,-65,80.0,2.0,3,10.0,0.0147732644955953,20272,25.804,10.226666666666668,26.968,260,cwpb-10m,1,1.0,153.406,-91.0,10,1.0,6433541.0,175.5,-80.0,-80.0,12.0,8597479.0,26926.0,175.5,26921.0,4.0,2,11.0,-37.0,40,113.16699110622564,50.47735583126551,0.1428118057759441,63,95.915
2026-07-20T20:22:57.197000Z,161,-67,80.0,3.0,4,10.0,0.0037819056500207,5792,35.812,11.359999999999998,31.271,195,cwpb-10m,1,1.0,51.585,-92.0,13,1.0,7184325.0,40.5,-86.0,-86.0,6.0,8035626.0,29846.0,58.5,29839.0,4.0,3,4.0,-45.0,35,126.61733386645342,35.83818974661167,0.150734832307499,84,295.556
2026-07-20T20:23:13.300000Z,161,-54,80.0,1.0,4,10.0,3.829078441491072,1133784,3.67,5.123333333333333,6.76,468,cwpb-10m,1,1.0,297.515,-91.0,12,0.0,5463688.0,351.0,-73.0,-65.0,18.0,3489534.0,10734.0,351.0,10734.0,4.0,3,7.0,-36.0,93,25.610213712239016,119.6383499358856,0.0,0,2.113
2026-07-20T20:24:28.382000Z,161,-66,80.0,2.0,3,10.0,0.0027495242639439,4344,12.023,23.504444444444445,31.523,260,cwpb-10m,1,1.0,251.312,-92.0,12,3.0,6440696.0,175.5,-79.0,-79.0,13.0,7873181.0,21500.0,292.5,21495.0,4.0,2,11.0,-36.0,33,139.9917593684421,48.05800711181351,0.0488929244953551,21,154.175
2026-07-21T12:17:17.642000Z,161,-56,80.0,1.0,4,13.0,0.0007568814803027,2896,3.228,2.61,4.86,351,cwpb-13m,1,1.0,389.406,-92.0,12,0.0,0.0,468.0,-71.0,-66.0,21.0,0.0,0.0,468.0,0.0,4.0,3,7.0,-38.0,107,305.1684299982936,151.00044706785582,0.0474115548732305,21,1.659
2026-07-21T12:18:42.979000Z,161,-69,80.0,3.0,4,13.0,0.0034565881806836,4344,27.252,13.338888888888889,28.675,130,cwpb-13m,1,1.0,153.406,-89.0,11,0.0,0.0,13.5,-74.0,-74.0,15.0,0.0,0.0,175.5,0.0,4.0,3,4.0,-46.0,50,111.52387684926028,52.74673983497365,0.2043755839302398,105,206.974
2026-07-21T12:20:18.023000Z,161,-64,80.0,2.0,3,13.0,0.001759931531857,2896,50.429,16.488888888888887,28.769999999999992,260,cwpb-13m,1,1.0,51.585,-92.0,11,0.0,0.0,175.5,-78.0,-78.0,14.0,0.0,0.0,58.5,0.0,4.0,2,7.0,-35.0,47,145.845103117506,84.24542065683008,0.0368712141164076,21,82.257
2026-07-21T12:23:01.977000Z,161,-55,80.0,1.0,4,13.0,0.0008560185946156,2896,1.591,2.41,4.371,351,cwpb-13m,1,1.0,478.125,-92.0,11,0.0,5278981.0,468.0,-72.0,-73.0,20.0,9286246.0,35791.0,585.0,35791.0,4.0,3,7.0,-35.0,108,268.88537193160306,104.37776181810656,0.0741617078381862,42,2.698
2026-07-21T12:24:19.475000Z,161,-59,80.0,3.0,4,13.0,0.0027475021258987,5792,20.276,10.276666666666664,19.082,325,cwpb-13m,1,1.0,157.281,-92.0,12,3.0,6866233.0,234.0,-74.0,-74.0,18.0,8235975.0,27579.0,180.0,27579.0,4.0,3,4.0,-46.0,50,182.78026426786607,114.3274639052076,0.1640795916241275,63,63.035
2026-07-21T12:25:54.402000Z,161,-68,80.0,2.0,3,13.0,0.0007551912724255,1448,38.126,4.477777777777778,17.735,260,cwpb-13m,1,1.0,202.796,-91.0,11,0.0,6476189.0,175.5,-80.0,-80.0,11.0,8283446.0,26998.0,234.0,26998.0,4.0,2,7.0,-37.0,41,161.7707178257394,67.13791904997527,0.0883485138517848,42,136.849
2026-07-21T12:28:45.818000Z,161,-62,80.0,1.0,4,13.0,0.000929077913526,2896,1.915,6.661111111111111,8.285,468,cwpb-13m,1,1.0,478.125,-92.0,11,0.0,6326997.0,351.0,-70.0,-68.0,22.0,9632138.0,33940.0,585.0,33940.0,3.0,3,7.0,-30.0,102,248.2661458016757,132.6579451685361,0.1700634363611823,63,2.124
2026-07-21T12:29:54.988000Z,161,-61,80.0,3.0,4,13.0,0.0016405170365881,2896,25.681,8.926666666666668,19.085,260,cwpb-13m,1,1.0,299.7,-91.0,11,5.0,6814717.0,234.0,-74.0,-74.0,17.0,8772755.0,23867.0,351.0,23867.0,3.0,3,4.0,-46.0,50,145.90341783286686,101.13275173645565,0.1002865329512893,42,44.39
2026-07-21T12:31:30.320000Z,161,-69,80.0,2.0,4,13.0,0.0016852211689848,2896,14.416,14.037777777777778,27.421,195,cwpb-13m,1,1.0,70.953,-92.0,11,4.0,6674864.0,117.0,-78.0,-79.0,13.0,8646946.0,24958.0,81.0,24957.0,3.0,3,7.0,-35.0,51,143.03040861501646,60.74352235270897,0.0,0,109.564
2026-07-21T12:34:29.810000Z,161,-53,80.0,1.0,4,13.0,0.0059825704750313,11584,2.673,1.6677777777777778,3.602,351,cwpb-13m,1,1.0,389.406,-92.0,12,0.0,6563260.0,351.0,-71.0,-67.0,21.0,8870531.0,26928.0,468.0,26925.0,4.0,3,7.0,-35.0,109,154.8705774645723,137.00360239135426,0.03868258178603,21,2.987
2026-07-21T12:35:30.737000Z,161,-59,80.0,3.0,4,13.0,0.0039127370572819,7240,13.383,8.858888888888892,20.628000000000004,292,cwpb-13m,1,1.0,227.171,-91.0,12,3.0,6605334.0,234.0,-74.0,-74.0,17.0,8329279.0,34362.0,263.3,34361.0,4.0,3,7.0,-40.0,44,155.12719712115154,102.178033210699,0.1287974812936991,63,73.658
2026-07-21T12:37:06.102000Z,161,-67,80.0,2.0,4,13.0,0.0010569731291152,1448,14.896,18.61555555555556,27.358,195,cwpb-13m,1,1.0,25.343,-91.0,11,3.0,6664948.0,117.0,-80.0,-80.0,11.0,8225928.0,30476.0,29.3,30475.0,4.0,3,7.0,-35.0,49,118.18482494004796,51.903523856760245,0.1204681046351537,42,140.997
2026-07-21T12:40:15.624000Z,161,-53,80.0,1.0,4,13.0,0.0077987335029138,4344,3.594,13.974444444444446,13.981,468,cwpb-13m,1,1.0,389.406,-92.0,11,0.0,4852454.0,351.0,-72.0,-73.0,20.0,8124254.0,22063.0,468.0,22062.0,4.0,3,7.0,-30.0,95,44.36248720140384,95.82187963828024,0.1968651567421629,105,1.808
2026-07-21T12:41:06.415000Z,161,-61,80.0,3.0,4,13.0,0.0040972362443781,5792,38.871,19.404444444444444,32.05499999999999,292,cwpb-13m,1,1.0,227.171,-92.0,11,1.0,4527499.0,263.3,-74.0,-75.0,18.0,7315959.0,20543.0,263.3,20543.0,4.0,3,7.0,-40.0,44,118.24389963011096,63.80003345947023,0.2043629875922471,126,234.761
2026-07-21T12:42:41.924000Z,161,-66,80.0,2.0,1,13.0,0.0031105236059526,4344,36.436,16.64888888888889,28.973000000000003,260,cwpb-13m,1,1.0,76.703,-92.0,11,1.0,5221240.0,87.8,-79.0,-79.0,13.0,6843488.0,26047.0,87.8,26046.0,4.0,0,7.0,-34.0,37,116.50844444444444,46.89684410948036,0.0411990896963038,21,150.556
2026-07-21T12:46:00.310000Z,161,-53,80.0,1.0,4,13.0,0.0019250416436494,4344,2.443,12.412222222222224,9.298,351,cwpb-13m,1,1.0,478.125,-92.0,11,0.0,5943226.0,234.0,-71.0,-73.0,21.0,7892725.0,29357.0,585.0,29354.0,4.0,3,7.0,-31.0,90,180.3825852293483,116.722162094703,0.129552324744494,63,3.263
2026-07-21T12:46:41.883000Z,161,-60,80.0,3.0,3,13.0,0.0021055027488831,4344,26.472,9.84,16.768,260,cwpb-13m,1,1.0,202.796,-91.0,11,2.0,6573237.0,234.0,-74.0,-74.0,17.0,8364457.0,33392.0,234.0,33391.0,4.0,2,7.0,-41.0,44,176.92885725709715,90.57916255082812,0.1031256905738208,42,98.656
2026-07-21T12:48:19.528000Z,161,-66,80.0,2.0,4,13.0,0.0008357236105956,1448,23.97,30.262222222222224,55.351,195,cwpb-13m,1,1.0,51.585,-91.0,11,4.0,4838512.0,58.5,-80.0,-84.0,11.0,7682824.0,27166.0,58.5,27166.0,4.0,3,7.0,-35.0,44,143.34485540121915,27.63511503021896,0.129214865862663,63,490.202
2026-07-21T12:51:44.301000Z,161,-54,80.0,1.0,4,13.0,0.0028439342527652,7240,3.019,12.513333333333332,10.158,351,cwpb-13m,1,1.0,202.78,-91.0,10,0.0,3370839.0,351.0,-72.0,-67.0,19.0,7901271.0,30553.0,234.0,30551.0,4.0,3,7.0,-29.0,96,202.4803904578365,34.6879583467525,0.2915937682246105,105,2.325
2026-07-21T12:52:18.841000Z,161,-61,80.0,3.0,3,13.0,0.0048799157872123,7240,33.113,17.104444444444447,36.495,292,cwpb-13m,1,1.0,76.703,-92.0,10,3.0,5396515.0,117.0,-76.0,-77.0,16.0,7145736.0,27171.0,87.8,27170.0,4.0,2,7.0,-41.0,44,127.44312003998002,35.37691719745223,0.2769778637532699,126,192.534
2026-07-21T12:53:54.263000Z,161,-69,80.0,2.0,3,13.0,0.0343207501643745,28960,18.964,9.85,32.155,195,cwpb-13m,1,1.0,76.703,-90.0,10,2.0,4676876.0,81.0,-82.0,-83.0,8.0,7929919.0,23020.0,87.8,23019.0,4.0,2,7.0,-35.0,44,71.2390528524328,38.028023781212845,0.0767824497257769,42,282.556
2026-07-21T12:57:29.312000Z,161,-53,80.0,1.0,4,13.0,0.0028596392296526,5792,2.759,10.2,10.54,325,cwpb-13m,1,1.0,231.812,-91.0,10,0.0,5544703.0,243.0,-70.0,-67.0,21.0,9543826.0,20572.0,270.0,20568.0,4.0,3,7.0,-34.0,103,161.69121880184247,95.83738102764111,0.1065692319403212,42,4.525
2026-07-21T12:57:54.656000Z,161,-63,80.0,3.0,4,13.0,0.2342199651554816,262088,13.456,110.095,92.20666666666666,292,cwpb-13m,1,1.0,101.39,-91.0,10,1.0,4769157.0,117.0,-76.0,-76.0,15.0,7114675.0,24190.0,117.0,24174.0,4.0,3,7.0,-45.0,43,92.24701389583124,33.04074197384067,0.1319509896324222,63,421.352
2026-07-21T12:59:30.499000Z,161,-67,80.0,2.0,4,13.0,0.0046441940133858,4344,16.944,10.433333333333332,39.345,195,cwpb-13m,1,1.0,23.46,-91.0,10,4.0,5064329.0,58.5,-80.0,-82.0,11.0,8130971.0,21493.0,27.0,21492.0,4.0,3,7.0,-37.0,42,82.10982660807032,16.842089232599644,0.1029638890931823,42,325.126
2026-07-21T13:03:16.398000Z,161,-52,80.0,1.0,4,13.0,0.0023012879202345,4344,2.733,299.4888888888889,457.46,351,cwpb-13m,1,1.0,231.812,-91.0,10,0.0,5770196.0,243.0,-69.0,-70.0,22.0,8713147.0,16722.0,270.0,16722.0,4.0,3,7.0,-36.0,107,150.47572085498177,119.7412152383131,0.215570337521557,105,3.747
2026-07-21T13:03:30.413000Z,161,-62,80.0,3.0,4,13.0,0.0126306299055633,4344,61.059,28.922222222222217,55.220000000000006,292,cwpb-13m,1,1.0,202.796,-91.0,10,3.0,4748020.0,234.0,-75.0,-76.0,16.0,6331654.0,17331.0,234.0,17330.0,4.0,3,7.0,-45.0,43,31.86396481407437,45.7571755392836,2.082126367163498,1186,151.846
2026-07-21T13:05:06.176000Z,161,-68,80.0,2.0,3,13.0,0.0033738883410721,2896,24.821,17.644444444444442,33.08,195,cwpb-13m,1,1.0,101.39,-90.0,11,4.0,5197382.0,175.5,-80.0,-82.0,10.0,6833084.0,18973.0,117.0,18973.0,4.0,2,7.0,-34.0,43,76.20678127183787,39.93093570722058,0.0860920364866249,42,212.517
2026-07-21T13:09:06.303000Z,161,-54,80.0,1.0,4,13.0,0.0055541494590319,7240,2.787,198.44444444444449,279.81,351,cwpb-13m,1,1.0,141.546,-90.0,9,0.0,916943.0,292.5,-73.0,-74.0,17.0,7784357.0,12766.0,162.0,12766.0,4.0,3,7.0,-31.0,101,84.2660459856832,2.563548209924307,4.83293321264119,1228,1.921
2026-07-21T13:09:10.137000Z,161,-61,80.0,3.0,4,13.0,0.0232038440607667,8688,44.213,53.766666666666666,76.22,292,cwpb-13m,1,1.0,5.242,-92.0,9,2.0,4888762.0,175.5,-76.0,-75.0,16.0,6586691.0,14612.0,6.0,14610.0,4.0,3,4.0,-44.0,38,33.54436868939318,27.465429506895525,0.1179377737841177,63,305.215
2026-07-21T13:10:43.479000Z,161,-69,80.0,2.0,3,13.0,0.0138671666405923,14480,68.144,13.166666666666668,22.201000000000004,195,cwpb-13m,1,1.0,51.585,-92.0,10,3.0,5834818.0,27.0,-80.0,-81.0,12.0,8527892.0,31032.0,58.5,31027.0,4.0,2,7.0,-35.0,38,86.33359552358114,17.225493913904007,2.6759481083035754,1184,773.17
2026-07-21T13:14:42.174000Z,161,-62,80.0,3.0,4,13.0,0.0396047229835616,36200,23.371,15.167777777777776,36.399,292,cwpb-13m,1,1.0,93.851,-91.0,11,1.0,4107128.0,175.5,-76.0,-75.0,15.0,7221191.0,12595.0,108.0,12561.0,4.0,3,4.0,-44.0,38,75.46728508596561,28.418958947787964,1.819278925931513,1206,170.748
2026-07-21T13:16:19.724000Z,161,-68,80.0,2.0,3,13.0,0.0046279309696793,4344,16.559,46.77222222222223,48.01499999999999,130,cwpb-13m,1,1.0,101.39,-91.0,10,18.0,4119972.0,117.0,-79.0,-80.0,11.0,6127564.0,21284.0,117.0,21281.0,4.0,2,7.0,-35.0,58,80.41002176734898,10.653317025054251,3.960993091090781,2299,233.013
2026-07-21T13:20:18.084000Z,161,-63,80.0,3.0,4,13.0,0.023804008838389,11584,30.57,37.16333333333333,52.96400000000001,292,cwpb-13m,1,1.0,57.203,-92.0,9,0.0,4769654.0,108.0,-77.0,-76.0,15.0,9056275.0,13293.0,65.0,13291.0,4.0,3,4.0,-44.0,38,41.92207896051974,43.54741857923497,0.1386748844375963,63,172.042
2026-07-21T13:20:34.912000Z,161,-62,80.0,1.0,4,13.0,1.144687540137738,421368,4.255,3.216666666666667,6.0120000000000005,325,cwpb-13m,1,1.0,304.687,-91.0,9,0.0,5876062.0,468.0,-73.0,-74.0,19.0,3215821.0,7076.0,360.0,7075.0,3.0,3,7.0,-35.0,102,29.301339647320106,90.13546008594084,0.1208609906764378,63,2.672
2026-07-21T13:21:56.155000Z,161,-68,80.0,2.0,2,13.0,0.0066712943908297,4344,35.722,22.3,38.46999999999999,195,cwpb-13m,1,1.0,251.312,-90.0,10,4.0,5067031.0,87.8,-80.0,-81.0,10.0,8712914.0,10037.0,292.5,10036.0,3.0,1,7.0,-36.0,49,56.11389137380192,30.55522307309796,0.1204634976480936,63,421.043
2026-07-21T13:25:53.759000Z,161,-60,80.0,3.0,3,13.0,0.0291151804866786,24616,53.402,7.531111111111112,20.392000000000003,260,cwpb-13m,1,1.0,153.406,-91.0,10,3.0,3867623.0,263.3,-76.0,-76.0,15.0,7994350.0,24256.0,175.5,24249.0,3.0,2,4.0,-44.0,42,70.42909265367317,34.398057187622406,0.0401629468127832,21,386.74
2026-07-21T13:26:20.252000Z,161,-55,80.0,1.0,4,13.0,0.0145176888881996,17376,2.137,5.761111111111111,9.041,468,cwpb-13m,1,1.0,297.515,-92.0,10,0.0,5511913.0,351.0,-72.0,-67.0,20.0,8437811.0,30978.0,351.0,30973.0,4.0,3,7.0,-35.0,91,96.46101082717664,90.42758082203343,0.1509732381962292,84,2.61
2026-07-21T13:27:32.061000Z,161,-70,80.0,2.0,4,13.0,0.0110952986321081,10136,18.791,12.409999999999998,25.241,130,cwpb-13m,1,1.0,101.39,-92.0,10,2.0,4251739.0,81.0,-81.0,-82.0,12.0,7697909.0,29524.0,117.0,29522.0,4.0,3,7.0,-34.0,47,78.7898832933653,23.269796852087204,0.0880226343917007,42,210.005
2026-07-21T13:31:29.669000Z,161,-61,80.0,3.0,3,13.0,0.0059013912089616,7240,41.289,12.88111111111111,25.209,292,cwpb-13m,1,1.0,153.406,-92.0,10,3.0,3654844.0,87.8,-76.0,-76.0,16.0,7684826.0,29778.0,175.5,29776.0,4.0,2,4.0,-44.0,42,103.96675582208896,27.723807285546417,2.9082348465032224,1223,516.047
2026-07-21T13:32:05.421000Z,161,-54,80.0,1.0,4,13.0,0.0249938307395363,24616,3.241,15.536666666666664,13.105,300,cwpb-13m,1,1.0,389.406,-92.0,10,0.0,6248856.0,650.0,-73.0,-74.0,19.0,8669226.0,28053.0,468.0,28047.0,4.0,3,7.0,-31.0,95,79.32721291874361,99.27012712341096,0.181250107886969,105,2.516
2026-07-21T13:33:08.140000Z,161,-68,80.0,2.0,3,13.0,0.8851444703890127,493768,37.324,31.40888888888888,43.091,130,cwpb-13m,1,1.0,202.796,-92.0,11,2.0,5756169.0,87.8,-79.0,-78.0,13.0,6264677.0,13498.0,234.0,13493.0,4.0,2,7.0,-35.0,46,46.83102861130495,45.54064740799367,0.0976630624346006,42,175.482
2026-07-21T13:37:06.117000Z,161,-64,80.0,3.0,3,13.0,0.0069847245232365,7240,30.893,18.68777777777778,37.921,260,cwpb-13m,1,1.0,51.585,-91.0,11,5.0,5265694.0,87.8,-81.0,-83.0,10.0,6532479.0,32230.0,58.5,32225.0,4.0,2,7.0,-41.0,40,88.87480739630185,47.76187198571003,0.219573400250941,105,221.702
2026-07-21T13:37:49.749000Z,161,-52,80.0,1.0,4,13.0,0.1186214256019446,143352,4.88,25.106666666666666,15.429,468,cwpb-13m,1,1.0,299.7,-92.0,11,0.0,3499687.0,526.6,-72.0,-66.0,20.0,6342082.0,27433.0,351.0,27428.0,4.0,3,7.0,-32.0,104,95.3492201788578,70.72373011050794,0.3411939467087549,147,3.598
2026-07-21T13:38:43.872000Z,161,-66,80.0,2.0,3,13.0,0.0028755139186788,2896,40.576,10.652222222222225,22.013,260,cwpb-13m,1,1.0,46.921,-91.0,11,3.0,4331109.0,117.0,-79.0,-82.0,13.0,7558257.0,28926.0,54.0,28923.0,4.0,2,7.0,-34.0,46,85.47832327672327,27.253103177716756,0.0840824007527376,42,266.575
2026-07-21T13:42:41.706000Z,161,-63,80.0,3.0,3,13.0,0.0039537105682901,5792,27.77,18.424444444444443,34.501999999999995,260,cwpb-13m,1,1.0,202.796,-92.0,12,5.0,3054165.0,175.5,-80.0,-79.0,11.0,8019391.0,31547.0,234.0,31547.0,4.0,2,7.0,-41.0,40,121.59833649905028,19.106781638952505,4.753629114700471,2325,347.447
2026-07-21T13:43:36.673000Z,161,-56,80.0,1.0,4,13.0,0.0025956992454348,4344,3.694,3.2644444444444445,6.427,351,cwpb-13m,1,1.0,297.515,-92.0,9,0.0,4672501.0,351.0,-73.0,-75.0,19.0,5760345.0,24323.0,351.0,24323.0,4.0,3,7.0,-35.0,103,110.28604069644162,99.64253019446303,0.0431947672624802,21,6.307
2026-07-21T13:44:20.200000Z,161,-67,80.0,2.0,3,13.0,0.0149185185136342,14480,11.056,33.28111111111112,35.338,195,cwpb-13m,1,1.0,76.703,-91.0,9,6.0,4647999.0,117.0,-79.0,-81.0,12.0,6600278.0,24881.0,87.8,24878.0,4.0,2,7.0,-35.0,45,82.98912681123214,35.736315321545,0.1353150908544181,63,191.495
2026-07-21T13:48:17.415000Z,161,-61,80.0,3.0,3,13.0,0.0032234175453917,4688,78.134,11.304444444444446,30.769,292,cwpb-13m,1,1.0,76.703,-92.0,11,1.0,4140310.0,175.5,-80.0,-83.0,12.0,7249283.0,27676.0,87.8,27674.0,4.0,2,7.0,-45.0,49,119.88516330201878,38.939161803713525,2.5809358305979275,1203,212.028
2026-07-21T13:49:20.607000Z,161,-57,80.0,1.0,4,13.0,0.0004966382938032,1448,3.169,32.59111111111111,20.199,468,cwpb-13m,1,1.0,202.796,-91.0,12,0.0,4015068.0,468.0,-73.0,-68.0,18.0,8889040.0,34067.0,234.0,34065.0,4.0,3,7.0,-37.0,98,233.04661230051448,63.427505916081394,0.2375458124066784,105,2.171
2026-07-21T13:49:56.008000Z,161,-67,80.0,2.0,3,13.0,0.0051749934025981,5792,51.107,13.233333333333333,33.0,195,cwpb-13m,1,1.0,153.406,-91.0,10,3.0,4325328.0,81.0,-80.0,-83.0,10.0,7159380.0,31087.0,175.5,31087.0,4.0,2,7.0,-34.0,46,94.71549800159872,27.308282923941995,2.350414836505612,1204,583.732
2026-07-21T13:53:53.120000Z,161,-61,80.0,3.0,3,13.0,0.0086358807326025,4344,128.388,36.79444444444445,46.095,260,cwpb-13m,1,1.0,70.953,-92.0,10,3.0,4642324.0,108.0,-76.0,-75.0,16.0,4971140.0,14703.0,81.0,14703.0,4.0,2,7.0,-45.0,49,42.764794882047184,46.1754439178515,2.8266666666666667,1219,34.636
2026-07-21T13:55:32.066000Z,161,-67,80.0,2.0,1,13.0,0.0033303809679828,4344,41.0,16.077777777777776,29.92,195,cwpb-13m,1,1.0,251.312,-91.0,12,4.0,4419295.0,117.0,-80.0,-80.0,11.0,6596613.0,20983.0,292.5,20982.0,4.0,0,7.0,-35.0,39,109.5184022324098,31.16433524866257,0.0501924042161619,21,260.646
2026-07-21T13:59:28.792000Z,161,-61,80.0,3.0,3,13.0,0.3018428553540809,256296,31.702,19.863333333333333,67.723,292,cwpb-13m,1,1.0,227.171,-92.0,10,0.0,5280881.0,234.0,-76.0,-76.0,16.0,5450938.0,15797.0,263.3,15797.0,4.0,2,7.0,-45.0,49,73.797611116665,56.14586415468518,2.5474107254992258,1217,177.694
2026-07-21T14:00:52.107000Z,161,-55,80.0,1.0,4,13.0,0.1536367596460648,104256,3.725,33.71111111111111,39.39,325,cwpb-13m,1,1.0,51.492,-92.0,9,0.0,5359446.0,243.0,-70.0,-67.0,22.0,8711343.0,27723.0,58.6,27717.0,4.0,3,7.0,-35.0,116,54.86037523562716,90.38672669393526,0.219126623884802,84,2.747
2026-07-21T14:01:07.850000Z,161,-68,80.0,2.0,4,13.0,0.0454050582740057,10136,11.302,46.333333333333336,69.94,195,cwpb-13m,1,1.0,76.703,-92.0,9,3.0,6031989.0,108.0,-81.0,-82.0,11.0,4998756.0,14168.0,87.8,14166.0,4.0,3,7.0,-34.0,50,20.11857619666233,40.390057927739626,0.1642164529246168,63,266.128
2026-07-21T14:05:04.415000Z,161,-61,80.0,3.0,3,13.0,0.0290213425854793,32488,52.31,19.54444444444444,31.809999999999995,292,cwpb-13m,1,1.0,25.343,-92.0,10,1.0,5192269.0,121.5,-76.0,-78.0,16.0,7241231.0,27041.0,29.3,27037.0,4.0,2,7.0,-42.0,42,94.7438984507746,62.45241215008934,2.7367124252023936,1244,384.144
2026-07-21T14:06:37.986000Z,161,-55,80.0,1.0,4,13.0,0.0167232500758782,20272,2.865,148.33333333333334,231.59,351,cwpb-13m,1,1.0,330.359,-91.0,11,1.0,748406.0,351.0,-73.0,-74.0,18.0,8155088.0,34750.0,390.0,34743.0,4.0,3,7.0,-33.0,108,94.28371885166202,0.4417648101837182,3.242713004484305,1157,3.38
2026-07-21T14:06:43.744000Z,161,-66,80.0,2.0,3,13.0,0.0031197459320279,2896,48.778,24.504444444444445,30.578000000000003,260,cwpb-13m,1,1.0,46.921,-91.0,11,4.0,4591255.0,234.0,-80.0,-81.0,11.0,7196519.0,14700.0,54.0,14688.0,4.0,2,7.0,-35.0,50,80.47430478664934,33.56277057654076,8.47384813661261,4734,162.489
2026-07-21T14:10:40.173000Z,161,-60,80.0,3.0,3,13.0,0.0017455695443827,2896,13.113,15.843333333333334,28.487,292,cwpb-13m,1,1.0,68.398,-92.0,11,0.0,5473682.0,234.0,-76.0,-76.0,16.0,8060455.0,29156.0,78.0,29156.0,4.0,2,7.0,-41.0,50,134.97560343793722,60.97703046541629,0.1882496369471287,105,142.751
2026-07-21T14:12:19.345000Z,161,-66,80.0,2.0,3,13.0,0.0111202608080026,4344,30.648,9.75111111111111,27.817,195,cwpb-13m,1,1.0,22.617,-91.0,10,1.0,6151107.0,175.5,-79.0,-81.0,12.0,7420107.0,4195.0,26.0,4192.0,4.0,2,7.0,-35.0,51,33.524260165850734,47.10500658606114,0.1324781831563452,63,190.809
2026-07-21T14:12:23.108000Z,161,-53,80.0,1.0,4,13.0,0.0241949255488054,11584,1.889,0.0,11.4,468,cwpb-13m,1,1.0,51.585,-92.0,10,0.0,1104446.0,351.0,-73.0,-74.0,19.0,3663838.0,12215.0,58.5,12214.0,4.0,3,7.0,-31.0,99,38.11351073714898,3.217884343819478,5.209164229371621,2351,4.345
2026-07-21T14:16:15.751000Z,161,-61,80.0,3.0,3,13.0,0.0062569623830384,5792,17.429,19.072222222222223,30.645000000000003,292,cwpb-13m,1,1.0,251.312,-91.0,10,0.0,5662810.0,117.0,-75.0,-76.0,16.0,8239341.0,17704.0,292.5,17701.0,4.0,2,7.0,-41.0,50,77.97506686656672,62.0108838038633,0.1641971930098909,84,175.599
2026-07-21T14:17:55.084000Z,161,-66,80.0,2.0,1,13.0,0.0046871456519505,5792,24.531,18.98444444444445,31.924,195,cwpb-13m,1,1.0,251.312,-92.0,10,2.0,5379389.0,87.8,-81.0,-82.0,11.0,7403453.0,23626.0,292.5,23626.0,4.0,0,7.0,-35.0,38,110.6079568474678,31.986569157392687,0.1759235988941945,84,309.492
2026-07-21T14:18:10.875000Z,161,-60,80.0,1.0,4,13.0,0.0102017954596373,5792,5.158,26.544444444444444,24.641,351,cwpb-13m,1,1.0,434.117,-92.0,11,0.0,5835640.0,351.0,-73.0,-68.0,19.0,3798399.0,11704.0,526.6,11704.0,4.0,3,7.0,-34.0,105,35.78733191010861,99.54295977742778,0.0953635166432042,42,2.439
2026-07-21T14:21:51.456000Z,161,-62,80.0,3.0,3,13.0,0.0009909547186252,1448,36.627,29.78111111111111,39.527,292,cwpb-13m,1,1.0,101.39,-92.0,11,1.0,5327847.0,117.0,-75.0,-76.0,17.0,8078406.0,33716.0,117.0,33714.0,4.0,2,7.0,-41.0,50,124.08935372313844,53.37561897201826,2.045936752770013,1215,140.926
2026-07-21T14:23:30.703000Z,161,-66,80.0,2.0,3,13.0,0.0034992083766022,2896,15.243,30.03333333333333,42.725,195,cwpb-13m,1,1.0,51.585,-91.0,10,4.0,5689495.0,108.0,-81.0,-81.0,10.0,8171539.0,16575.0,58.5,16572.0,4.0,2,7.0,-35.0,45,68.73846867192965,33.482890916303056,0.1388674587255053,63,279.569
2026-07-21T14:23:56.543000Z,161,-54,80.0,1.0,3,13.0,0.0074895297873547,11584,3.378,3.370444444444445,5.9823,243,cwpb-13m,1,1.0,478.125,-92.0,11,0.0,5714566.0,351.0,-73.0,-67.0,19.0,8901472.0,39541.0,585.0,39541.0,4.0,2,7.0,-31.0,101,121.75401884012383,81.87362084252639,0.145072709060136,84,3.521
2026-07-21T14:27:27.003000Z,161,-61,80.0,3.0,3,13.0,0.0269085485588373,18824,52.803,30.83777777777778,39.013000000000005,260,cwpb-13m,1,1.0,51.585,-91.0,10,6.0,5624995.0,263.3,-76.0,-76.0,15.0,8440579.0,26324.0,58.5,26323.0,4.0,2,7.0,-44.0,51,59.53530267892843,51.67198805375809,2.3853849143839123,1166,140.412
2026-07-21T14:29:06.603000Z,161,-69,80.0,2.0,3,13.0,0.0419020344325145,21720,78.145,27.92888888888889,36.56400000000001,195,cwpb-13m,1,1.0,153.406,-92.0,9,3.0,4776384.0,117.0,-80.0,-78.0,12.0,8765102.0,34694.0,175.5,34685.0,4.0,2,7.0,-36.0,46,44.424083133493205,27.87051155410096,0.0927275135779573,42,250.511
2026-07-21T14:29:40.640000Z,161,-54,80.0,1.0,2,13.0,0.0096069243101196,17376,2.269,1.747777777777778,5.215,234,cwpb-13m,1,1.0,153.7,-91.0,11,0.0,5288156.0,351.0,-73.0,-68.0,18.0,8283284.0,26449.0,175.6,26446.0,4.0,1,7.0,-34.0,99,144.94668949889558,74.91325830965175,0.16479959192482,84,4.343
2026-07-21T14:33:02.778000Z,161,-61,80.0,3.0,3,13.0,0.0013520313037824,1448,21.837,19.63444444444444,42.649,292,cwpb-13m,1,1.0,70.953,-90.0,10,6.0,4925917.0,175.5,-75.0,-75.0,15.0,8666172.0,15340.0,81.0,15339.0,4.0,2,7.0,-44.0,51,93.914843662535,41.60032762354794,0.2500833611203734,105,206.777
2026-07-21T14:34:42.085000Z,161,-69,80.0,2.0,4,13.0,0.039779651499484,11584,45.953,11.423333333333334,39.069,195,cwpb-13m,1,1.0,11.726,-92.0,11,3.0,5359344.0,87.8,-80.0,-84.0,12.0,8650597.0,24815.0,13.5,24813.0,4.0,3,7.0,-41.0,50,25.14570743405276,32.24951898734177,2.8245077423054865,1182,234.031
2026-07-21T14:35:25.277000Z,161,-54,80.0,1.0,4,13.0,0.0047682029881089,4344,4.624,10.015555555555554,11.317,351,cwpb-13m,1,1.0,51.492,-91.0,10,0.0,6622348.0,351.0,-72.0,-67.0,18.0,9992081.0,26393.0,58.6,26392.0,4.0,3,7.0,-36.0,91,72.02279534834973,98.27182120495306,0.0,0,3.632
2026-07-21T14:38:38.563000Z,161,-61,80.0,3.0,3,13.0,0.0012229007557256,1448,33.914,11.523333333333332,22.409,292,cwpb-13m,1,1.0,35.468,-91.0,10,1.0,5812422.0,175.5,-75.0,-76.0,16.0,8332868.0,12887.0,40.5,12886.0,4.0,2,7.0,-46.0,45,98.1074706117553,44.64234455445545,0.050156440325778,21,160.972
2026-07-21T14:40:17.872000Z,161,-71,80.0,2.0,4,13.0,0.0191802509115917,5792,100.511,21.666666666666664,38.7,195,cwpb-13m,1,1.0,101.39,-92.0,10,0.0,4190081.0,175.5,-81.0,-85.0,11.0,7815920.0,26479.0,117.0,26474.0,4.0,3,7.0,-42.0,48,25.14822024582792,19.995570398182,0.0840857674828324,42,433.368
2026-07-21T14:41:10.113000Z,161,-62,80.0,1.0,4,13.0,0.0015336342513908,4344,1.77,2.7144444444444447,6.315,351,cwpb-13m,1,1.0,389.406,-92.0,11,0.0,5698085.0,351.0,-74.0,-74.0,18.0,8880465.0,32662.0,468.0,32662.0,3.0,3,7.0,-35.0,108,225.48158887909983,77.84396392663253,2.3881007044602733,1217,2.194
2026-07-21T14:44:14.348000Z,161,-62,80.0,3.0,3,13.0,0.0015592892156714,1448,30.699,20.38666666666667,32.282,292,cwpb-13m,1,1.0,70.953,-91.0,10,3.0,5002049.0,108.0,-77.0,-77.0,15.0,7830723.0,13820.0,81.0,13818.0,3.0,2,7.0,-46.0,45,77.13662528735632,32.55994920634921,0.149992857482977,63,310.513
2026-07-21T14:45:58.762000Z,161,-71,80.0,2.0,3,13.0,0.0386850419903689,14480,35.616,17.482222222222223,25.693,195,cwpb-13m,1,1.0,5.242,-91.0,11,8.0,5884126.0,6.5,-84.0,-85.0,7.0,8082631.0,27786.0,6.0,27780.0,3.0,2,7.0,-43.0,41,31.857595842494504,16.411245231341095,0.0822271819570069,42,366.609
2026-07-21T14:46:54.276000Z,161,-55,80.0,1.0,4,13.0,0.0010632187208027,2896,3.147,6.54,8.5,351,cwpb-13m,1,1.0,227.171,-92.0,10,0.0,5813414.0,585.0,-73.0,-67.0,18.0,8845034.0,31332.0,263.3,31330.0,4.0,3,7.0,-34.0,106,217.59794402877912,76.5936227510115,0.1470142113737661,63,2.674
2026-07-21T15:31:27.673000Z,161,-66,80.0,1.0,4,13.0,0.0020404295185866,5792,3.857,8.102222222222222,9.74,234,cwpb-13m,1,1.0,389.406,-92.0,11,0.0,11637028.0,351.0,-76.0,-71.0,16.0,22472912.0,81376.0,468.0,81365.0,3.0,3,7.0,-31.0,113,227.2845766819227,117.71504393047158,0.051771318689446,21,2.583
2026-07-21T15:32:45.185000Z,161,-78,80.0,3.0,3,13.0,0.0007642059123698,1448,95.621,12.084444444444443,22.114000000000004,130,cwpb-13m,1,1.0,68.398,-91.0,11,0.0,0.0,234.0,-80.0,-80.0,11.0,0.0,0.0,78.0,0.0,3.0,2,7.0,-49.0,39,163.496107946027,73.51293556085919,0.0721624686436892,42,122.348
2026-07-21T15:33:57.899000Z,161,-76,80.0,2.0,3,13.0,0.0227437702945455,31856,23.594,7.226666666666666,28.066000000000003,65,cwpb-13m,1,1.0,51.585,-92.0,10,0.0,0.0,117.0,-82.0,-82.0,10.0,0.0,0.0,58.5,0.0,3.0,2,1.0,-39.0,53,117.37008994603238,59.02476539035306,0.1002498289387839,63,48.201
2026-07-21T15:37:11.983000Z,161,-59,80.0,1.0,4,13.0,0.0013383983659733,4344,1.924,3.74,7.043,351,cwpb-13m,1,1.0,478.125,-92.0,10,0.0,5506935.0,104.0,-74.0,-70.0,18.0,9172748.0,35395.0,585.0,35391.0,4.0,3,7.0,-31.0,117,257.9051201462409,85.99509682353525,0.1959412176347096,84,1.857
2026-07-21T15:38:20.795000Z,161,-65,80.0,3.0,3,13.0,0.0079386875175323,10136,57.85,15.06111111111111,43.129,260,cwpb-13m,1,1.0,76.703,-92.0,10,3.0,6121195.0,87.8,-77.0,-77.0,16.0,8503853.0,29201.0,87.8,29201.0,4.0,2,7.0,-49.0,39,106.49272451019591,60.192365478200415,2.141342632344437,1222,160.64
2026-07-21T15:39:33.881000Z,161,-70,80.0,2.0,3,13.0,0.0018665285641775,2896,62.333,19.491111111111117,41.598,195,cwpb-13m,1,1.0,118.742,-92.0,10,0.0,6365370.0,175.5,-82.0,-82.0,10.0,8200875.0,30527.0,135.0,30526.0,4.0,2,1.0,-42.0,55,129.9324712701109,55.05699227263721,0.1422571467280856,63,170.38
2026-07-21T15:42:56.643000Z,161,-58,80.0,1.0,4,13.0,0.0008527566951728,2896,2.626,2.3844444444444446,5.932,351,cwpb-13m,1,1.0,434.117,-92.0,11,0.0,5112883.0,351.0,-74.0,-70.0,18.0,9549576.0,40670.0,526.6,40669.0,4.0,3,7.0,-33.0,119,270.95221993175954,87.12441974020281,0.1393705098637819,84,4.072
2026-07-21T15:43:56.756000Z,161,-63,80.0,3.0,3,13.0,0.0017227580702492,3160,13.28,14.854444444444445,22.879,260,cwpb-13m,1,1.0,23.46,-91.0,11,4.0,5779254.0,175.5,-79.0,-83.0,12.0,8394017.0,23230.0,27.0,23230.0,4.0,2,7.0,-42.0,55,159.303900049975,63.21498766414644,0.1258741258741259,63,183.495
2026-07-21T15:45:09.583000Z,161,-72,80.0,2.0,2,13.0,0.0050523095474693,4344,23.565,12.166666666666666,26.49,195,cwpb-13m,1,1.0,153.406,-92.0,10,0.0,5333815.0,175.5,-83.0,-83.0,9.0,8557718.0,15757.0,175.5,15752.0,4.0,1,1.0,-42.0,42,72.922551558753,41.40477788746298,0.0487431237379012,21,225.749
2026-07-21T15:48:41.739000Z,161,-59,80.0,1.0,4,13.0,0.0018143569514242,5792,2.112,2.92,4.159,351,cwpb-13m,1,1.0,478.125,-91.0,10,0.0,5358867.0,351.0,-74.0,-71.0,16.0,9539688.0,40960.0,585.0,40958.0,4.0,3,7.0,-28.0,108,254.96955660469317,88.33604310351639,0.1044498972080376,63,2.447
2026-07-21T15:49:32.633000Z,161,-64,80.0,3.0,3,13.0,0.0034080384140533,2896,15.81,32.95555555555556,37.73,292,cwpb-13m,1,1.0,251.312,-92.0,11,1.0,4575362.0,175.5,-78.0,-78.0,13.0,7557603.0,14982.0,292.5,14982.0,4.0,2,7.0,-42.0,55,73.79023430627748,51.71973906125696,2.411684087794301,1179,32.648
2026-07-21T15:50:45.581000Z,161,-70,80.0,2.0,3,13.0,0.0045154481339037,5792,25.448,16.777777777777782,30.05,130,cwpb-13m,1,1.0,46.921,-92.0,11,2.0,5931714.0,175.5,-82.0,-82.0,10.0,7370545.0,28155.0,54.0,28155.0,4.0,2,1.0,-43.0,45,108.73656795293648,48.51248187041807,0.1688962762392429,63,240.027
2026-07-21T15:54:26.591000Z,161,-60,80.0,1.0,4,13.0,0.00089026379174,2896,4.312,26.044444444444444,41.4,216,cwpb-13m,1,1.0,478.125,-91.0,11,0.0,4677633.0,351.0,-74.0,-74.0,18.0,9214060.0,36407.0,585.0,36406.0,4.0,3,36.0,-40.0,116,258.6454826177707,72.33852961872616,2.273434496897366,1242,2.635
2026-07-21T15:55:08.766000Z,161,-61,80.0,3.0,3,13.0,0.0012216607607355,1448,18.156,49.617777777777775,69.044,260,cwpb-13m,1,1.0,101.39,-92.0,10,1.0,5083468.0,117.0,-77.0,-78.0,15.0,6143589.0,19670.0,117.0,19668.0,4.0,2,7.0,-40.0,54,101.45143108445777,48.1327004590292,0.0440500912466175,21,129.59
2026-07-21T15:56:21.796000Z,161,-72,80.0,2.0,2,13.0,0.0025977809783587,2896,13.771,9.655555555555557,28.880000000000003,195,cwpb-13m,1,1.0,227.171,-92.0,10,2.0,5980974.0,87.8,-81.0,-81.0,11.0,8322036.0,22461.0,263.3,22461.0,4.0,1,4.0,-45.0,38,101.43115499150596,43.154690937871,0.1258087706685837,63,369.886
2026-07-21T16:00:10.597000Z,161,-58,80.0,1.0,4,13.0,0.0025418970641229,5792,4.175,54.35111111111112,87.205,351,cwpb-13m,1,1.0,434.117,-92.0,10,0.0,5627551.0,526.6,-74.0,-71.0,18.0,8610456.0,34896.0,526.6,34896.0,4.0,3,7.0,-31.0,112,182.8293543219336,101.25339260863352,0.0739618920156376,42,2.87
2026-07-21T16:00:44.407000Z,161,-60,80.0,3.0,3,13.0,0.0015774639147503,2896,21.496,20.39666666666666,35.913,260,cwpb-13m,1,1.0,101.39,-92.0,9,2.0,4918525.0,175.5,-78.0,-78.0,14.0,7586245.0,23566.0,117.0,23565.0,4.0,2,7.0,-40.0,54,154.2578325004997,45.95559635931935,2.088365798084665,1219,205.896
2026-07-21T16:01:57.223000Z,161,-70,80.0,2.0,3,13.0,0.0059846388208476,5792,72.321,49.65555555555555,56.92,195,cwpb-13m,1,1.0,202.796,-92.0,11,4.0,6146398.0,175.5,-83.0,-84.0,9.0,7011932.0,29942.0,234.0,29939.0,4.0,2,4.0,-46.0,41,82.1344374063343,61.35781279035288,0.1032042461175545,42,47.373
2026-07-21T16:05:55.653000Z,161,-57,80.0,1.0,4,13.0,0.0020433641454795,5792,2.382,2.184444444444445,5.2250000000000005,351,cwpb-13m,1,1.0,434.117,-91.0,10,0.0,5421467.0,650.0,-74.0,-75.0,17.0,8217123.0,31350.0,526.6,31350.0,4.0,3,7.0,-35.0,99,225.8116271640948,108.3851796623647,2.422416154658944,1238,3.723
2026-07-21T16:06:19.814000Z,161,-60,80.0,3.0,3,13.0,0.0042992360958161,5792,40.569,18.91555555555556,32.077,260,cwpb-13m,1,1.0,227.171,-92.0,10,1.0,5848066.0,175.5,-79.0,-79.0,14.0,6336465.0,20712.0,263.3,20711.0,4.0,2,7.0,-35.0,49,120.74765613754498,69.9467636942042,0.0858632321373811,42,134.04
2026-07-21T16:07:32.903000Z,161,-70,80.0,2.0,3,13.0,0.0016828814463482,2896,41.6,17.58777777777778,28.033,195,cwpb-13m,1,1.0,51.585,-92.0,10,5.0,6623864.0,175.5,-84.0,-84.0,8.0,8808673.0,33044.0,58.5,33042.0,4.0,2,4.0,-47.0,50,142.97338463071864,42.91565632742047,0.0695375751254159,42,190.748
2026-07-21T16:11:41.519000Z,161,-57,80.0,1.0,4,13.0,0.0017250753594643,4344,1.704,61.8,64.51,351,cwpb-13m,1,1.0,434.117,-92.0,10,0.0,2541951.0,351.0,-76.0,-77.0,16.0,8087311.0,35709.0,526.6,35708.0,4.0,3,7.0,-29.0,102,200.8707510680656,34.96918383797258,4.419435512683101,1237,2.013
2026-07-21T16:11:55.978000Z,161,-62,80.0,3.0,3,13.0,0.0031358881697232,2896,48.846,41.35111111111111,52.372,260,cwpb-13m,1,1.0,153.406,-89.0,10,0.0,4921918.0,175.5,-78.0,-80.0,11.0,4993521.0,17893.0,175.5,17893.0,4.0,2,7.0,-35.0,49,78.82138664534186,51.80340675944334,0.1800372934393553,84,153.193
2026-07-21T16:13:08.695000Z,161,-69,80.0,2.0,4,13.0,0.0028232428484866,4344,36.78,15.83111111111111,30.461,195,cwpb-13m,1,1.0,46.921,-91.0,11,4.0,5694517.0,234.0,-83.0,-83.0,8.0,8510587.0,35710.0,54.0,35710.0,4.0,3,4.0,-46.0,47,127.4049176658673,52.33571276385875,2.9117625377791976,1185,155.429
2026-07-21T16:17:25.972000Z,161,-57,80.0,1.0,4,13.0,0.0017281127439849,4344,2.203,28.086666666666662,31.689,351,cwpb-13m,1,1.0,251.312,-92.0,10,0.0,926735.0,234.0,-78.0,-77.0,14.0,7855818.0,35005.0,292.5,35005.0,4.0,3,7.0,-32.0,102,193.2587294807461,0.9139064291868322,2.351516083754735,1223,5.786
2026-07-21T16:18:25.506000Z,161,-62,80.0,1.0,4,13.0,0.0014745019359711,4344,3.159,38.5,35.583,176,cwpb-13m,1,1.0,389.406,-91.0,10,0.0,5961327.0,216.0,-76.0,-75.0,15.0,7640086.0,32201.0,468.0,32199.0,3.0,3,7.0,-30.0,88,236.76744171799533,101.1477944494771,0.0824564158944557,42,2.528
2026-07-21T16:19:38.171000Z,161,-75,80.0,3.0,3,13.0,0.0036417672067715,5792,37.038,9.336666666666668,21.371,130,cwpb-13m,1,1.0,202.796,-92.0,12,2.0,7711487.0,108.0,-83.0,-86.0,9.0,14139694.0,49023.0,234.0,49023.0,3.0,2,7.0,-38.0,45,133.29888786727963,52.13360969558164,0.1804309722651819,105,168.063
2026-07-21T16:21:05.553000Z,161,-74,80.0,2.0,4,13.0,0.004864654101928,5792,19.308,43.79,59.639,65,cwpb-13m,1,1.0,251.312,-92.0,10,5.0,6167324.0,175.5,-84.0,-84.0,8.0,7577607.0,27902.0,292.5,27901.0,3.0,3,4.0,-46.0,53,101.43115499150596,52.37153490219442,2.756234879146223,1219,166.505
2026-07-21T16:24:09.793000Z,161,-68,80.0,1.0,4,13.0,0.0460851211308293,73848,3.46,19.926666666666662,41.01,81,cwpb-13m,1,1.0,202.78,-87.0,10,0.0,5489990.0,526.6,-74.0,-75.0,13.0,6718678.0,31235.0,234.0,31228.0,3.0,3,7.0,-37.0,88,128.03731519237465,69.88888395569566,0.3533634969898665,189,2.398
2026-07-21T16:25:14Z,161,-63,80.0,3.0,3,13.0,0.0014632099503773,2896,74.081,14.19222222222222,30.80700000000001,292,cwpb-13m,1,1.0,227.171,-92.0,10,2.0,5184164.0,175.5,-78.0,-79.0,14.0,7937950.0,23710.0,263.3,23709.0,3.0,2,7.0,-38.0,45,161.8192247876062,46.71155432635322,0.0393037619314991,21,36.129
2026-07-21T16:26:41.435000Z,161,-69,80.0,2.0,4,13.0,0.0114982584721382,10136,13.347,19.19888888888889,33.840999999999994,195,cwpb-13m,1,1.0,202.796,-92.0,10,5.0,4292415.0,175.5,-84.0,-84.0,8.0,7240405.0,24464.0,234.0,24464.0,3.0,3,4.0,-47.0,43,75.43712230215827,25.3108143438959,0.0785310945738753,42,365.242
2026-07-21T16:29:53.645000Z,161,-57,80.0,1.0,4,13.0,0.0059153204371566,10136,2.09,5.128888888888889,6.82,351,cwpb-13m,1,1.0,478.125,-92.0,11,0.0,4680809.0,351.0,-74.0,-71.0,18.0,8986078.0,32844.0,585.0,32844.0,4.0,3,7.0,-31.0,103,137.59813891850408,87.2207906498398,0.1066513179055712,63,3.295
2026-07-21T16:30:49.486000Z,161,-60,80.0,3.0,3,13.0,0.0009285069643921,1448,31.024,11.09,23.499,292,cwpb-13m,1,1.0,153.406,-91.0,10,0.0,6220532.0,175.5,-78.0,-78.0,14.0,8871570.0,25683.0,175.5,25683.0,4.0,2,7.0,-38.0,40,138.3566893242703,69.38416453055142,0.0723003563374705,42,161.823
2026-07-21T16:32:17.014000Z,161,-70,80.0,2.0,4,13.0,0.0028072596043563,4344,35.791,11.946666666666664,32.56400000000001,260,cwpb-13m,1,1.0,76.703,-92.0,10,3.0,5990175.0,175.5,-83.0,-84.0,9.0,7502163.0,28147.0,87.8,28146.0,4.0,3,4.0,-46.0,48,134.1104396482814,41.55560429082241,2.6151985043440007,1189,210.378
2026-07-21T16:35:39.016000Z,161,-58,80.0,1.0,4,13.0,0.0018145441023106,4344,2.093,32.76,26.761,351,cwpb-13m,1,1.0,202.78,-91.0,10,0.0,5136046.0,351.0,-75.0,-72.0,16.0,9754994.0,42092.0,234.0,42090.0,4.0,3,7.0,-34.0,106,187.67150052902116,93.62770513078308,2.793740606489258,1264,3.014
2026-07-21T16:36:25.253000Z,161,-61,80.0,3.0,3,13.0,0.007967139116549,7240,41.518,13.770000000000003,28.544,292,cwpb-13m,1,1.0,202.796,-90.0,10,3.0,2979842.0,121.5,-74.0,-76.0,16.0,4299406.0,13265.0,234.0,13265.0,4.0,2,7.0,-38.0,40,78.81350844577712,27.230382057839854,2.485260399606944,1214,374.497
2026-07-21T16:37:52.897000Z,161,-69,80.0,2.0,2,13.0,0.0179676538552331,7240,31.547,109.09666666666666,86.203,195,cwpb-13m,1,1.0,11.726,-91.0,11,3.0,6152180.0,175.5,-83.0,-85.0,8.0,7138780.0,18567.0,13.5,18567.0,4.0,1,4.0,-44.0,46,38.5567513988809,41.73126937926938,0.1094205919132972,42,185.952
2026-07-21T16:41:24.065000Z,161,-62,80.0,1.0,4,13.0,0.080702819236629,111496,4.039,2.752222222222222,5.861,468,cwpb-13m,1,1.0,478.125,-91.0,11,0.0,3790149.0,526.6,-75.0,-71.0,16.0,5666502.0,20240.0,585.0,20240.0,3.0,3,7.0,-34.0,93,108.92467323463622,77.53629022258664,4.015962393682679,2375,5.266
2026-07-21T16:42:04.333000Z,161,-63,80.0,3.0,3,13.0,0.0013953833856325,2896,42.632,11.584444444444443,23.514,292,cwpb-13m,1,1.0,101.39,-91.0,11,2.0,6190632.0,81.0,-75.0,-76.0,16.0,8118217.0,24340.0,117.0,24340.0,3.0,2,7.0,-37.0,46,171.86334599240456,82.68639825206078,0.1674707922963435,84,88.942
2026-07-21T16:43:28.507000Z,161,-72,80.0,2.0,4,13.0,0.0056208422071215,4344,27.656,10.890000000000002,23.449,130,cwpb-13m,1,1.0,11.726,-92.0,11,2.0,4924376.0,87.8,-82.0,-85.0,10.0,8836458.0,19320.0,13.5,19318.0,3.0,3,4.0,-44.0,33,65.37883932853717,34.61641796371568,0.1504190244251844,63,315.517
2026-07-21T16:47:08.038000Z,161,-58,80.0,1.0,4,13.0,0.0063909367618837,14480,2.195,1.3866666666666667,3.568,351,cwpb-13m,1,1.0,478.125,-92.0,11,0.0,4832200.0,117.0,-74.0,-73.0,17.0,8925063.0,34239.0,585.0,34238.0,4.0,3,7.0,-30.0,106,177.96210569135218,84.50419769407578,0.1576014559372596,84,2.495
2026-07-21T16:49:04.318000Z,161,-74,80.0,2.0,3,13.0,0.0063914392850345,4344,34.889,15.774444444444445,30.073,195,cwpb-13m,1,1.0,25.343,-91.0,11,4.0,5000277.0,87.8,-83.0,-83.0,8.0,8412263.0,15015.0,29.3,15015.0,4.0,2,4.0,-44.0,46,57.84090656540422,35.41856711111111,2.315435570053433,1157,274.307
2026-07-21T16:52:52.238000Z,161,-58,80.0,1.0,4,13.0,0.0028975465016992,7240,1.732,2.1222222222222222,6.2940000000000005,351,cwpb-13m,1,1.0,478.125,-92.0,12,0.0,4817324.0,351.0,-75.0,-71.0,17.0,9447266.0,42601.0,585.0,42596.0,4.0,3,7.0,-32.0,107,199.98182687963583,68.71115036417753,4.903268161582176,2390,2.762
2026-07-21T16:53:15.262000Z,161,-62,80.0,3.0,3,13.0,0.0035455402857362,5792,12.753,23.488,29.03,260,cwpb-13m,1,1.0,251.312,-91.0,11,2.0,5257043.0,175.5,-77.0,-78.0,14.0,7305631.0,23969.0,292.5,23969.0,4.0,2,7.0,-37.0,46,135.82753583208395,45.14803127783826,0.0785296262363741,42,237.059
2026-07-21T16:54:40.087000Z,161,-69,80.0,2.0,2,13.0,0.0077409581723811,8688,26.576,12.622222222222222,32.690000000000005,195,cwpb-13m,1,1.0,70.953,-91.0,11,3.0,5871132.0,121.5,-81.0,-81.0,10.0,8758354.0,36036.0,81.0,36031.0,4.0,1,4.0,-44.0,35,94.72496292595184,33.17039709205226,0.0475446580180669,21,336.371
2026-07-21T16:58:38.195000Z,161,-56,80.0,1.0,4,13.0,0.0065878556520753,5792,1.905,9.522222222222222,17.44,351,cwpb-13m,1,1.0,202.796,-90.0,11,0.0,3973009.0,526.6,-75.0,-70.0,15.0,8760690.0,43187.0,234.0,43185.0,4.0,3,7.0,-28.0,94,69.6486957676469,69.19462759295449,0.2411783284044905,84,2.52
2026-07-21T17:00:15.759000Z,161,-70,80.0,2.0,1,13.0,0.012974953179057,7240,26.739,31.460000000000004,30.901,260,cwpb-13m,1,1.0,93.851,-91.0,10,2.0,5930214.0,87.8,-82.0,-82.0,10.0,8618933.0,25592.0,108.0,25592.0,4.0,0,4.0,-41.0,35,48.615034372502,41.69702753752858,2.7951927211823557,1235,177.473
2026-07-21T17:04:22.406000Z,161,-63,80.0,1.0,4,13.0,0.0446385886845256,18824,2.362,23.78333333333333,15.114999999999998,234,cwpb-13m,1,1.0,11.726,-92.0,10,0.0,5095236.0,162.0,-74.0,-77.0,18.0,8872447.0,35270.0,13.5,35261.0,3.0,3,7.0,-36.0,101,33.91039270447292,55.99324170674899,0.2384358607534573,105,2.031
2026-07-21T17:05:34.839000Z,161,-61,80.0,3.0,3,13.0,0.0019468740033699,2896,62.212,10.533333333333331,21.5,260,cwpb-13m,1,1.0,153.406,-92.0,11,1.0,5237842.0,150.0,-80.0,-82.0,12.0,8349930.0,13944.0,175.5,13944.0,3.0,2,7.0,-37.0,40,125.76623688155922,56.59543049905744,0.2637307434695244,126,238.675
2026-07-21T17:10:06.302000Z,161,-63,80.0,1.0,4,13.0,0.0034724095716682,5792,2.589,2.8833333333333337,4.836,234,cwpb-13m,1,1.0,202.78,-92.0,12,0.0,6814922.0,243.0,-74.0,-72.0,18.0,10226935.0,51086.0,234.0,51085.0,3.0,3,7.0,-38.0,97,132.73207715737252,110.68150423238596,0.0362957585813543,21,2.801
2026-07-21T17:11:31.210000Z,161,-59,80.0,3.0,3,13.0,0.008819477136567,10136,9.268,26.428888888888885,37.124,292,cwpb-13m,1,1.0,202.796,-92.0,11,1.0,6297274.0,234.0,-79.0,-79.0,13.0,8162806.0,30986.0,234.0,30986.0,3.0,2,7.0,-37.0,40,98.1074706117553,76.49345222929936,0.2001970192888239,63,106.893
2026-07-21T17:13:02.552000Z,161,-69,80.0,2.0,4,13.0,0.0064244865934541,5792,42.173,11.711111111111112,27.03,130,cwpb-13m,1,1.0,251.312,-92.0,10,0.0,0.0,81.0,-82.0,-82.0,10.0,0.0,0.0,292.5,0.0,3.0,3,4.0,-43.0,47,82.1344374063343,48.37660879055462,0.086081449447644,42,156.045
2026-07-21T17:15:50.144000Z,161,-60,80.0,1.0,4,13.0,0.0119977254509445,20272,2.481,2.355555555555556,4.016,351,cwpb-13m,1,1.0,202.78,-92.0,10,0.0,4905246.0,351.0,-73.0,-71.0,19.0,9119862.0,44083.0,234.0,44075.0,4.0,3,11.0,-40.0,99,135.4447950676479,88.23084466552693,3.940060954961056,2327,2.818
2026-07-21T17:17:06.814000Z,161,-61,80.0,3.0,3,13.0,0.0042339787909241,5792,35.281,22.544444444444444,48.93,292,cwpb-13m,1,1.0,76.703,-91.0,11,2.0,6444624.0,121.5,-77.0,-79.0,14.0,7995756.0,24138.0,87.8,24138.0,4.0,2,7.0,-37.0,52,114.86649635182408,69.94670160810006,2.390145247288104,1170,106.451
